Date,SP500,VIX,ret
2012-01-03,1277.06005859375,22.97,1.535548367017725
2012-01-04,1277.300048828125,22.22,0.018790634443721643
2012-01-05,1281.06005859375,21.48,0.29393926694947226
2012-01-06,1277.81005859375,20.63,-0.25401850025392747
2012-01-09,1280.699951171875,21.07,0.22590443626082646
2012-01-10,1292.0799560546875,20.69,0.8846523613060597
2012-01-11,1292.47998046875,21.05,0.030954934463256478
2012-01-12,1295.5,20.47,0.23338827385686045
2012-01-13,1289.0899658203125,20.91,-0.4960204447868932
2012-01-17,1293.6700439453125,22.2,0.35466577681741995
2012-01-18,1308.0400390625,20.89,1.1046689130221665
2012-01-19,1314.5,19.87,0.49265017172448466
2012-01-20,1315.3800048828125,18.28,0.06692357932855941
2012-01-23,1316.0,18.67,0.047123192204079345
2012-01-24,1314.6500244140625,18.91,-0.10263438252238188
2012-01-25,1326.06005859375,18.31,0.8641694717195669
2012-01-26,1318.4300537109375,18.57,-0.577050828798864
2012-01-27,1316.3299560546875,18.53,-0.15941475452905252
2012-01-30,1313.010009765625,19.4,-0.25253090863452954
2012-01-31,1312.4100341796875,19.44,-0.04570511280785894
2012-02-01,1324.0899658203125,18.55,0.8860237474266341
2012-02-02,1325.5400390625,17.98,0.1094547830667203
2012-02-03,1344.9000244140625,17.1,1.4499725948107667
2012-02-06,1344.3299560546875,17.76,-0.04239640135317302
2012-02-07,1347.050048828125,17.65,0.20213375254707344
2012-02-08,1349.9599609375,18.16,0.21578809333249183
2012-02-09,1351.949951171875,18.63,0.14730251258781024
2012-02-10,1342.6400146484375,20.79,-0.6910122643615679
2012-02-13,1351.77001953125,19.04,0.6777023326496767
2012-02-14,1350.5,19.54,-0.09399650039254581
2012-02-15,1343.22998046875,21.14,-0.5397747536216357
2012-02-16,1358.0400390625,19.22,1.096536583327623
2012-02-17,1361.22998046875,17.78,0.23461758829403934
2012-02-21,1362.2099609375,18.19,0.0719663757696054
2012-02-22,1357.6600341796875,18.19,-0.33456974121452987
2012-02-23,1363.4599609375,16.8,0.4262903180605626
2012-02-24,1365.739990234375,17.31,0.16708411755086416
2012-02-27,1367.5899658203125,18.19,0.13536425518791972
2012-02-28,1372.1800537109375,17.96,0.3350713492315194
2012-02-29,1365.6800537109375,18.43,-0.47482427569534025
2012-03-01,1374.0899658203125,17.26,0.6139156544533009
2012-03-02,1369.6300048828125,17.29,-0.32510350278585065
2012-03-05,1364.3299560546875,18.05,-0.3877200502821587
2012-03-06,1343.3599853515625,20.87,-1.5489506127543962
2012-03-07,1352.6300048828125,19.07,0.6876921722994034
2012-03-08,1365.9100341796875,17.95,0.9770049174722573
2012-03-09,1370.8699951171875,17.11,0.36246730207318834
2012-03-12,1371.0899658203125,15.64,0.01604477867873655
2012-03-13,1395.949951171875,14.8,1.7969133090434575
2012-03-14,1394.280029296875,15.31,-0.11969780885960901
2012-03-15,1402.5999755859375,15.42,0.5949465701560186
2012-03-16,1404.1700439453125,14.47,0.1118772476700336
2012-03-19,1409.75,15.04,0.3965971514070965
2012-03-20,1405.52001953125,15.58,-0.3005028734389903
2012-03-21,1402.8900146484375,15.13,-0.18729499037748454
2012-03-22,1392.780029296875,15.57,-0.7232634226897794
2012-03-23,1397.1099853515625,14.82,0.31040360075564877
2012-03-26,1416.510009765625,14.26,1.3790299964088426
2012-03-27,1412.52001953125,15.59,-0.2820749754246066
2012-03-28,1405.5400390625,15.47,-0.4953758683289067
2012-03-29,1403.280029296875,15.48,-0.16092239433875832
2012-03-30,1408.469970703125,15.5,0.36916136216209594
2012-04-02,1419.0400390625,15.64,0.7476626120983099
2012-04-03,1413.3800048828125,15.66,-0.3996611820141993
2012-04-04,1398.9599609375,16.44,-1.0254926852537594
2012-04-05,1398.0799560546875,16.7,-0.06292401524214952
2012-04-09,1382.199951171875,18.81,-1.1423437999542152
2012-04-10,1358.5899658203125,20.39,-1.722902527718606
2012-04-11,1368.7099609375,20.02,0.7421289800123354
2012-04-12,1387.5699462890625,17.2,1.3685315235976603
2012-04-13,1370.260009765625,19.55,-1.255346712505645
2012-04-16,1369.5699462890625,19.55,-0.0503727240173113
2012-04-17,1390.780029296875,18.46,1.5367979157954181
2012-04-18,1385.1400146484375,18.64,-0.4063533761746285
2012-04-19,1376.9200439453125,18.36,-0.5952075477202001
2012-04-20,1378.530029296875,17.44,0.11685826213376771
2012-04-23,1366.93994140625,18.97,-0.84431131028877
2012-04-24,1371.969970703125,18.1,0.3673019641628805
2012-04-25,1390.68994140625,16.82,1.3552342898741188
2012-04-26,1399.97998046875,16.24,0.6657952133507727
2012-04-27,1403.3599853515625,16.32,0.24114139290238867
2012-04-30,1397.9100341796875,17.15,-0.3891062275370061
2012-05-01,1405.8199462890625,16.6,0.5642435719684258
2012-05-02,1402.31005859375,16.88,-0.24998055766589644
2012-05-03,1391.5699462890625,17.56,-0.7688351103507074
2012-05-04,1369.0999755859375,19.16,-1.6278995721589418
2012-05-07,1369.5799560546875,18.94,0.035051958289678
2012-05-08,1363.719970703125,19.05,-0.42878531349686
2012-05-09,1354.5799560546875,20.08,-0.6724827531781941
2012-05-10,1357.989990234375,18.83,0.25142474063848397
2012-05-11,1353.3900146484375,19.89,-0.33930913342814506
2012-05-14,1338.3499755859375,21.87,-1.1175073102339006
2012-05-15,1330.6600341796875,21.97,-0.5762408276502207
2012-05-16,1324.800048828125,22.27,-0.4413543928947661
2012-05-17,1304.8599853515625,24.49,-1.5165797405604309
2012-05-18,1295.219970703125,25.1,-0.7415201826755258
2012-05-21,1315.989990234375,22.01,1.5908684395839146
2012-05-22,1316.6300048828125,22.48,0.04862187951424346
2012-05-23,1318.8599853515625,22.33,0.16922705145487882
2012-05-24,1320.6800537109375,21.54,0.13790801585873425
2012-05-25,1317.8199462890625,21.76,-0.21679807027599196
2012-05-29,1332.4200439453125,21.03,1.101805527882771
2012-05-30,1313.3199462890625,24.14,-1.443862930479689
2012-05-31,1310.3299560546875,24.06,-0.22792610600435026
2012-06-01,1278.0400390625,26.66,-2.495129541436114
2012-06-04,1278.1800537109375,26.12,0.010954819498731894
2012-06-05,1285.5,24.68,0.5710514594359672
2012-06-06,1315.1300048828125,22.16,2.278777604804816
2012-06-07,1314.989990234375,21.72,-0.010647016016740452
2012-06-08,1325.6600341796875,21.23,0.8081420799989303
2012-06-11,1308.9300537109375,23.56,-1.2700423815401152
2012-06-12,1324.1800537109375,22.09,1.1583389901240082
2012-06-13,1314.8800048828125,24.27,-0.7048030071103994
2012-06-14,1329.0999755859375,21.68,1.075659264986939
2012-06-15,1342.8399658203125,21.11,1.0284745652146654
2012-06-18,1344.780029296875,18.32,0.14437039589356715
2012-06-19,1357.97998046875,18.38,0.976783441761242
2012-06-20,1355.68994140625,17.24,-0.16877805127712975
2012-06-21,1325.510009765625,20.08,-2.251320818337632
2012-06-22,1335.02001953125,18.11,0.7148989234504022
2012-06-25,1313.719970703125,20.38,-1.6083502390602966
2012-06-26,1319.989990234375,19.72,0.4761368161021018
2012-06-27,1331.8499755859375,19.45,0.894478141961752
2012-06-28,1329.0400390625,19.71,-0.21120283457669586
2012-06-29,1362.1600341796875,17.08,2.461479373492015
2012-07-02,1365.510009765625,16.8,0.24562921587065745
2012-07-03,1374.02001953125,16.66,0.6212771568424813
2012-07-05,1367.5799560546875,17.5,-0.4698041566321365
2012-07-06,1354.6800537109375,17.1,-0.9477418655581715
2012-07-09,1352.4599609375,17.98,-0.16401761705182594
2012-07-10,1341.469970703125,18.72,-0.8159121789590884
2012-07-11,1341.449951171875,17.95,-0.001492368899036478
2012-07-12,1334.760009765625,18.33,-0.4999574352459568
2012-07-13,1356.780029296875,16.74,1.6362759247573244
2012-07-16,1353.6400146484375,17.11,-0.2316995891620266
2012-07-17,1363.6700439453125,16.48,0.7382355809911978
2012-07-18,1372.780029296875,16.16,0.6658275330084784
2012-07-19,1376.510009765625,15.45,0.27134152485110974
2012-07-20,1362.6600341796875,16.27,-1.0112620534168393
2012-07-23,1350.52001953125,18.62,-0.8948979003707613
2012-07-24,1338.31005859375,20.47,-0.9082050192423807
2012-07-25,1337.8900146484375,19.34,-0.031391072211839344
2012-07-26,1360.02001953125,17.53,1.6405662864951154
2012-07-27,1385.969970703125,16.7,1.8900814490450557
2012-07-30,1385.300048828125,18.03,-0.048347644461088635
2012-07-31,1379.3199462890625,18.93,-0.4326172766219827
2012-08-01,1375.3199462890625,18.96,-0.29041929017452617
2012-08-02,1365.0,17.57,-0.7531963624136218
2012-08-03,1390.989990234375,15.64,1.8861288185302527
2012-08-06,1394.22998046875,15.95,0.23265607240574582
2012-08-07,1401.3499755859375,15.99,0.50937627425931
2012-08-08,1402.219970703125,15.32,0.06206338074532525
2012-08-09,1402.800048828125,15.28,0.04135999951726532
2012-08-10,1405.8699951171875,14.74,0.21860506671051994
2012-08-13,1404.1099853515625,13.7,-0.12526850781942045
2012-08-14,1403.9300537109375,14.85,-0.012815461202020373
2012-08-15,1405.530029296875,14.63,0.113899162944886
2012-08-16,1415.510009765625,14.29,0.7075420387505638
2012-08-17,1418.1600341796875,13.45,0.18703837394768996
2012-08-20,1418.1300048828125,14.02,-0.002117505365362149
2012-08-21,1413.1700439453125,15.02,-0.35036668144439176
2012-08-22,1413.489990234375,15.11,0.022637762345656398
2012-08-23,1402.0799560546875,15.96,-0.8104999597722262
2012-08-24,1411.1300048828125,15.18,0.643398834326181
2012-08-27,1410.43994140625,16.35,-0.04891344205226744
2012-08-28,1409.300048828125,16.49,-0.08085090427956132
2012-08-29,1410.489990234375,17.06,0.08439929642989341
2012-08-30,1399.47998046875,17.83,-0.7836429729673355
2012-08-31,1406.5799560546875,17.47,0.5060469767645515
2012-09-04,1404.93994140625,17.98,-0.11666393226885674
2012-09-05,1403.43994140625,17.74,-0.10682316532886205
2012-09-06,1432.1199951171875,15.6,2.022953661200688
2012-09-07,1437.9200439453125,14.38,0.40417949889430815
2012-09-10,1429.0799560546875,16.28,-0.6166805654652663
2012-09-11,1433.56005859375,16.41,0.3130052101452563
2012-09-12,1436.56005859375,15.8,0.2090505602597048
2012-09-13,1459.989990234375,14.05,1.6178172153844095
2012-09-14,1465.77001953125,14.51,0.3951135292808772
2012-09-17,1461.18994140625,14.59,-0.3129582860266211
2012-09-18,1459.3199462890625,14.18,-0.12805951321173126
2012-09-19,1461.050048828125,13.88,0.11848517443748818
2012-09-20,1460.260009765625,14.07,-0.054087999282170784
2012-09-21,1460.1500244140625,13.98,-0.007532185571701433
2012-09-24,1456.8900146484375,14.15,-0.22351500693797988
2012-09-25,1441.5899658203125,15.43,-1.0557389418567986
2012-09-26,1433.3199462890625,16.81,-0.5753253211740805
2012-09-27,1447.1500244140625,14.84,0.9602727708234227
2012-09-28,1440.6700439453125,15.73,-0.4487808236766533
2012-10-01,1444.489990234375,16.32,0.264799766799495
2012-10-02,1445.75,15.71,0.0871906727265781
2012-10-03,1450.989990234375,15.43,0.3617857293033211
2012-10-04,1461.4000244140625,14.55,0.714882173169773
2012-10-05,1460.9300537109375,14.33,-0.03216410840751749
2012-10-08,1455.8800048828125,15.11,-0.3462723847428961
2012-10-09,1441.47998046875,16.37,-0.9940182135141917
2012-10-10,1432.56005859375,16.29,-0.6207255566481606
2012-10-11,1432.8399658203125,15.59,0.01953704369848097
2012-10-12,1428.5899658203125,16.14,-0.2970544956016674
2012-10-15,1440.1300048828125,15.27,0.804547075266715
2012-10-16,1454.9200439453125,15.22,1.0217555817170876
2012-10-17,1460.9100341796875,15.07,0.4108606125954317
2012-10-18,1457.3399658203125,15.03,-0.24467198768949316
2012-10-19,1433.18994140625,17.06,-1.6710144600035726
2012-10-22,1433.8199462890625,16.62,0.043948567855078835
2012-10-23,1413.1099853515625,18.83,-1.454923497073768
2012-10-24,1408.75,18.33,-0.30901524835877936
2012-10-25,1412.969970703125,18.12,0.29910649483948504
2012-10-26,1411.93994140625,17.81,-0.07292475686444533
2012-10-31,1412.1600341796875,18.6,0.015586755128005336
2012-11-01,1427.5899658203125,16.69,1.0867212600985887
2012-11-02,1414.199951171875,17.59,-0.9423718242891788
2012-11-05,1417.260009765625,18.42,0.21614713450572864
2012-11-06,1428.3900146484375,17.58,0.7822509122727084
2012-11-07,1394.530029296875,19.08,-2.3990484179204685
2012-11-08,1377.510009765625,18.49,-1.2279933313509517
2012-11-09,1379.8499755859375,18.61,0.16972512798218986
2012-11-12,1380.030029296875,16.68,0.013047937654864228
2012-11-13,1374.530029296875,16.65,-0.39933834747456487
2012-11-14,1355.489990234375,17.92,-1.3948870444327355
2012-11-15,1353.3299560546875,17.99,-0.15948159570164933
2012-11-16,1359.8800048828125,16.41,0.4828274735175775
2012-11-19,1386.8900146484375,15.24,1.9667376739547215
2012-11-20,1387.81005859375,15.08,0.06631664358280887
2012-11-21,1391.030029296875,15.31,0.2317493660971337
2012-11-23,1409.1500244140625,15.14,1.2942202068968456
2012-11-26,1406.2900390625,15.5,-0.20316442693264491
2012-11-27,1398.93994140625,15.92,-0.5240293685227826
2012-11-28,1409.9300537109375,15.51,0.7825330760125482
2012-11-29,1415.949951171875,15.06,0.42605535668815975
2012-11-30,1416.1800537109375,15.87,0.016249433406834157
2012-12-03,1409.4599609375,16.64,-0.4756519166260631
2012-12-04,1407.050048828125,17.12,-0.17112757910542342
2012-12-05,1409.280029296875,16.46,0.15836076545872046
2012-12-06,1413.93994140625,16.58,0.3301135858709614
2012-12-07,1418.0699462890625,15.9,0.29166619993503673
2012-12-10,1418.550048828125,16.05,0.03385032499760854
2012-12-11,1427.8399658203125,15.57,0.6527531315292379
2012-12-12,1428.47998046875,15.95,0.04481393339572648
2012-12-13,1419.449951171875,16.56,-0.634148997700823
2012-12-14,1413.5799560546875,17.0,-0.41439756794918736
2012-12-17,1430.3599853515625,16.34,1.1800688037810758
2012-12-18,1446.7900390625,15.57,1.1421185666775635
2012-12-19,1435.81005859375,17.36,-0.7618145562821255
2012-12-20,1443.68994140625,17.67,0.5473104693568764
2012-12-21,1430.1500244140625,17.84,-0.9422944450144577
2012-12-24,1426.6600341796875,17.84,-0.24432789712660608
2012-12-26,1419.8299560546875,19.48,-0.479895678992559
2012-12-27,1418.0999755859375,19.47,-0.12191849162670465
2012-12-28,1402.4300537109375,22.72,-1.1111445674961473
2012-12-31,1426.18994140625,18.02,1.680002726988583
2013-01-02,1462.4200439453125,14.68,2.5086115958697697
2013-01-03,1459.3699951171875,14.56,-0.20877954235247742
2013-01-04,1466.469970703125,13.83,0.4853299978980985
2013-01-07,1461.8900146484375,13.79,-0.3128003259122103
2013-01-08,1457.1500244140625,13.62,-0.32476391807332305
2013-01-09,1461.02001953125,13.81,0.26523453586815293
2013-01-10,1472.1199951171875,13.49,0.7568700109210624
2013-01-11,1472.050048828125,13.36,-0.004751511497769201
2013-01-14,1470.6800537109375,13.52,-0.0931104904918989
2013-01-15,1472.3399658203125,13.55,0.11280332953038652
2013-01-16,1472.6300048828125,13.42,0.01969725099559838
2013-01-17,1480.93994140625,13.57,0.5627060541354645
2013-01-18,1485.97998046875,12.46,0.33974923781512345
2013-01-22,1492.56005859375,12.43,0.4418331627712213
2013-01-23,1494.81005859375,12.46,0.15063419242924425
2013-01-24,1494.8199462890625,12.69,0.0006614661544723788
2013-01-25,1502.9599609375,12.89,0.5430708661868344
2013-01-28,1500.1800537109375,13.57,-0.18513342747921158
2013-01-29,1507.8399658203125,13.31,0.5093003781205141
2013-01-30,1501.9599609375,14.32,-0.3907244671752075
2013-01-31,1498.1099853515625,14.28,-0.25665919583923724
2013-02-01,1513.1700439453125,12.9,1.0002513224010023
2013-02-04,1495.7099609375,14.67,-1.1605832709651764
2013-02-05,1511.2900390625,13.72,1.0362632222059354
2013-02-06,1512.1199951171875,13.41,0.05490198591342477
2013-02-07,1509.3900146484375,13.5,-0.18070310558568892
2013-02-08,1517.9300537109375,13.02,0.5641994585043442
2013-02-11,1517.010009765625,12.94,-0.06063012476387186
2013-02-12,1519.4300537109375,12.64,0.15940011376045504
2013-02-13,1520.3299560546875,12.98,0.059208777479113905
2013-02-14,1521.3800048828125,12.66,0.06904332650528033
2013-02-15,1519.7900390625,12.46,-0.10456277960129157
2013-02-19,1530.93994140625,12.31,0.7309694441360648
2013-02-20,1511.949951171875,14.68,-1.248171143000576
2013-02-21,1502.4200439453125,15.22,-0.6323005465665332
2013-02-22,1515.5999755859375,14.17,0.8734213386774492
2013-02-25,1487.8499755859375,18.99,-1.847927558477469
2013-02-26,1496.93994140625,16.87,0.6090876862567818
2013-02-27,1515.989990234375,14.73,1.2645699119019582
2013-02-28,1514.6800537109375,15.51,-0.08644534614576926
2013-03-01,1518.199951171875,15.36,0.23211594495267107
2013-03-04,1525.199951171875,14.01,0.4600126548350403
2013-03-05,1539.7900390625,13.48,0.9520551872499894
2013-03-06,1541.4599609375,13.53,0.10839250554139923
2013-03-07,1544.260009765625,13.06,0.18148436172067406
2013-03-08,1551.1800537109375,12.59,0.44711287129546307
2013-03-11,1556.219970703125,11.56,0.3243818865874104
2013-03-12,1552.47998046875,12.27,-0.24061453968018398
2013-03-13,1554.52001953125,11.83,0.13131891571704912
2013-03-14,1563.22998046875,11.3,0.5587352158972436
2013-03-15,1560.699951171875,11.3,-0.16197737499892284
2013-03-18,1552.0999755859375,13.36,-0.5525570335024099
2013-03-19,1548.3399658203125,14.39,-0.24254697268757397
2013-03-20,1558.7099609375,12.67,0.6675163815817342
2013-03-21,1545.800048828125,13.99,-0.831692375600479
2013-03-22,1556.8900146484375,13.57,0.7148643803299493
2013-03-25,1551.68994140625,13.74,-0.33456293009468396
2013-03-26,1563.77001953125,12.77,0.7754963194635422
2013-03-27,1562.8499755859375,13.15,-0.05885230525652929
2013-03-28,1569.18994140625,12.7,0.40484633961916927
2013-04-01,1562.1700439453125,13.58,-0.4483616865356588
2013-04-02,1570.25,12.78,0.5158933898854023
2013-04-03,1553.68994140625,14.21,-1.0602133218841736
2013-04-04,1559.97998046875,13.89,0.404027901273718
2013-04-05,1553.280029296875,13.92,-0.4304145168907425
2013-04-08,1563.0699462890625,13.19,0.6282958765271296
2013-04-09,1568.6099853515625,12.84,0.35380658065768955
2013-04-10,1587.72998046875,12.36,1.2115443329548725
2013-04-11,1593.3699951171875,12.24,0.3545956179577203
2013-04-12,1588.8499755859375,12.06,-0.2840798318548998
2013-04-15,1552.3599853515625,17.27,-2.323412455036511
2013-04-16,1574.5699462890625,13.96,1.420584082806453
2013-04-17,1552.010009765625,16.51,-1.4431313685983937
2013-04-18,1541.6099853515625,17.56,-0.6723555969544215
2013-04-19,1555.25,14.97,0.8808989051054539
2013-04-22,1562.5,14.39,0.465079821542691
2013-04-23,1578.780029296875,13.48,1.0365312805553195
2013-04-24,1578.7900390625,13.61,0.0006340170072505202
2013-04-25,1585.1600341796875,13.62,0.40266145649914264
2013-04-26,1582.239990234375,13.61,-0.1843811801517603
2013-04-29,1593.6099853515625,13.71,0.7160315369406867
2013-04-30,1597.5699462890625,13.52,0.24818174185821107
2013-05-01,1582.699951171875,14.49,-0.9351472649563597
2013-05-02,1597.5899658203125,13.59,0.9364003810320654
2013-05-03,1614.4200439453125,12.85,1.0479563948170068
2013-05-06,1617.5,12.66,0.19059611284841793
2013-05-07,1625.9599609375,12.83,0.5216639159836944
2013-05-08,1632.68994140625,12.66,0.4130538866697009
2013-05-09,1626.6700439453125,13.13,-0.3693918028773169
2013-05-10,1633.699951171875,12.59,0.431234377158507
2013-05-13,1633.77001953125,12.55,0.004288844886968235
2013-05-14,1650.3399658203125,12.77,1.0091066969150297
2013-05-15,1658.780029296875,12.81,0.5101103490210868
2013-05-16,1650.469970703125,13.07,-0.5022331985411022
2013-05-17,1667.469970703125,12.45,1.024741198656276
2013-05-20,1666.2900390625,13.02,-0.07078684047074901
2013-05-21,1669.1600341796875,13.37,0.17209046830028996
2013-05-22,1655.3499755859375,13.82,-0.8308074265778842
2013-05-23,1650.510009765625,14.07,-0.29281151046065546
2013-05-24,1649.5999755859375,13.99,-0.05515174989882965
2013-05-28,1660.06005859375,14.48,0.632096210916
2013-05-29,1648.3599853515625,14.83,-0.7072936243165628
2013-05-30,1654.4100341796875,14.53,0.36636251143127296
2013-05-31,1630.739990234375,16.3,-1.4410576921856766
2013-06-03,1640.4200439453125,16.28,0.5918439859741831
2013-06-04,1631.3800048828125,16.27,-0.5526048005605411
2013-06-05,1608.9000244140625,17.5,-1.387555454392242
2013-06-06,1622.56005859375,16.63,0.8454454144231072
2013-06-07,1643.3800048828125,15.14,1.2749914526945183
2013-06-10,1642.81005859375,15.44,-0.03468736036369435
2013-06-11,1626.1300048828125,17.07,-1.0205264184820706
2013-06-12,1612.52001953125,18.59,-0.8404776908051304
2013-06-13,1636.3599853515625,16.41,1.4676069097359523
2013-06-14,1626.72998046875,17.15,-0.5902401062458651
2013-06-17,1639.0400390625,16.8,0.7538875562715042
2013-06-18,1651.81005859375,16.61,0.7760963428783185
2013-06-19,1628.9300537109375,16.64,-1.394830132848135
2013-06-20,1588.18994140625,20.49,-2.53284243922991
2013-06-21,1592.4300537109375,18.9,0.2666219053526042
2013-06-24,1573.0899658203125,20.11,-1.2219368959627275
2013-06-25,1588.030029296875,18.47,0.9452456559302824
2013-06-26,1603.260009765625,17.21,0.9544789666189324
2013-06-27,1613.199951171875,16.86,0.6180691300296637
2013-06-28,1606.280029296875,16.86,-0.42987889804679824
2013-07-01,1614.9599609375,16.37,0.5389199609390438
2013-07-02,1614.0799560546875,16.44,-0.05450566900506715
2013-07-03,1615.4100341796875,16.2,0.08237078945754206
2013-07-05,1631.8900146484375,14.89,1.015004570322553
2013-07-08,1640.4599609375,14.78,0.5237805213836211
2013-07-09,1652.3199462890625,14.35,0.7203661934862993
2013-07-10,1652.6199951171875,14.21,0.018157596462842207
2013-07-11,1675.02001953125,14.01,1.346321276535356
2013-07-12,1680.18994140625,13.84,0.3081730220628742
2013-07-15,1682.5,13.79,0.13739351515562603
2013-07-16,1676.260009765625,14.42,-0.3715655417707353
2013-07-17,1680.9100341796875,13.78,0.27702066483987764
2013-07-18,1689.3699951171875,13.77,0.5020341712006271
2013-07-19,1692.0899658203125,12.54,0.1608755579646015
2013-07-22,1695.530029296875,12.29,0.20309625424266287
2013-07-23,1692.3900146484375,12.66,-0.1853653868336913
2013-07-24,1685.93994140625,13.18,-0.3818502729718176
2013-07-25,1690.25,12.97,0.2553209985189042
2013-07-26,1691.6500244140625,12.72,0.08279514379090358
2013-07-29,1685.3299560546875,13.39,-0.3743034175367477
2013-07-30,1685.9599609375,13.39,0.03737470853337754
2013-07-31,1685.72998046875,13.45,-0.013641851599821564
2013-08-01,1706.8699951171875,12.94,1.2462588230416571
2013-08-02,1709.6700439453125,11.98,0.16391140879470356
2013-08-05,1707.1400146484375,11.84,-0.14809308775634022
2013-08-06,1697.3699951171875,12.72,-0.5739472830554426
2013-08-07,1690.9100341796875,12.98,-0.38131256619413634
2013-08-08,1697.47998046875,12.73,0.38779210740464976
2013-08-09,1691.4200439453125,13.41,-0.35763480414265914
2013-08-12,1689.469970703125,12.81,-0.11535858605249416
2013-08-13,1694.1600341796875,12.31,0.27722100072677947
2013-08-14,1685.3900146484375,13.04,-0.5190063227857422
2013-08-15,1661.3199462890625,14.73,-1.438456494796192
2013-08-16,1655.8299560546875,14.37,-0.33100676234782966
2013-08-19,1646.06005859375,15.1,-0.591777795715398
2013-08-20,1652.3499755859375,14.91,0.3813913098371202
2013-08-21,1642.800048828125,15.94,-0.5796369467346629
2013-08-22,1656.9599609375,14.76,0.8582441743413938
2013-08-23,1663.5,13.98,0.3939241910212665
2013-08-26,1656.780029296875,14.99,-0.40478392300578037
2013-08-27,1630.47998046875,16.77,-1.6001539229184125
2013-08-28,1634.9599609375,16.49,0.2743877308969189
2013-08-29,1638.1700439453125,16.81,0.19614766490958502
2013-08-30,1632.969970703125,17.01,-0.31793671926347855
2013-09-03,1639.77001953125,16.61,0.4155575226959307
2013-09-04,1653.0799560546875,15.88,0.8084187928560027
2013-09-05,1655.0799560546875,15.77,0.12091315394675561
2013-09-06,1655.1700439453125,15.85,0.005442965978197378
2013-09-09,1671.7099609375,15.63,0.9943282138970666
2013-09-10,1683.989990234375,14.53,0.731894048480175
2013-09-11,1689.1300048828125,13.82,0.30476346138188504
2013-09-12,1683.4200439453125,14.29,-0.3386141827801836
2013-09-13,1687.989990234375,14.16,0.2711001653103118
2013-09-16,1697.5999755859375,14.38,0.5677008295821295
2013-09-17,1704.760009765625,14.53,0.42088695965523115
2013-09-18,1725.52001953125,13.59,1.210412155841567
2013-09-19,1722.3399658203125,13.16,-0.18446541484813395
2013-09-20,1709.9100341796875,13.12,-0.7243053962847412
2013-09-23,1701.8399658203125,14.31,-0.47307589419514073
2013-09-24,1697.4200439453125,14.08,-0.26005214977313784
2013-09-25,1692.77001953125,14.01,-0.2743225154378415
2013-09-26,1698.6700439453125,14.06,0.34793658479985723
2013-09-27,1691.75,15.46,-0.4082121663444127
2013-09-30,1681.550048828125,16.6,-0.6047479981190484
2013-10-01,1695.0,15.54,0.7966724683406312
2013-10-02,1693.8699951171875,16.6,-0.06668918703409688
2013-10-03,1678.6600341796875,17.67,-0.901997250055242
2013-10-04,1690.5,16.74,0.7028466704283254
2013-10-07,1676.1199951171875,19.41,-0.8542747536819384
2013-10-08,1655.449951171875,20.34,-1.2408749931083207
2013-10-09,1656.4000244140625,19.6,0.05737417306050929
2013-10-10,1692.56005859375,16.48,2.159562288283645
2013-10-11,1703.199951171875,15.72,0.6266595617328008
2013-10-14,1710.1400146484375,16.07,0.4066441145288202
2013-10-15,1698.06005859375,18.66,-0.7088789613758806
2013-10-16,1721.5400390625,14.71,1.3732804307132085
2013-10-17,1733.1500244140625,13.48,0.6721314413737467
2013-10-18,1744.5,13.04,0.6527405463622848
2013-10-21,1744.6600341796875,13.16,0.009173220960434492
2013-10-22,1754.6700439453125,13.33,0.5721116239627122
2013-10-23,1746.3800048828125,13.42,-0.4735753240036722
2013-10-24,1752.0699462890625,13.2,0.3252838544355541
2013-10-25,1759.77001953125,13.09,0.4385214392774728
2013-10-28,1762.1099853515625,13.31,0.13288165192371082
2013-10-29,1771.949951171875,13.41,0.5568661214094384
2013-10-30,1763.31005859375,13.65,-0.4887849694569901
2013-10-31,1756.5400390625,13.75,-0.3846770567937696
2013-11-01,1761.6400146484375,13.28,0.28992144122090835
2013-11-04,1767.9300537109375,12.93,0.356419937809882
2013-11-05,1762.969970703125,13.27,-0.2809530848340458
2013-11-06,1770.489990234375,12.67,0.42564687122874645
2013-11-07,1747.1500244140625,13.91,-1.3270435999594987
2013-11-08,1770.6099853515625,12.9,1.3338208792264439
2013-11-11,1771.8900146484375,12.53,0.07226700649729523
2013-11-12,1767.68994140625,12.82,-0.23732054456200302
2013-11-13,1782.0,12.52,0.8062752720499056
2013-11-14,1790.6199951171875,12.37,0.4825596820451139
2013-11-15,1798.1800537109375,12.19,0.421314627388103
2013-11-18,1791.530029296875,13.1,-0.3705052423504718
2013-11-19,1787.8699951171875,13.39,-0.20450552776010156
2013-11-20,1781.3699951171875,13.4,-0.3642235996161425
2013-11-21,1795.8499755859375,12.66,0.8095705420756438
2013-11-22,1804.760009765625,12.26,0.4949190500028955
2013-11-25,1802.47998046875,12.79,-0.1264140787239576
2013-11-26,1802.75,12.81,0.014979323550345924
2013-11-27,1807.22998046875,12.98,0.2481998677461128
2013-11-29,1805.81005859375,13.7,-0.07859984571165768
2013-12-02,1800.9000244140625,14.23,-0.27227235347160317
2013-12-03,1795.1500244140625,14.55,-0.3197955991893764
2013-12-04,1792.81005859375,14.7,-0.13043434697870282
2013-12-05,1785.030029296875,15.08,-0.4349015813080115
2013-12-06,1805.0899658203125,13.79,1.1175194876876127
2013-12-09,1808.3699951171875,13.49,0.18154512479506835
2013-12-10,1802.6199951171875,13.91,-0.3184724895657354
2013-12-11,1782.219970703125,15.42,-1.1381397674607108
2013-12-12,1775.5,15.54,-0.3777688379155819
2013-12-13,1775.3199462890625,15.76,-0.010141528650642329
2013-12-16,1786.5400390625,16.03,0.6300152129396608
2013-12-17,1781.0,16.21,-0.3105805936371553
2013-12-18,1810.6500244140625,13.8,1.6510906009174597
2013-12-19,1809.5999755859373,14.15,-0.05800974283936
2013-12-20,1818.3199462890625,13.79,0.4807155440690103
2013-12-23,1827.989990234375,13.04,0.5304028886206069
2013-12-24,1833.3199462890625,12.48,0.29115043043059785
2013-12-26,1842.02001953125,12.33,0.4734304621132779
2013-12-27,1841.4000244140625,12.46,-0.03366410106071527
2013-12-30,1841.0699462890625,13.56,-0.017926996201467205
2013-12-31,1848.3599853515625,13.72,0.3951856349111438
2014-01-02,1831.97998046875,14.23,-0.8901413016629611
2014-01-03,1831.3699951171875,13.76,-0.03330205201601544
2014-01-06,1826.77001953125,13.55,-0.251492725375968
2014-01-07,1837.8800048828125,12.92,0.6063345375391549
2014-01-08,1837.489990234375,12.87,-0.021223150345139885
2014-01-09,1838.1300048828125,12.89,0.03482485435144511
2014-01-10,1842.3699951171875,12.14,0.23040304904551334
2014-01-13,1819.199951171875,13.28,-1.265596645879441
2014-01-14,1838.8800048828125,12.28,1.075987611993412
2014-01-15,1848.3800048828125,12.28,0.5152889134683036
2014-01-16,1845.8900146484373,12.53,-0.13480284864266778
2014-01-17,1838.699951171875,12.44,-0.3902780320014898
2014-01-21,1843.800048828125,12.87,0.27699122428179734
2014-01-22,1844.8599853515625,12.84,0.057470004976778455
2014-01-23,1828.4599609375,13.77,-0.8929324764570978
2014-01-24,1790.2900390625,18.14,-2.109642142734014
2014-01-27,1781.56005859375,17.42,-0.48882218533394806
2014-01-28,1792.5,15.8,0.6121875622431716
2014-01-29,1774.199951171875,17.35,-1.026170390849579
2014-01-30,1794.18994140625,17.29,1.1204044372218114
2014-01-31,1782.5899658203125,18.41,-0.6486290214249735
2014-02-03,1741.8900146484375,21.44,-2.3096604704487156
2014-02-04,1755.199951171875,19.11,0.7612043683081993
2014-02-05,1751.6400146484375,19.95,-0.20302824086568805
2014-02-06,1773.4300537109375,17.23,1.236305445337571
2014-02-07,1797.02001953125,15.29,1.3214193504296645
2014-02-10,1799.8399658203125,15.26,0.15680048032544747
2014-02-11,1819.75,14.51,1.1001375944254654
2014-02-12,1819.260009765625,14.3,-0.026929864772107237
2014-02-13,1829.8299560546875,14.14,0.5793211978776469
2014-02-14,1838.6300048828125,13.57,0.4797689385548587
2014-02-18,1840.760009765625,13.87,0.1157803392558776
2014-02-19,1828.75,15.5,-0.6545861773195938
2014-02-20,1839.780029296875,14.79,0.6013341826934138
2014-02-21,1836.25,14.68,-0.1920566673181412
2014-02-24,1847.6099853515625,14.23,0.6167455552331447
2014-02-25,1845.1199951171875,13.67,-0.1348590676774286
2014-02-26,1845.1600341796875,14.35,0.002169974212495873
2014-02-27,1854.2900390625,14.04,0.4935881408416165
2014-02-28,1859.449951171875,14.0,0.27788242813375774
2014-03-03,1845.72998046875,16.0,-0.7405866200454803
2014-03-04,1873.9100341796875,14.1,1.5152322676142305
2014-03-05,1873.81005859375,13.89,-0.005335274966444814
2014-03-06,1877.030029296875,14.21,0.1716933496856754
2014-03-07,1878.0400390625,14.11,0.05379445771156455
2014-03-10,1877.1700439453125,14.2,-0.046335364121929956
2014-03-11,1867.6300048828125,14.8,-0.5095096975215263
2014-03-12,1868.199951171875,14.47,0.030512432320950467
2014-03-13,1846.3399658203125,16.22,-1.1770091695883167
2014-03-14,1841.1300048828125,17.82,-0.28257664174455854
2014-03-17,1858.8299560546875,15.64,0.9567717695039057
2014-03-18,1872.25,14.52,0.7193682245473454
2014-03-19,1860.77001953125,15.12,-0.615052509673486
2014-03-20,1872.010009765625,14.52,0.6022334087521841
2014-03-21,1866.52001953125,15.0,-0.2936980116609256
2014-03-24,1857.43994140625,15.09,-0.48765809593627196
2014-03-25,1865.6199951171875,14.02,0.4394270848822046
2014-03-26,1852.56005859375,14.93,-0.7024936954875827
2014-03-27,1849.0400390625,14.62,-0.19018913439774465
2014-03-28,1857.6199951171875,14.41,0.4629489243409779
2014-03-31,1872.3399658203125,13.88,0.7892871384796329
2014-04-01,1885.52001953125,13.1,0.7014688044213457
2014-04-02,1890.9000244140625,13.09,0.2849263831839366
2014-04-03,1888.77001953125,13.37,-0.11270852130111919
2014-04-04,1865.0899658203125,13.96,-1.2616542925314
2014-04-07,1845.0400390625,15.57,-1.0808312332149406
2014-04-08,1851.9599609375,14.89,0.3743537980176903
2014-04-09,1872.1800537109373,13.82,1.0859039341965193
2014-04-10,1833.0799560546875,15.89,-2.11059677373866
2014-04-11,1815.68994140625,17.03,-0.9532059739897569
2014-04-14,1830.6099853515625,16.11,0.8183708150740543
2014-04-15,1842.97998046875,15.61,0.6734579517703843
2014-04-16,1862.31005859375,14.18,1.0433867948766107
2014-04-17,1864.8499755859373,13.36,0.13629237070942324
2014-04-21,1871.8900146484373,13.25,0.37680156555719435
2014-04-22,1879.550048828125,13.19,0.408378899612849
2014-04-23,1875.3900146484373,13.27,-0.22157668625224503
2014-04-24,1878.6099853515625,13.32,0.17154882753311895
2014-04-25,1863.4000244140625,14.06,-0.8129344743501576
2014-04-28,1869.4300537109373,13.97,0.3230811162501901
2014-04-29,1878.3299560546875,13.71,0.47494605046338734
2014-04-30,1883.949951171875,13.41,0.2987549802701217
2014-05-01,1883.6800537109373,13.25,-0.014327174433237388
2014-05-02,1881.1400146484373,12.91,-0.13493550298715462
2014-05-05,1884.6600341796875,13.29,0.18694675823400786
2014-05-06,1867.719970703125,13.8,-0.9029031461991188
2014-05-07,1878.2099609375,13.4,0.5600754871033509
2014-05-08,1875.6300048828125,13.43,-0.1374569232786449
2014-05-09,1878.47998046875,12.92,0.1518323194878768
2014-05-12,1896.6500244140625,12.23,0.9626256172316161
2014-05-13,1897.449951171875,12.13,0.042166878828275856
2014-05-14,1888.530029296875,12.17,-0.471208956501723
2014-05-15,1870.8499755859373,13.17,-0.9405904183934943
2014-05-16,1877.8599853515625,12.44,0.3739962819000908
2014-05-19,1885.0799560546875,12.42,0.3837414189703736
2014-05-20,1872.8299560546875,12.96,-0.6519604608542728
2014-05-21,1888.030029296875,11.91,0.8083340547746509
2014-05-22,1892.489990234375,12.03,0.2359444194714122
2014-05-23,1900.530029296875,11.36,0.4239392917884999
2014-05-27,1911.9100341796875,11.51,0.5969950211528463
2014-05-28,1909.780029296875,11.68,-0.1114692750058488
2014-05-29,1920.030029296875,11.57,0.5352758657361179
2014-05-30,1923.5699462890625,11.4,0.18419804431015763
2014-06-02,1924.969970703125,11.58,0.07275613640587153
2014-06-03,1924.239990234375,11.87,-0.03792884695350551
2014-06-04,1927.8800048828125,12.08,0.18898766063628614
2014-06-05,1940.4599609375,11.68,0.6504082119662691
2014-06-06,1949.43994140625,10.73,0.4617083548019707
2014-06-09,1951.27001953125,11.15,0.09383308564867576
2014-06-10,1950.7900390625,10.99,-0.02460138818793922
2014-06-11,1943.8900146484373,11.6,-0.3543311151666728
2014-06-12,1930.1099853515625,12.56,-0.7114139088909788
2014-06-13,1936.1600341796875,12.18,0.3129659199070822
2014-06-16,1937.780029296875,12.65,0.08363553307866312
2014-06-17,1941.989990234375,12.06,0.21702124448887972
2014-06-18,1956.97998046875,10.61,0.7689243160729831
2014-06-19,1959.47998046875,10.62,0.1276663295164404
2014-06-20,1962.8699951171875,10.85,0.17285634956767382
2014-06-23,1962.6099853515625,10.98,-0.013247285289885724
2014-06-24,1949.97998046875,12.13,-0.6456106498617942
2014-06-25,1959.530029296875,11.59,0.4885557422717568
2014-06-26,1957.219970703125,11.63,-0.11795794276396876
2014-06-27,1960.9599609375,11.26,0.1909045238083884
2014-06-30,1960.22998046875,11.57,-0.037232599700143254
2014-07-01,1973.3199462890625,11.15,0.6655572896822726
2014-07-02,1974.6199951171875,10.82,0.06585960751230857
2014-07-03,1985.43994140625,10.32,0.5464550227672227
2014-07-07,1977.6500244140625,11.33,-0.39312390543235765
2014-07-08,1963.7099609375,11.98,-0.7073762181680543
2014-07-09,1972.8299560546875,11.65,0.4633516553258943
2014-07-10,1964.6800537109373,12.59,-0.41396283244736765
2014-07-11,1967.5699462890625,12.08,0.14698419980474497
2014-07-14,1977.0999755859373,11.82,0.4831860726996595
2014-07-15,1973.280029296875,11.96,-0.19339645679457007
2014-07-16,1981.5699462890625,11.0,0.4192285009448682
2014-07-17,1958.1199951171875,14.54,-1.190460592747744
2014-07-18,1978.219970703125,12.06,1.0212608899671238
2014-07-21,1973.6300048828125,12.81,-0.2322946423904959
2014-07-22,1983.530029296875,12.24,0.5003611167300193
2014-07-23,1987.010009765625,11.52,0.17529007770127336
2014-07-24,1987.97998046875,11.84,0.04880368125510515
2014-07-25,1978.3399658203125,12.69,-0.486094604610976
2014-07-28,1978.9100341796875,12.56,0.028811339355350185
2014-07-29,1969.949951171875,13.28,-0.4538068413713958
2014-07-30,1970.0699462890625,13.33,0.006091091940962912
2014-07-31,1930.6700439453125,16.95,-2.0201932155229585
2014-08-01,1925.1500244140625,17.03,-0.286321623129826
2014-08-04,1938.989990234375,15.12,0.716331444964613
2014-08-05,1920.2099609375,16.87,-0.9732679197336225
2014-08-06,1920.239990234375,16.37,0.0015638426360098379
2014-08-07,1909.5699462890625,16.66,-0.5572115446732973
2014-08-08,1931.5899658203125,15.77,1.1465422557972005
2014-08-11,1936.9200439453125,14.23,0.27556250258413684
2014-08-12,1933.75,14.13,-0.16379823741559107
2014-08-13,1946.719970703125,12.9,0.6684767102511202
2014-08-14,1955.1800537109373,12.42,0.43363982736970286
2014-08-15,1955.06005859375,13.15,-0.006137480757040237
2014-08-18,1971.739990234375,12.32,0.8495483219659761
2014-08-19,1981.5999755859373,12.21,0.49881901791977157
2014-08-20,1986.510009765625,11.78,0.24747482825437928
2014-08-21,1992.3699951171875,11.76,0.2945547280270411
2014-08-22,1988.4000244140625,11.47,-0.19945749188226003
2014-08-25,1997.9200439453125,11.7,0.4776353863603866
2014-08-26,2000.02001953125,11.63,0.10505288952433744
2014-08-27,2000.1199951171875,11.78,0.004998604328498857
2014-08-28,1996.739990234375,12.05,-0.16913305449461902
2014-08-29,2003.3699951171875,11.98,0.3314914329020091
2014-09-02,2002.280029296875,12.25,-0.054421421770278755
2014-09-03,2000.719970703125,12.36,-0.07794447528013393
2014-09-04,1997.6500244140625,12.64,-0.1535599204713023
2014-09-05,2007.7099609375,12.09,0.5023247704959211
2014-09-08,2001.5400390625,12.66,-0.30778458543165854
2014-09-09,1988.43994140625,13.5,-0.6566521532684888
2014-09-10,1995.68994140625,12.88,0.363944360036772
2014-09-11,1997.449951171875,12.8,0.08815167647231448
2014-09-12,1985.5400390625,13.31,-0.5980405492006291
2014-09-15,1984.1300048828125,14.12,-0.07104037481093783
2014-09-16,1998.97998046875,12.73,0.745650732455605
2014-09-17,2001.5699462890625,12.65,0.12948050790884125
2014-09-18,2011.3599853515625,12.03,0.487925712733972
2014-09-19,2010.4000244140625,12.11,-0.047738351040305105
2014-09-22,1994.2900390625,13.69,-0.8045602530218687
2014-09-23,1982.77001953125,14.93,-0.5793250079626056
2014-09-24,1998.300048828125,13.27,0.7801976758654128
2014-09-25,1965.989990234375,15.64,-1.6300913265170358
2014-09-26,1982.8499755859373,14.85,0.8539261124001385
2014-09-29,1977.800048828125,15.98,-0.2550050856915398
2014-09-30,1972.2900390625,16.31,-0.2789816544312096
2014-10-01,1946.1600341796875,16.71,-1.333710611263772
2014-10-02,1946.1700439453125,16.16,0.0005143328250412083
2014-10-03,1967.9000244140625,14.55,1.1103635523903144
2014-10-06,1964.8199462890625,15.46,-0.15663860013983566
2014-10-07,1935.0999755859373,17.2,-1.5241618619128872
2014-10-08,1968.8900146484373,15.11,1.7310947498058837
2014-10-09,1928.2099609375,18.76,-2.0877848454314396
2014-10-10,1906.1300048828125,21.24,-1.151708002621099
2014-10-13,1874.739990234375,24.64,-1.6605033202522712
2014-10-14,1877.699951171875,22.79,0.1577619680866782
2014-10-15,1862.489990234375,26.25,-0.8133300726077763
2014-10-16,1862.760009765625,25.2,0.01449672004421032
2014-10-17,1886.760009765625,21.99,1.2801813377146587
2014-10-20,1904.010009765625,18.57,0.9101116121280839
2014-10-21,1941.280029296875,16.08,1.938537082775138
2014-10-22,1927.1099853515625,17.87,-0.7326100661612323
2014-10-23,1950.8199462890625,16.53,1.2228305721599497
2014-10-24,1964.5799560546875,16.11,0.7028690175716612
2014-10-27,1961.6300048828125,16.04,-0.15026968788385275
2014-10-28,1985.050048828125,14.39,1.186836456691065
2014-10-29,1982.300048828125,15.15,-0.13863159906426503
2014-10-30,1994.6500244140625,14.52,0.6210797247873323
2014-10-31,2018.050048828125,14.03,1.1663114233148697
2014-11-03,2017.81005859375,14.73,-0.011892891639941894
2014-11-04,2012.0999755859373,14.89,-0.2833853252665719
2014-11-05,2023.5699462890625,14.17,0.5684311060805136
2014-11-06,2031.2099609375,13.67,0.37684036443277336
2014-11-07,2031.9200439453125,13.12,0.03495251267811028
2014-11-10,2038.260009765625,12.67,0.31153270195591887
2014-11-11,2039.6800537109373,12.92,0.0696451630286532
2014-11-12,2038.25,13.02,-0.07013625789173972
2014-11-13,2039.3299560546875,13.79,0.05297044284002794
2014-11-14,2039.8199462890625,13.31,0.02402413485471655
2014-11-17,2041.3199462890625,13.99,0.07350887776578219
2014-11-18,2051.800048828125,13.86,0.5120849353688506
2014-11-19,2048.719970703125,13.96,-0.1502286875618708
2014-11-20,2052.75,13.58,0.19651640132032355
2014-11-21,2063.5,12.9,0.5223212603738148
2014-11-24,2069.409912109375,12.62,0.28599298137388374
2014-11-25,2067.030029296875,12.25,-0.11506914684167313
2014-11-26,2072.830078125,12.07,0.2802052471603034
2014-11-28,2067.56005859375,13.33,-0.2545664637012557
2014-12-01,2053.43994140625,14.29,-0.6852789344834243
2014-12-02,2066.550048828125,12.85,0.63641667588481
2014-12-03,2074.330078125,12.47,0.3757673834027031
2014-12-04,2071.919921875,12.38,-0.11625717317853557
2014-12-05,2075.3701171875,11.82,0.16638315989210284
2014-12-08,2060.31005859375,14.21,-0.7283022149715102
2014-12-09,2059.820068359375,14.89,-0.023785182583413444
2014-12-10,2026.1400146484373,18.53,-1.648612118304893
2014-12-11,2035.3299560546875,20.08,0.45254339716205294
2014-12-12,2002.3299560546875,21.08,-1.6346465791658105
2014-12-15,1989.6300048828125,20.42,-0.636278627172171
2014-12-16,1972.739990234375,23.57,-0.8525259865381329
2014-12-17,2012.8900146484373,19.44,2.0148073243295705
2014-12-18,2061.22998046875,16.81,2.3731374885708867
2014-12-19,2070.64990234375,16.49,0.45596379674188725
2014-12-22,2078.5400390625,15.25,0.38032224799273706
2014-12-23,2082.169921875,14.8,0.1744838629704759
2014-12-24,2081.8798828125,14.37,-0.013930624107505452
2014-12-26,2088.77001953125,14.5,0.33041099821211617
2014-12-29,2090.570068359375,15.06,0.08614034280896021
2014-12-30,2080.35009765625,15.92,-0.4900593034504297
2014-12-31,2058.89990234375,19.2,-1.0364383561250357
2015-01-02,2058.199951171875,17.79,-0.034002147313572095
2015-01-05,2020.5799560546875,19.92,-1.844721353258727
2015-01-06,2002.6099853515625,21.12,-0.8933254690699499
2015-01-07,2025.9000244140625,19.31,1.1562735844876215
2015-01-08,2062.139892578125,17.01,1.773016812715511
2015-01-09,2044.81005859375,17.55,-0.8439322147078876
2015-01-12,2028.260009765625,19.6,-0.812661684347038
2015-01-13,2023.030029296875,20.56,-0.2581885435816389
2015-01-14,2011.27001953125,21.48,-0.5830028967975132
2015-01-15,1992.6700439453125,22.39,-0.929090300456803
2015-01-16,2019.4200439453125,20.95,1.3334893186267571
2015-01-20,2022.550048828125,19.89,0.15487524334005798
2015-01-21,2032.1199951171875,18.85,0.47204650221894795
2015-01-22,2063.14990234375,16.4,1.5154313070629755
2015-01-23,2051.820068359375,16.66,-0.550665627930158
2015-01-26,2057.090087890625,15.52,0.25651679986227194
2015-01-27,2029.550048828125,17.22,-1.347828781585747
2015-01-28,2002.1600341796875,20.44,-1.3587502811021501
2015-01-29,2021.25,18.76,0.9489517058263175
2015-01-30,1994.989990234375,20.97,-1.3077099006318704
2015-02-02,2020.8499755859373,19.43,1.2879170000215545
2015-02-03,2050.030029296875,17.33,1.433623857745303
2015-02-04,2041.510009765625,18.33,-0.41647065724523813
2015-02-05,2062.52001953125,16.85,1.0238810710909263
2015-02-06,2055.469970703125,17.29,-0.3424027611878877
2015-02-09,2046.739990234375,18.55,-0.4256239310481469
2015-02-10,2068.590087890625,17.23,1.061897955406188
2015-02-11,2068.530029296875,16.96,-0.0029034010157857892
2015-02-12,2088.47998046875,15.34,0.959829506591614
2015-02-13,2096.989990234375,14.69,0.4066459227779262
2015-02-17,2100.340087890625,15.8,0.15962996977982868
2015-02-18,2099.679931640625,15.45,-0.031435862322926056
2015-02-19,2097.449951171875,15.29,-0.10626217157181372
2015-02-20,2110.300048828125,14.3,0.610784272105569
2015-02-23,2109.659912109375,14.56,-0.03033852119855851
2015-02-24,2115.47998046875,13.69,0.2754972468831163
2015-02-25,2113.860107421875,13.84,-0.07660169636025671
2015-02-26,2110.739990234375,13.91,-0.14771186302544592
2015-02-27,2104.5,13.34,-0.2960683048631729
2015-03-02,2117.389892578125,13.04,0.610623818113254
2015-03-03,2107.780029296875,13.86,-0.4548872603817422
2015-03-04,2098.530029296875,14.23,-0.43981612301546846
2015-03-05,2101.0400390625,14.04,0.11953652510365842
2015-03-06,2071.260009765625,15.2,-1.4275356362467129
2015-03-09,2079.429931640625,15.06,0.3936662357975962
2015-03-10,2044.1600341796875,16.69,-1.7106820937141443
2015-03-11,2040.239990234375,16.87,-0.19195206764850425
2015-03-12,2065.949951171875,15.42,1.2522702206037017
2015-03-13,2053.39990234375,16.0,-0.6093237090196268
2015-03-16,2081.18994140625,15.61,1.3442909023855698
2015-03-17,2074.280029296875,15.66,-0.332569770778246
2015-03-18,2099.5,13.97,1.2085101501629225
2015-03-19,2089.27001953125,14.07,-0.48844891269501645
2015-03-20,2108.10009765625,13.02,0.8972382193259243
2015-03-23,2104.419921875,13.41,-0.17472566067135986
2015-03-24,2091.5,13.62,-0.6158345701591017
2015-03-25,2061.050048828125,15.44,-1.466592652723886
2015-03-26,2056.14990234375,15.8,-0.23803307374734572
2015-03-27,2061.02001953125,15.07,0.23657607295035632
2015-03-30,2086.239990234375,14.51,1.2162382647149528
2015-03-31,2067.889892578125,15.29,-0.8834686217531029
2015-04-01,2059.68994140625,15.11,-0.3973254201847354
2015-04-02,2066.9599609375,14.67,0.3523452303713981
2015-04-06,2080.6201171875,14.74,0.6587072647165293
2015-04-07,2076.330078125,14.78,-0.20640327085867938
2015-04-08,2081.89990234375,13.98,0.26789415573471587
2015-04-09,2091.179931640625,13.09,0.4447575873625986
2015-04-10,2102.06005859375,12.58,0.51893768994562
2015-04-13,2092.429931640625,13.94,-0.4591806820961608
2015-04-14,2095.840087890625,13.67,0.16284322585136124
2015-04-15,2106.6298828125,12.84,0.5134989044996097
2015-04-16,2104.989990234375,12.6,-0.07787467579856155
2015-04-17,2081.179931640625,13.89,-1.1375704189052982
2015-04-20,2100.39990234375,13.3,0.9192748586536403
2015-04-21,2097.2900390625,13.25,-0.1481702504768201
2015-04-22,2107.9599609375,12.71,0.5074582853386467
2015-04-23,2112.929931640625,12.48,0.23549408425527218
2015-04-24,2117.68994140625,12.29,0.22502668247534885
2015-04-27,2108.919921875,13.12,-0.41499132407345485
2015-04-28,2114.760009765625,12.41,0.2765404437345964
2015-04-29,2106.85009765625,13.39,-0.3747348127572714
2015-04-30,2085.510009765625,14.55,-1.0180553033248607
2015-05-01,2108.2900390625,12.7,1.086377656345583
2015-05-04,2114.489990234375,12.85,0.293643314776304
2015-05-05,2089.4599609375,14.31,-1.1908003358530372
2015-05-06,2080.14990234375,15.15,-0.4465681140931821
2015-05-07,2088.0,15.13,0.37667104694749654
2015-05-08,2116.10009765625,12.86,1.3368147987361745
2015-05-11,2105.330078125,13.85,-0.5102556456082041
2015-05-12,2099.1201171875,13.86,-0.29539964393672236
2015-05-13,2098.47998046875,13.76,-0.03050012906520294
2015-05-14,2121.10009765625,12.74,1.0721604261759943
2015-05-15,2122.72998046875,12.38,0.07681188278665374
2015-05-18,2129.199951171875,12.73,0.3043312472570392
2015-05-19,2127.830078125,12.85,-0.06435815978420578
2015-05-20,2125.85009765625,12.88,-0.0930949450793861
2015-05-21,2130.820068359375,12.11,0.2335145908745062
2015-05-22,2126.06005859375,12.13,-0.2236385149483766
2015-05-26,2104.199951171875,14.06,-1.033520490750206
2015-05-27,2123.47998046875,13.27,0.9120918929109934
2015-05-28,2120.7900390625,13.31,-0.126756391748728
2015-05-29,2107.389892578125,13.84,-0.633851518409756
2015-06-01,2111.72998046875,13.97,0.20573434991471018
2015-06-02,2109.60009765625,14.24,-0.1009105165347357
2015-06-03,2114.070068359375,13.66,0.21166294697554378
2015-06-04,2095.840087890625,14.71,-0.8660562215101031
2015-06-05,2092.830078125,14.21,-0.1437215232732214
2015-06-08,2079.280029296875,15.29,-0.6495560338305673
2015-06-09,2080.14990234375,14.47,0.0418265519003036
2015-06-10,2105.199951171875,13.22,1.1970491752514079
2015-06-11,2108.860107421875,12.85,0.1737116756528323
2015-06-12,2094.110107421875,13.78,-0.7018874653102358
2015-06-15,2084.429931640625,15.39,-0.46332896217720076
2015-06-16,2096.2900390625,14.81,0.5673730515754372
2015-06-17,2100.43994140625,14.5,0.19776843950722878
2015-06-18,2121.239990234375,13.19,0.9854000054009049
2015-06-19,2109.989990234375,13.96,-0.5317615237949269
2015-06-22,2122.85009765625,12.74,0.6076367981542319
2015-06-23,2124.199951171875,12.11,0.06356664251931932
2015-06-24,2108.580078125,13.26,-0.7380465718305196
2015-06-25,2102.31005859375,14.01,-0.29780041565965476
2015-06-26,2101.489990234375,14.02,-0.03901557449221826
2015-06-29,2057.639892578125,18.85,-2.1086969508611553
2015-06-30,2063.110107421875,18.23,0.2654962352467649
2015-07-01,2077.419921875,16.09,0.6912096434636972
2015-07-02,2076.780029296875,16.79,-0.030807018954703835
2015-07-06,2068.760009765625,17.01,-0.38692326988973846
2015-07-07,2081.340087890625,16.09,0.6062560593869115
2015-07-08,2046.6800537109373,19.66,-1.6792964912141883
2015-07-09,2051.31005859375,19.97,0.22596476448200065
2015-07-10,2076.6201171875,16.83,1.2262986385008112
2015-07-13,2099.60009765625,13.9,1.1005268507354948
2015-07-14,2108.949951171875,13.37,0.4443273236500289
2015-07-15,2107.39990234375,13.23,-0.07352563007367863
2015-07-16,2124.2900390625,12.11,0.7982733444475087
2015-07-17,2126.639892578125,11.95,0.11055716244507963
2015-07-20,2128.280029296875,12.25,0.0770936624001628
2015-07-21,2119.2099609375,12.22,-0.4270796242723307
2015-07-22,2114.14990234375,12.12,-0.2390565020189861
2015-07-23,2102.14990234375,12.64,-0.5692210211379667
2015-07-24,2079.64990234375,13.74,-1.076102069666085
2015-07-27,2067.639892578125,15.6,-0.579175506506413
2015-07-28,2093.25,13.44,1.231007380188931
2015-07-29,2108.570068359375,12.5,0.7292142927383338
2015-07-30,2108.6298828125,12.13,0.002836690402219233
2015-07-31,2103.840087890625,12.12,-0.2274103801051197
2015-08-03,2098.0400390625,12.56,-0.27606939449054124
2015-08-04,2093.320068359375,13.0,-0.22522391669328456
2015-08-05,2099.840087890625,12.51,0.3109838185491043
2015-08-06,2083.56005859375,13.77,-0.7783195922561603
2015-08-07,2077.570068359375,13.39,-0.28790228563382314
2015-08-10,2104.179931640625,12.23,1.272683563202559
2015-08-11,2084.070068359375,13.71,-0.9603064680182349
2015-08-12,2086.050048828125,13.61,0.09496036382143913
2015-08-13,2083.389892578125,13.49,-0.12760258683810477
2015-08-14,2091.5400390625,12.83,0.390433227435949
2015-08-17,2102.43994140625,13.02,0.5197891709402214
2015-08-18,2096.919921875,13.79,-0.2628982935632962
2015-08-19,2079.610107421875,15.25,-0.8289136409596942
2015-08-20,2035.72998046875,19.14,-2.1325960454146475
2015-08-21,1970.8900146484373,28.03,-3.2369242521878228
2015-08-24,1893.2099609375,40.74,-4.021144434651891
2015-08-25,1867.6099853515625,36.02,-1.3614249742656348
2015-08-26,1940.510009765625,30.32,3.8291299434532355
2015-08-27,1987.6600341796875,26.1,2.4007254489689878
2015-08-28,1988.8699951171875,26.05,0.060855115687630246
2015-08-31,1972.1800537109373,28.43,-0.8427078663983956
2015-09-01,1913.8499755859373,31.4,-3.002264984242853
2015-09-02,1948.8599853515625,26.09,1.8127671423214586
2015-09-03,1951.1300048828125,25.61,0.11641156994190993
2015-09-04,1921.219970703125,27.8,-1.5448308754276496
2015-09-08,1969.4100341796875,24.9,2.4773637197038845
2015-09-09,1942.0400390625,26.23,-1.3995035769085007
2015-09-10,1952.2900390625,24.37,0.5264075444936012
2015-09-11,1961.050048828125,23.2,0.44770064449863867
2015-09-14,1953.030029296875,24.25,-0.40980412230444685
2015-09-15,1978.0899658203125,22.54,1.2749687631433027
2015-09-16,1995.31005859375,21.35,0.8667740715376127
2015-09-17,1990.199951171875,21.14,-0.25643444425602624
2015-09-18,1958.030029296875,22.28,-1.629623095438415
2015-09-21,1966.969970703125,20.14,0.4555392033672945
2015-09-22,1942.739990234375,22.44,-1.2394930019378414
2015-09-23,1938.760009765625,22.13,-0.2050744229593171
2015-09-24,1932.239990234375,23.47,-0.33686518713071933
2015-09-25,1931.3399658203125,23.62,-0.046590180122052516
2015-09-28,1881.77001953125,27.63,-2.6001211162808957
2015-09-29,1884.0899658203125,26.83,0.12320939129821795
2015-09-30,1920.030029296875,24.5,1.8895898603564554
2015-10-01,1923.8199462890625,22.55,0.19719386783378923
2015-10-02,1951.3599853515625,20.94,1.421379301640524
2015-10-05,1987.050048828125,19.54,1.8124593518502152
2015-10-06,1979.9200439453125,19.4,-0.3594689344143198
2015-10-07,1995.8299560546875,18.4,0.8003519857552988
2015-10-08,2013.4300537109373,17.42,0.877978014455838
2015-10-09,2014.8900146484373,17.08,0.07248485605151345
2015-10-12,2017.4599609375,16.17,0.1274664477333154
2015-10-13,2003.68994140625,17.67,-0.6848823690127404
2015-10-14,1994.239990234375,18.03,-0.47274309119389457
2015-10-15,2023.8599853515625,16.05,1.4743551351354967
2015-10-16,2033.1099853515625,15.05,0.4560061373696911
2015-10-19,2033.6600341796875,14.98,0.027050894387325997
2015-10-20,2030.77001953125,15.75,-0.14221010558941316
2015-10-21,2018.93994140625,16.7,-0.5842448911133502
2015-10-22,2052.510009765625,14.45,1.6490847012593512
2015-10-23,2075.14990234375,14.46,1.0969953969042656
2015-10-26,2071.179931640625,15.29,-0.19149330010996835
2015-10-27,2065.889892578125,15.43,-0.25573858650878023
2015-10-28,2090.35009765625,14.33,1.177048848814355
2015-10-29,2089.409912109375,14.61,-0.04498753806609912
2015-10-30,2079.360107421875,15.07,-0.4821481688424889
2015-11-02,2104.050048828125,14.15,1.1803876338814412
2015-11-03,2109.7900390625,14.54,0.27243529250675635
2015-11-04,2102.31005859375,15.51,-0.3551666939647369
2015-11-05,2099.929931640625,15.05,-0.11327897564985534
2015-11-06,2099.199951171875,14.33,-0.03476817800232013
2015-11-09,2078.580078125,16.52,-0.9871290656502829
2015-11-10,2081.719970703125,15.29,0.15094551534495793
2015-11-11,2075.0,16.06,-0.3233307321568901
2015-11-12,2045.969970703125,18.37,-1.408916333663246
2015-11-13,2023.0400390625,20.08,-1.1270640432154977
2015-11-16,2053.18994140625,18.16,1.4793302794234187
2015-11-17,2050.43994140625,18.84,-0.13402770182464607
2015-11-18,2083.580078125,16.85,1.6033229877171706
2015-11-19,2081.239990234375,16.99,-0.1123740328979217
2015-11-20,2089.169921875,15.47,0.38029552801495115
2015-11-23,2086.590087890625,15.62,-0.12356238416844079
2015-11-24,2089.139892578125,15.93,0.12212499449608671
2015-11-25,2088.8701171875,15.19,-0.012914061496704932
2015-11-27,2090.110107421875,15.12,0.05934415594808229
2015-11-30,2080.409912109375,16.13,-0.46518001396185227
2015-12-01,2102.6298828125,14.67,1.0623938946739742
2015-12-02,2079.510009765625,15.91,-1.105659263944947
2015-12-03,2049.6201171875,18.11,-1.4477826444149855
2015-12-04,2091.68994140625,14.81,2.0317856363851305
2015-12-07,2077.070068359375,15.84,-0.7014043960397842
2015-12-08,2063.590087890625,17.6,-0.651105262559426
2015-12-09,2047.6199951171875,19.61,-0.7769086365692957
2015-12-10,2052.22998046875,19.34,0.2248856578594527
2015-12-11,2012.3699951171875,24.39,-1.9613867755815306
2015-12-14,2021.93994140625,22.73,0.4744288064068236
2015-12-15,2043.4100341796875,20.95,1.0562580105914599
2015-12-16,2073.070068359375,17.86,1.4410635650770942
2015-12-17,2041.8900146484373,18.94,-1.5154776635876388
2015-12-18,2005.550048828125,20.7,-1.7957495007106417
2015-12-21,2021.1500244140625,18.7,0.7748306727155985
2015-12-22,2038.969970703125,16.6,0.8778095591568835
2015-12-23,2064.2900390625,15.57,1.2341596527553733
2015-12-24,2060.989990234375,15.74,-0.15999154038626173
2015-12-28,2056.5,16.91,-0.21809364563063482
2015-12-29,2078.360107421875,16.08,1.057366417302319
2015-12-30,2063.360107421875,17.29,-0.7243398783778332
2015-12-31,2043.93994140625,18.21,-0.9456485041468454
2016-01-04,2012.6600341796875,20.7,-1.5422041797806152
2016-01-05,2016.7099609375,19.34,0.2010204139359928
2016-01-06,1990.260009765625,20.59,-1.3202163002625333
2016-01-07,1943.0899658203125,24.99,-2.398581651934517
2016-01-08,1922.030029296875,27.01,-1.089753744584776
2016-01-11,1923.6700439453125,24.3,0.08529082958226297
2016-01-12,1938.6800537109373,22.47,0.7772514117774243
2016-01-13,1890.280029296875,25.22,-2.528237507790898
2016-01-14,1921.8399658203125,23.95,1.65580609343845
2016-01-15,1880.3299560546875,27.02,-2.1835772698162614
2016-01-19,1881.3299560546875,26.05,0.05316801874286625
2016-01-20,1859.3299560546875,27.59,-1.1762766025898763
2016-01-21,1868.989990234375,26.69,0.5181988635948542
2016-01-22,1906.9000244140625,22.34,2.0080726882213185
2016-01-25,1877.0799560546875,24.15,-1.5761545172821023
2016-01-26,1903.6300048828125,22.5,1.4045237830368151
2016-01-27,1882.949951171875,23.11,-1.092292230052827
2016-01-28,1893.3599853515625,22.42,0.5513350717590626
2016-01-29,1940.239990234375,20.2,2.445865099455702
2016-02-01,1939.3800048828125,19.98,-0.044333484554215374
2016-02-02,1903.030029296875,21.98,-1.8920968718231457
2016-02-03,1912.530029296875,21.65,0.49796200215741493
2016-02-04,1915.449951171875,21.84,0.15255682925232605
2016-02-05,1880.050048828125,23.38,-1.865415827635175
2016-02-08,1853.43994140625,26.0,-1.4255057923056924
2016-02-09,1852.2099609375,26.54,-0.06638406467605051
2016-02-10,1851.8599853515625,26.29,-0.01889681307609692
2016-02-11,1829.0799560546875,28.14,-1.2377447329256164
2016-02-12,1864.780029296875,25.4,1.9330015207046358
2016-02-16,1895.5799560546875,24.11,1.638173774168461
2016-02-17,1926.8199462890625,22.31,1.6346110625641508
2016-02-18,1917.8299560546875,21.64,-0.4676632123934432
2016-02-19,1917.780029296875,20.53,-0.002603328180228459
2016-02-22,1945.5,19.38,1.4350731099076697
2016-02-23,1921.27001953125,20.98,-1.2532577570788739
2016-02-24,1929.800048828125,20.72,0.4429960034632252
2016-02-25,1951.699951171875,19.11,1.1284366730450301
2016-02-26,1948.050048828125,19.81,-0.1871865329564848
2016-02-29,1932.22998046875,20.55,-0.8154131091571593
2016-03-01,1978.3499755859373,17.7,2.3588385401619227
2016-03-02,1986.449951171875,17.09,0.40859498611016676
2016-03-03,1993.4000244140625,16.7,0.34926343203167676
2016-03-04,1999.989990234375,16.86,0.3300439865942195
2016-03-07,2001.760009765625,17.35,0.08846228008634327
2016-03-08,1979.260009765625,18.67,-1.1303756056006087
2016-03-09,1989.260009765625,18.34,0.5039672782814364
2016-03-10,1989.5699462890625,18.05,0.015579279712252259
2016-03-11,2022.18994140625,16.5,1.6262545588850763
2016-03-14,2019.6400146484373,16.92,-0.1261768616611647
2016-03-15,2015.9300537109373,16.84,-0.18386309343174645
2016-03-16,2027.219970703125,14.99,0.558472788177955
2016-03-17,2040.5899658203125,14.44,0.6573583068596456
2016-03-18,2049.580078125,14.02,0.43959672510256453
2016-03-21,2051.60009765625,13.79,0.09850919042930784
2016-03-22,2049.800048828125,14.17,-0.08777728967723775
2016-03-23,2036.7099609375,14.94,-0.640650953066757
2016-03-24,2035.93994140625,14.74,-0.03781417793762287
2016-03-28,2037.050048828125,15.24,0.05451068880724108
2016-03-29,2055.010009765625,13.82,0.8778012054237117
2016-03-30,2063.949951171875,13.56,0.4340879993566027
2016-03-31,2059.739990234375,13.95,-0.20418423596204605
2016-04-01,2072.780029296875,13.1,0.6310959066599509
2016-04-04,2066.1298828125,14.12,-0.3213480045854311
2016-04-05,2045.1700439453125,15.42,-1.019629841179448
2016-04-06,2066.659912109375,14.09,1.0452797932012814
2016-04-07,2041.9100341796875,16.16,-1.204807397000529
2016-04-08,2047.5999755859373,15.36,0.27827026046169934
2016-04-11,2041.989990234375,16.26,-0.27435458896043485
2016-04-12,2061.719970703125,14.85,0.9615753881390354
2016-04-13,2082.419921875,13.84,0.9990069768557319
2016-04-14,2082.780029296875,13.72,0.01729124301323992
2016-04-15,2080.72998046875,13.62,-0.09847695761457942
2016-04-18,2094.340087890625,13.35,0.6519725613798322
2016-04-19,2100.800048828125,13.24,0.30797379028664196
2016-04-20,2102.39990234375,13.28,0.07612550492348547
2016-04-21,2091.47998046875,13.95,-0.5207562857292736
2016-04-22,2091.580078125,13.22,0.004785857954114903
2016-04-25,2087.7900390625,14.08,-0.18136896207625597
2016-04-26,2091.699951171875,13.96,0.1871000174236137
2016-04-27,2095.14990234375,13.77,0.16479941117468755
2016-04-28,2075.81005859375,15.22,-0.9273636061561064
2016-04-29,2065.300048828125,15.7,-0.5075949230557875
2016-05-02,2081.429931640625,14.68,0.7779606697244645
2016-05-03,2063.3701171875,15.6,-0.8714499388395858
2016-05-04,2051.1201171875,16.05,-0.5954582705473221
2016-05-05,2050.6298828125,15.91,-0.02390366927933485
2016-05-06,2057.139892578125,14.72,0.316961055355236
2016-05-09,2058.68994140625,14.57,0.07532133076093572
2016-05-10,2084.389892578125,13.63,1.240636523603733
2016-05-11,2064.4599609375,14.69,-0.9607522877868035
2016-05-12,2064.110107421875,14.41,-0.016947926796451185
2016-05-13,2046.6099853515625,15.04,-0.8514434161752682
2016-05-16,2066.659912109375,14.68,0.9748976389612807
2016-05-17,2047.2099609375,15.57,-0.9455863552163102
2016-05-18,2047.6300048828125,15.95,0.020515768640194665
2016-05-19,2040.0400390625,16.33,-0.3713594522721131
2016-05-20,2052.320068359375,15.2,0.6001459222805039
2016-05-23,2048.0400390625,15.82,-0.20876365681017361
2016-05-24,2076.06005859375,14.42,1.3588637533989534
2016-05-25,2090.5400390625,13.9,0.6950529651583714
2016-05-26,2090.10009765625,13.43,-0.02104660499284705
2016-05-27,2099.06005859375,13.12,0.42776949394394137
2016-05-31,2096.949951171875,14.19,-0.10057686205895422
2016-06-01,2099.330078125,14.2,0.11343986539262829
2016-06-02,2105.260009765625,13.63,0.2820696166986103
2016-06-03,2099.1298828125,13.47,-0.29160622366948274
2016-06-06,2109.409912109375,13.65,0.4885328519363519
2016-06-07,2112.1298828125,14.05,0.12886156291971318
2016-06-08,2119.1201171875,14.08,0.3304101971955298
2016-06-09,2115.47998046875,14.64,-0.17192355978936646
2016-06-10,2096.070068359375,17.03,-0.9217532410166207
2016-06-13,2079.06005859375,20.97,-0.8148298789709685
2016-06-14,2075.320068359375,20.5,-0.18005050719720472
2016-06-15,2071.5,20.14,-0.18424090638102797
2016-06-16,2077.989990234375,19.37,0.3128093111046226
2016-06-17,2071.219970703125,19.41,-0.3263284144609635
2016-06-20,2083.25,18.37,0.5791382778423504
2016-06-21,2088.89990234375,18.48,0.2708390604209576
2016-06-22,2085.449951171875,21.17,-0.16529289965756533
2016-06-23,2113.320068359375,17.25,1.3275567071954875
2016-06-24,2037.4100341796875,25.76,-3.6580792805582796
2016-06-27,2000.5400390625,23.85,-1.8262246511702607
2016-06-28,2036.0899658203125,18.75,1.7614121604087707
2016-06-29,2070.77001953125,16.64,1.6889242971254603
2016-06-30,2098.860107421875,15.63,1.347386314946597
2016-07-01,2102.949951171875,14.77,0.19467062930313972
2016-07-05,2088.550048828125,15.58,-0.6871028985598215
2016-07-06,2099.72998046875,14.96,0.5338687058276115
2016-07-07,2097.89990234375,14.76,-0.08719578867335542
2016-07-08,2129.89990234375,13.2,1.5138186565992306
2016-07-11,2137.159912109375,13.54,0.3402819311999039
2016-07-12,2152.139892578125,13.55,0.6984842307344863
2016-07-13,2152.429931640625,13.04,0.01347586749824714
2016-07-14,2163.75,12.82,0.5245422801696265
2016-07-15,2161.739990234375,12.67,-0.0929379059870783
2016-07-18,2166.889892578125,12.44,0.23794618218691
2016-07-19,2163.780029296875,11.97,-0.14362045004157054
2016-07-20,2173.02001953125,11.77,0.42612083157642644
2016-07-21,2165.169921875,12.74,-0.3619069856525492
2016-07-22,2175.030029296875,12.02,0.4543626789510036
2016-07-25,2168.47998046875,12.87,-0.30160187399292937
2016-07-26,2169.179931640625,13.05,0.0322732160719319
2016-07-27,2166.580078125,12.83,-0.11992609468087778
2016-07-28,2170.06005859375,12.72,0.16049204480923507
2016-07-29,2173.60009765625,11.87,0.16299801176575812
2016-08-01,2170.840087890625,12.44,-0.12705941474910887
2016-08-02,2157.030029296875,13.37,-0.6381940812667075
2016-08-03,2163.7900390625,12.86,0.3129042716071062
2016-08-04,2164.25,12.42,0.021254929948888446
2016-08-05,2182.8701171875,11.39,0.8566697289380087
2016-08-08,2180.889892578125,11.5,-0.09075772915414504
2016-08-09,2181.739990234375,11.66,0.038971798655573764
2016-08-10,2175.489990234375,12.05,-0.2868797063488415
2016-08-11,2185.7900390625,11.68,0.47234151024442284
2016-08-12,2184.050048828125,11.55,-0.07963633869145781
2016-08-15,2190.14990234375,11.81,0.27890162945221064
2016-08-16,2178.14990234375,12.64,-0.5494142216478259
2016-08-17,2182.219970703125,12.19,0.1866846006155498
2016-08-18,2187.02001953125,11.43,0.21972016963829333
2016-08-19,2183.8701171875,11.34,-0.1441309568768645
2016-08-22,2182.639892578125,12.27,-0.056348188332311366
2016-08-23,2186.89990234375,12.38,0.19498671783617638
2016-08-24,2175.43994140625,13.45,-0.5254055259671375
2016-08-25,2172.469970703125,13.63,-0.13661603966461655
2016-08-26,2169.0400390625,13.65,-0.15800642387127084
2016-08-29,2180.3798828125,12.94,0.5214428428674367
2016-08-30,2176.1201171875,13.12,-0.19555914071229807
2016-08-31,2170.949951171875,13.42,-0.2378691105562325
2016-09-01,2170.860107421875,13.48,-0.004138538941145242
2016-09-02,2179.97998046875,11.98,0.41922415990347517
2016-09-06,2186.47998046875,12.02,0.2977242370004518
2016-09-07,2186.159912109375,11.94,-0.014639593829279818
2016-09-08,2181.300048828125,12.51,-0.22254881924705927
2016-09-09,2127.81005859375,17.5,-2.4827742410836073
2016-09-12,2159.0400390625,15.16,1.4570387233434623
2016-09-13,2127.02001953125,17.85,-1.4941748278211264
2016-09-14,2125.77001953125,18.14,-0.05878493998130452
2016-09-15,2147.260009765625,16.3,1.0058516449440447
2016-09-16,2139.159912109375,15.37,-0.37794277955720545
2016-09-19,2139.1201171875,15.53,-0.0018603233825409404
2016-09-20,2139.760009765625,15.92,0.02990934842346249
2016-09-21,2163.1201171875,13.3,1.0858000333636042
2016-09-22,2177.179931640625,12.02,0.6478751917641468
2016-09-23,2164.68994140625,12.29,-0.5753292959718159
2016-09-26,2146.10009765625,14.5,-0.8624850117916694
2016-09-27,2159.929931640625,13.1,0.6423495165297943
2016-09-28,2171.3701171875,12.39,0.5282576603643285
2016-09-29,2151.1298828125,14.02,-0.9365127730081468
2016-09-30,2168.27001953125,13.29,0.7936392588027807
2016-10-03,2161.199951171875,13.57,-0.32660231815277996
2016-10-04,2150.489990234375,13.63,-0.4967881786361872
2016-10-05,2159.72998046875,12.99,0.4287486231197235
2016-10-06,2160.77001953125,12.84,0.04814438526041798
2016-10-07,2153.739990234375,13.48,-0.32587874416138973
2016-10-10,2163.659912109375,13.38,0.45953303173247306
2016-10-11,2136.72998046875,15.36,-1.2524577697756278
2016-10-12,2139.179931640625,15.91,0.114593220639847
2016-10-13,2132.550048828125,16.69,-0.3104076412233425
2016-10-14,2132.97998046875,16.12,0.0201584159120749
2016-10-17,2126.5,16.21,-0.3042618111839701
2016-10-18,2139.60009765625,15.28,0.614150560569815
2016-10-19,2144.2900390625,14.41,0.21895721553502057
2016-10-20,2141.340087890625,13.75,-0.13766711313802915
2016-10-21,2141.159912109375,13.34,-0.00841451401552007
2016-10-24,2151.330078125,13.02,0.4738594647427874
2016-10-25,2143.159912109375,13.46,-0.38049574647063267
2016-10-26,2139.429931640625,14.24,-0.17419279211878802
2016-10-27,2133.0400390625,15.36,-0.29911959060084925
2016-10-28,2126.409912109375,16.19,-0.3113140139625159
2016-10-31,2126.14990234375,17.06,-0.012228388419810443
2016-11-01,2111.719970703125,18.56,-0.6810019108735688
2016-11-02,2097.93994140625,19.32,-0.654688445345375
2016-11-03,2088.659912109375,22.08,-0.4433213022609017
2016-11-04,2085.179931640625,22.51,-0.166752027169359
2016-11-07,2131.52001953125,18.71,2.1980199729465077
2016-11-08,2139.56005859375,18.74,0.3764878397158
2016-11-09,2163.260009765625,14.38,1.1016119879656117
2016-11-10,2167.47998046875,14.74,0.19488457160949935
2016-11-11,2164.449951171875,14.17,-0.13989283477977565
2016-11-14,2164.199951171875,14.48,-0.011550945718319383
2016-11-15,2180.389892578125,13.37,0.7452955022089647
2016-11-16,2176.93994140625,13.72,-0.15835165223760939
2016-11-17,2187.1201171875,13.35,0.4665469361198049
2016-11-18,2181.89990234375,12.85,-0.2389651365549028
2016-11-21,2198.179931640625,12.42,0.7433702070874126
2016-11-22,2202.93994140625,12.41,0.2163091103593473
2016-11-23,2204.719970703125,12.43,0.08076981569082875
2016-11-25,2213.35009765625,12.34,0.39067456134240786
2016-11-28,2201.719970703125,13.15,-0.5268389254735162
2016-11-29,2204.659912109375,12.9,0.13344023532617655
2016-11-30,2198.81005859375,13.33,-0.2656930555156478
2016-12-01,2191.080078125,14.07,-0.3521722966763896
2016-12-02,2191.949951171875,14.12,0.03969277200850385
2016-12-05,2204.7099609375,12.14,0.5804426926743211
2016-12-06,2212.22998046875,11.79,0.3405084468874442
2016-12-07,2241.35009765625,12.22,1.307735874472371
2016-12-08,2246.18994140625,12.64,0.21570150168708224
2016-12-09,2259.530029296875,11.75,0.5921418532969902
2016-12-12,2256.9599609375,12.64,-0.11380822905993071
2016-12-13,2271.719970703125,12.72,0.6518483201237046
2016-12-14,2253.280029296875,13.19,-0.8150295461859081
2016-12-15,2262.030029296875,12.79,0.3875707687553742
2016-12-16,2258.070068359375,12.2,-0.17521567509799496
2016-12-19,2262.530029296875,11.71,0.19731727152114686
2016-12-20,2270.760009765625,11.45,0.36309124011522087
2016-12-21,2265.179931640625,11.27,-0.24603857246772165
2016-12-22,2260.9599609375,11.43,-0.1864711222396842
2016-12-23,2263.7900390625,11.44,0.125093253507913
2016-12-27,2268.8798828125,11.99,0.22458489045487084
2016-12-28,2249.919921875,12.95,-0.8391640709771053
2016-12-29,2249.260009765625,13.37,-0.029334773186828755
2016-12-30,2238.830078125,14.04,-0.46478346968550355
2017-01-03,2257.830078125,12.85,0.8450766753157701
2017-01-04,2270.75,11.85,0.5705963770549438
2017-01-05,2269.0,11.67,-0.07709676024818535
2017-01-06,2276.97998046875,11.32,0.35107891805798985
2017-01-09,2268.89990234375,11.56,-0.35549054715602324
2017-01-10,2268.89990234375,11.49,0.0
2017-01-11,2275.320068359375,11.26,0.2825642389102434
2017-01-12,2270.43994140625,11.54,-0.21471123937297776
2017-01-13,2274.639892578125,11.23,0.18481313951461686
2017-01-17,2267.889892578125,11.87,-0.29719144562179167
2017-01-18,2271.889892578125,12.48,0.17622004698090166
2017-01-19,2263.68994140625,12.78,-0.36158376243191626
2017-01-20,2271.31005859375,11.54,0.33605840613004645
2017-01-23,2265.199951171875,11.77,-0.2693749646070387
2017-01-24,2280.070068359375,11.07,0.6543140528962432
2017-01-25,2298.3701171875,10.81,0.7994052795968543
2017-01-26,2296.679931640625,10.63,-0.07356549352630637
2017-01-27,2294.68994140625,10.58,-0.08668394897410892
2017-01-30,2280.89990234375,11.88,-0.6027673496096675
2017-01-31,2278.8701171875,11.99,-0.08903016080328285
2017-02-01,2279.550048828125,11.81,0.02983189881167192
2017-02-02,2280.85009765625,11.93,0.05701468386902775
2017-02-03,2297.419921875,10.97,0.7238496854554022
2017-02-06,2292.56005859375,11.37,-0.21175975137088798
2017-02-07,2293.080078125,11.29,0.022680346384529315
2017-02-08,2294.669921875,11.45,0.06930821486097472
2017-02-09,2307.8701171875,10.88,0.5736063735960251
2017-02-10,2316.10009765625,10.85,0.3559706822009012
2017-02-13,2328.25,11.07,0.5232133584011756
2017-02-14,2337.580078125,10.74,0.39993271956726417
2017-02-15,2349.25,11.97,0.49798886657344
2017-02-16,2347.219970703125,11.76,-0.08644916015505544
2017-02-17,2351.159912109375,11.49,0.16771493272376148
2017-02-21,2365.3798828125,11.57,0.6029850020069283
2017-02-22,2362.820068359375,11.74,-0.10827861468039046
2017-02-23,2363.81005859375,11.71,0.041889897125901854
2017-02-24,2367.340087890625,11.47,0.1492250232031367
2017-02-27,2369.75,12.09,0.10174652677337193
2017-02-28,2363.639892578125,12.92,-0.2581706115194926
2017-03-01,2395.9599609375,12.54,1.3581211083725009
2017-03-02,2381.919921875,11.81,-0.5877116972104801
2017-03-03,2383.1201171875,10.96,0.05037503685345612
2017-03-06,2375.31005859375,11.24,-0.32826227635656124
2017-03-07,2368.389892578125,11.45,-0.2917625902089327
2017-03-08,2362.97998046875,11.86,-0.22868279640642086
2017-03-09,2364.8701171875,12.3,0.07995756127661124
2017-03-10,2372.60009765625,11.66,0.326333970585857
2017-03-13,2373.469970703125,11.35,0.03665656191698119
2017-03-14,2365.449951171875,12.3,-0.3384748980891139
2017-03-15,2385.260009765625,11.63,0.8339879124686256
2017-03-16,2381.3798828125,11.21,-0.16280347991832755
2017-03-17,2378.25,11.28,-0.13151792642318583
2017-03-20,2373.469970703125,11.34,-0.2011916080379983
2017-03-21,2344.02001953125,12.47,-1.2485594590102345
2017-03-22,2348.449951171875,12.81,0.18881028474631023
2017-03-23,2345.9599609375,13.12,-0.10608321448302149
2017-03-24,2343.97998046875,12.96,-0.08443522139387483
2017-03-27,2341.590087890625,12.5,-0.10201075858455866
2017-03-28,2358.570068359375,11.53,0.7225308829624133
2017-03-29,2361.1298828125,11.42,0.10847362038299835
2017-03-30,2368.06005859375,11.54,0.2930810911704995
2017-03-31,2362.719970703125,12.37,-0.22575939382667443
2017-04-03,2358.840087890625,12.38,-0.16434753080130093
2017-04-04,2360.159912109375,11.79,0.05593660746612272
2017-04-05,2352.949951171875,12.89,-0.3059536811522712
2017-04-06,2357.489990234375,12.39,0.1927650293735539
2017-04-07,2355.5400390625,12.87,-0.08274724629453445
2017-04-10,2357.159912109375,14.05,0.06874501357838625
2017-04-11,2353.780029296875,15.07,-0.1434908291958692
2017-04-12,2344.929931640625,15.77,-0.3767037418986874
2017-04-13,2328.949951171875,15.96,-0.6838020289804625
2017-04-17,2349.010009765625,14.66,0.8576465691107593
2017-04-18,2342.18994140625,14.42,-0.2907602845833246
2017-04-19,2338.169921875,14.93,-0.17178253968683777
2017-04-20,2355.840087890625,14.15,0.7528850362973571
2017-04-21,2348.68994140625,14.63,-0.30396881071155235
2017-04-24,2374.14990234375,10.84,1.078173658811199
2017-04-25,2388.610107421875,10.76,0.6072214211751081
2017-04-26,2387.449951171875,10.85,-0.04858214756868762
2017-04-27,2388.77001953125,10.36,0.055276700029871506
2017-04-28,2384.199951171875,10.82,-0.1914979471489886
2017-05-01,2388.330078125,10.11,0.17307918268940625
2017-05-02,2391.169921875,10.59,0.11883435858113245
2017-05-03,2388.1298828125,10.68,-0.1272169395827305
2017-05-04,2389.52001953125,10.46,0.0581933287869596
2017-05-05,2399.2900390625,10.57,0.40803594074780847
2017-05-08,2399.3798828125,9.77,0.003744527190807645
2017-05-09,2396.919921875,9.96,-0.1025774556793202
2017-05-10,2399.6298828125,10.21,0.11299627174494731
2017-05-11,2394.43994140625,10.6,-0.21651513741067774
2017-05-12,2390.89990234375,10.4,-0.14795353407937029
2017-05-15,2402.320068359375,10.42,0.47651423030146134
2017-05-16,2400.669921875,10.65,-0.06871330369859763
2017-05-17,2357.030029296875,15.59,-1.8345468171115265
2017-05-18,2365.719970703125,14.66,0.368003862721622
2017-05-19,2381.72998046875,12.04,0.674470320820042
2017-05-22,2394.02001953125,10.93,0.5146863296008775
2017-05-23,2398.419921875,10.72,0.1836185172380489
2017-05-24,2404.389892578125,10.02,0.24860338045762376
2017-05-25,2415.070068359375,9.99,0.4432112041977909
2017-05-26,2415.820068359375,9.81,0.031050178530289685
2017-05-30,2412.909912109375,10.38,-0.12053507295339827
2017-05-31,2411.800048828125,10.41,-0.046007461995145604
2017-06-01,2430.06005859375,9.89,0.7542595584847156
2017-06-02,2439.070068359375,9.75,0.370087461804669
2017-06-05,2436.10009765625,10.07,-0.12184071404286456
2017-06-06,2429.330078125,10.45,-0.27829086662043423
2017-06-07,2433.139892578125,10.39,0.15670287963471807
2017-06-08,2433.7900390625,10.16,0.026716903566459393
2017-06-09,2431.77001953125,10.7,-0.08303338661868054
2017-06-12,2429.389892578125,11.46,-0.09792424797181454
2017-06-13,2440.35009765625,10.42,0.45013588432301077
2017-06-14,2437.919921875,10.64,-0.09963269653177065
2017-06-15,2432.4599609375,10.9,-0.22421097968399195
2017-06-16,2433.14990234375,10.38,0.0283599150058933
2017-06-19,2453.4599609375,10.37,0.831258320689443
2017-06-20,2437.030029296875,10.86,-0.671916044693166
2017-06-21,2435.610107421875,10.75,-0.05828141932715525
2017-06-22,2434.5,10.48,-0.045588597243817475
2017-06-23,2438.300048828125,10.02,0.15596985554084952
2017-06-26,2439.070068359375,9.9,0.03157519397332109
2017-06-27,2419.3798828125,11.06,-0.8105586575672952
2017-06-28,2440.68994140625,10.03,0.8769501646550992
2017-06-29,2419.699951171875,11.44,-0.8637216844141982
2017-06-30,2423.409912109375,11.18,0.15320576108743822
2017-07-03,2429.010009765625,11.22,0.23081679791472354
2017-07-05,2432.5400390625,11.07,0.14522240362886407
2017-07-06,2409.75,12.54,-0.9412987306865794
2017-07-07,2425.179931640625,11.19,0.6382712569615201
2017-07-10,2427.429931640625,11.11,0.09273361035129213
2017-07-11,2425.530029296875,10.89,-0.07829870660822635
2017-07-12,2443.25,10.3,0.7279050947821553
2017-07-13,2447.830078125,9.9,0.18728294734726703
2017-07-14,2459.27001953125,9.51,0.4662616170009848
2017-07-17,2459.139892578125,9.82,-0.005291423670694684
2017-07-18,2460.610107421875,9.89,0.05976786981110038
2017-07-19,2473.830078125,9.79,0.535825821605318
2017-07-20,2473.449951171875,9.58,-0.015367108860697698
2017-07-21,2472.5400390625,9.36,-0.03679393292088662
2017-07-24,2469.909912109375,9.43,-0.10643009954085514
2017-07-25,2477.1298828125,9.43,0.2918907519897651
2017-07-26,2477.830078125,9.6,0.02826240061200025
2017-07-27,2475.419921875,10.11,-0.09731616373942487
2017-07-28,2472.10009765625,10.29,-0.1342015678115871
2017-07-31,2470.300048828125,10.26,-0.07284108345597673
2017-08-01,2476.35009765625,10.09,0.24461207749384428
2017-08-02,2477.570068359375,10.28,0.049252740734750944
2017-08-03,2472.159912109375,10.44,-0.21860418349461952
2017-08-04,2476.830078125,10.03,0.1887321417539667
2017-08-07,2480.909912109375,9.93,0.16458446442806363
2017-08-08,2474.919921875,10.96,-0.24173522303856387
2017-08-09,2474.02001953125,11.11,-0.036367479271248726
2017-08-10,2438.2099609375,16.04,-1.458021840074153
2017-08-11,2441.320068359375,15.51,0.12747571279874137
2017-08-14,2465.840087890625,12.33,0.9993651246049673
2017-08-15,2464.610107421875,12.04,-0.049893232688358324
2017-08-16,2468.110107421875,11.74,0.14190955233326363
2017-08-17,2430.010009765625,15.55,-1.555734248719176
2017-08-18,2425.550048828125,14.26,-0.1837053661351895
2017-08-21,2428.3701171875,13.19,0.11619757145657772
2017-08-22,2452.510009765625,11.35,0.989169526062561
2017-08-23,2444.0400390625,12.25,-0.34595701326392003
2017-08-24,2438.969970703125,12.23,-0.20766167471384378
2017-08-25,2443.050048828125,11.28,0.1671471668937663
2017-08-28,2444.239990234375,11.32,0.04869534732963032
2017-08-29,2446.300048828125,11.7,0.08424667620099413
2017-08-30,2457.590087890625,11.22,0.46045317880603065
2017-08-31,2471.64990234375,10.59,0.5704673584713937
2017-09-01,2476.550048828125,10.13,0.19805780423354236
2017-09-05,2457.85009765625,12.23,-0.7579458552145368
2017-09-06,2465.5400390625,11.63,0.31238424931441244
2017-09-07,2465.10009765625,11.55,-0.017845204485311683
2017-09-08,2461.429931640625,12.12,-0.14899601434583687
2017-09-11,2488.110107421875,10.73,1.078097519714749
2017-09-12,2496.47998046875,10.58,0.33583025948829004
2017-09-13,2498.3701171875,10.5,0.07568342480830381
2017-09-14,2495.6201171875,10.44,-0.11013238508281731
2017-09-15,2500.22998046875,10.17,0.18454775461593798
2017-09-18,2503.8701171875,10.15,0.14548619291288034
2017-09-19,2506.64990234375,10.18,0.11095796167319705
2017-09-20,2508.239990234375,9.78,0.0634146702309657
2017-09-21,2500.60009765625,9.67,-0.3050565946915107
2017-09-22,2502.219970703125,9.59,0.06475839951667339
2017-09-25,2496.659912109375,10.21,-0.22245226998540701
2017-09-26,2496.840087890625,10.17,0.00721641258953909
2017-09-27,2507.0400390625,9.87,0.4076822401987812
2017-09-28,2510.06005859375,9.55,0.1203890628937998
2017-09-29,2519.360107421875,9.51,0.36982630684985196
2017-10-02,2529.1201171875,9.45,0.3866518829712895
2017-10-03,2534.580078125,9.51,0.21565111846602036
2017-10-04,2537.739990234375,9.63,0.12459436611136354
2017-10-05,2552.070068359375,9.19,0.5630904031293404
2017-10-06,2549.330078125,9.65,-0.107421116523998
2017-10-09,2544.72998046875,10.33,-0.1806063868014185
2017-10-10,2550.639892578125,10.08,0.23197196304787226
2017-10-11,2555.239990234375,9.85,0.18018829296631012
2017-10-12,2550.929931640625,9.91,-0.16881771203509643
2017-10-13,2553.169921875,9.61,0.08777220048461487
2017-10-16,2557.639892578125,9.91,0.17492225323056942
2017-10-17,2559.360107421875,10.31,0.06723529054335486
2017-10-18,2561.260009765625,10.07,0.07420595113298845
2017-10-19,2562.10009765625,10.05,0.03279441150105811
2017-10-20,2575.2099609375,9.97,0.5103796185029985
2017-10-23,2564.97998046875,11.07,-0.3980395312996876
2017-10-24,2569.1298828125,11.16,0.16166008745583937
2017-10-25,2557.14990234375,11.23,-0.4673955687260367
2017-10-26,2560.39990234375,11.3,0.12701392506020426
2017-10-27,2581.070068359375,9.8,0.8040609979727442
2017-10-30,2572.830078125,10.5,-0.3197577376741201
2017-10-31,2575.260009765625,10.18,0.09440129366797834
2017-11-01,2579.360107421875,10.2,0.15908441079037772
2017-11-02,2579.85009765625,9.93,0.01899477696669649
2017-11-03,2587.840087890625,9.14,0.3092289326314557
2017-11-06,2591.1298828125,9.4,0.12704438847759292
2017-11-07,2590.639892578125,9.89,-0.018912080508215467
2017-11-08,2594.3798828125,9.78,0.1442613932060688
2017-11-09,2584.6201171875,10.5,-0.3768981339369759
2017-11-10,2582.300048828125,11.29,-0.0898046976053557
2017-11-13,2584.840087890625,11.5,0.09831509112929737
2017-11-14,2578.8701171875,11.59,-0.23122805602824315
2017-11-15,2564.6201171875,13.13,-0.5540998742123548
2017-11-16,2585.639892578125,11.76,0.8162652782972124
2017-11-17,2578.85009765625,11.43,-0.2629416978897403
2017-11-20,2582.139892578125,10.65,0.1274869888790775
2017-11-21,2599.030029296875,9.73,0.6519838879752271
2017-11-22,2597.080078125,9.88,-0.07505427033294154
2017-11-24,2602.419921875,9.67,0.20539842782323348
2017-11-27,2601.419921875,9.87,-0.038433158680373225
2017-11-28,2627.0400390625,10.03,0.9800332196793882
2017-11-29,2626.070068359375,10.7,-0.036929388279105524
2017-11-30,2647.580078125,11.28,0.8157586662811411
2017-12-01,2642.219970703125,11.43,-0.20265829358052656
2017-12-04,2639.43994140625,11.68,-0.10527105492865729
2017-12-05,2629.570068359375,11.33,-0.37463905259551566
2017-12-06,2629.27001953125,11.02,-0.01141121705305892
2017-12-07,2636.97998046875,10.16,0.2928067010109281
2017-12-08,2651.5,9.58,0.5491202035518228
2017-12-11,2659.989990234375,9.34,0.31968421216959086
2017-12-12,2664.110107421875,9.92,0.15477237220897777
2017-12-13,2662.85009765625,10.18,-0.047306897015086946
2017-12-14,2652.010009765625,10.49,-0.4079167730762556
2017-12-15,2675.81005859375,9.42,0.8934313410143169
2017-12-18,2690.159912109375,9.53,0.5348478579596971
2017-12-19,2681.469970703125,10.03,-0.3235498043117957
2017-12-20,2679.25,9.72,-0.08282360735725192
2017-12-21,2684.570068359375,9.62,0.1983687012658386
2017-12-22,2683.340087890625,9.9,-0.04582716381138496
2017-12-26,2680.5,10.25,-0.10589757000589728
2017-12-27,2682.6201171875,10.47,0.07906283102423473
2017-12-28,2687.5400390625,10.18,0.18323190029194691
2017-12-29,2673.610107421875,11.04,-0.5196632292747694
2018-01-02,2695.81005859375,9.77,0.8269078218397397
2018-01-03,2713.06005859375,9.15,0.6378433243936499
2018-01-04,2723.989990234375,9.22,0.4020542855326603
2018-01-05,2743.14990234375,9.22,0.7009145888585699
2018-01-08,2747.7099609375,9.52,0.16609637672972966
2018-01-09,2751.2900390625,10.08,0.13020835172978806
2018-01-10,2748.22998046875,9.82,-0.11128458115203799
2018-01-11,2767.56005859375,9.88,0.7009025768881294
2018-01-12,2786.239990234375,10.16,0.6726926399094779
2018-01-16,2776.419921875,11.66,-0.35307132616031467
2018-01-17,2802.56005859375,11.91,0.9371006206502663
2018-01-18,2798.030029296875,12.22,-0.1617697497473536
2018-01-19,2810.300048828125,11.27,0.4375647986989861
2018-01-22,2832.969970703125,11.03,0.803436438221361
2018-01-23,2839.1298828125,11.1,0.21720049682221187
2018-01-24,2837.5400390625,11.47,-0.05601325472319729
2018-01-25,2839.25,11.58,0.060243939883264375
2018-01-26,2872.8701171875,11.08,1.1771638106083948
2018-01-29,2853.530029296875,13.84,-0.6754736284862339
2018-01-30,2822.429931640625,14.79,-1.0958642805337426
2018-01-31,2823.81005859375,13.54,0.048886585869478694
2018-02-01,2821.97998046875,13.47,-0.0648298352023069
2018-02-02,2762.1298828125,17.31,-2.1436680516699447
2018-02-05,2648.93994140625,37.32,-4.184254093838113
2018-02-06,2695.139892578125,29.98,1.7290573348937244
2018-02-07,2681.659912109375,27.73,-0.5014138223752518
2018-02-08,2581.0,33.46,-3.8259052245801506
2018-02-09,2619.550048828125,29.06,1.4825645199524118
2018-02-12,2656.0,25.61,1.3818665678186015
2018-02-13,2662.93994140625,24.97,0.26095219802773073
2018-02-14,2698.6298828125,19.26,1.3313439808896987
2018-02-15,2731.199951171875,19.13,1.1996861776776058
2018-02-16,2732.219970703125,19.46,0.037339964992089136
2018-02-20,2716.260009765625,20.6,-0.5858517106837269
2018-02-21,2701.330078125,20.02,-0.5511664483310419
2018-02-22,2703.9599609375,18.72,0.09730774855780666
2018-02-23,2747.300048828125,16.49,1.5901278245120665
2018-02-26,2779.60009765625,15.8,1.1688438620627295
2018-02-27,2744.280029296875,18.59,-1.278831144146686
2018-02-28,2713.830078125,19.85,-1.1157806083656574
2018-03-01,2677.669921875,22.47,-1.3413965854875975
2018-03-02,2691.25,19.59,0.5058785485198669
2018-03-05,2720.93994140625,18.73,1.0971617610525897
2018-03-06,2728.1201171875,18.36,0.26353829319969435
2018-03-07,2726.800048828125,17.76,-0.048399182571667865
2018-03-08,2738.969970703125,16.54,0.4453148208884983
2018-03-09,2786.570068359375,14.64,1.7229546741207358
2018-03-12,2783.02001953125,15.78,-0.1274797337997846
2018-03-13,2765.31005859375,16.35,-0.6383910414315075
2018-03-14,2749.47998046875,17.23,-0.5740969825188458
2018-03-15,2747.330078125,16.59,-0.07822363990968029
2018-03-16,2752.010009765625,15.8,0.17019979472321367
2018-03-19,2712.919921875,19.02,-1.4306040541374188
2018-03-20,2716.93994140625,18.2,0.14807086617194543
2018-03-21,2711.929931640625,17.86,-0.1845692125629128
2018-03-22,2643.68994140625,23.34,-2.548488697285478
2018-03-23,2588.260009765625,24.87,-2.1189807311750464
2018-03-26,2658.550048828125,21.03,2.679504070603489
2018-03-27,2612.6201171875,22.5,-1.7427285645321255
2018-03-28,2605.0,22.87,-0.29209188994627766
2018-03-29,2640.8701171875,19.97,1.3675777493843633
2018-04-02,2581.8798828125,23.62,-2.259068234349648
2018-04-03,2614.449951171875,21.1,1.2535961315741417
2018-04-04,2644.68994140625,20.06,1.1500102346446717
2018-04-05,2662.840087890625,18.94,0.6839421401651613
2018-04-06,2604.469970703125,21.49,-2.216406705706575
2018-04-09,2613.159912109375,21.77,0.33309949675937034
2018-04-10,2656.8701171875,20.47,1.6588598996313486
2018-04-11,2642.18994140625,20.24,-0.5540685772460918
2018-04-12,2663.989990234375,18.49,0.8216898697656738
2018-04-13,2656.300048828125,17.41,-0.28907998267069246
2018-04-16,2677.840087890625,16.56,0.80763368015635
2018-04-17,2706.389892578125,15.25,1.0605071613866812
2018-04-18,2708.639892578125,15.6,0.0831020407552785
2018-04-19,2693.1298828125,15.96,-0.5742581795832535
2018-04-20,2670.139892578125,16.88,-0.8573177188352155
2018-04-23,2670.2900390625,16.34,0.005623011118416343
2018-04-24,2634.56005859375,18.02,-1.3470888006475334
2018-04-25,2639.39990234375,17.84,0.1835374232824094
2018-04-26,2666.93994140625,16.24,1.0380144187376317
2018-04-27,2669.909912109375,15.41,0.11130052713639316
2018-04-30,2648.050048828125,15.93,-0.822119254892062
2018-05-01,2654.800048828125,15.49,0.2545802171026956
2018-05-02,2635.669921875,15.97,-0.7231951201402076
2018-05-03,2629.72998046875,15.9,-0.225621758506378
2018-05-04,2663.419921875,14.77,1.2729810028334398
2018-05-07,2672.6298828125,14.75,0.3451980554990186
2018-05-08,2671.919921875,14.71,-0.026567661173348966
2018-05-09,2697.7900390625,13.42,0.9635647934868707
2018-05-10,2723.070068359375,13.23,0.9327011603848412
2018-05-11,2727.719970703125,12.65,0.17061392709614154
2018-05-14,2730.1298828125,12.93,0.08830995101263284
2018-05-15,2711.449951171875,14.63,-0.6865655043990948
2018-05-16,2722.4599609375,13.42,0.4052339847514297
2018-05-17,2720.1298828125,13.43,-0.08562387886099643
2018-05-18,2712.969970703125,13.42,-0.2635665254550723
2018-05-21,2733.010009765625,13.08,0.7359604547933607
2018-05-22,2724.43994140625,13.22,-0.3140688592875307
2018-05-23,2733.2900390625,12.58,0.32431452068992783
2018-05-24,2727.760009765625,12.53,-0.2025262957722873
2018-05-25,2721.330078125,13.22,-0.2360003054185711
2018-05-29,2689.860107421875,17.02,-1.1631572511792143
2018-05-30,2724.010009765625,14.94,1.2615875351923656
2018-05-31,2705.27001953125,15.43,-0.6903333243434062
2018-06-01,2734.6201171875,13.46,1.0790799709239352
2018-06-04,2746.8701171875,12.74,0.44695948983521916
2018-06-05,2748.800048828125,12.4,0.0702346269576104
2018-06-06,2772.35009765625,11.64,0.8530900637311767
2018-06-07,2770.3701171875,12.13,-0.0714443621984806
2018-06-08,2779.030029296875,12.18,0.31210289077518993
2018-06-11,2782.0,12.35,0.10681370069400842
2018-06-12,2786.85009765625,12.34,0.17418672787039569
2018-06-13,2775.6298828125,12.94,-0.4034254541411819
2018-06-14,2782.489990234375,12.12,0.24685005225038026
2018-06-15,2779.659912109375,11.98,-0.10176203154941277
2018-06-18,2773.75,12.31,-0.21283911808867018
2018-06-19,2762.590087890625,13.35,-0.403151795139145
2018-06-20,2767.320068359375,12.79,0.1710690224112632
2018-06-21,2749.760009765625,14.64,-0.6365728843220175
2018-06-22,2754.8798828125,13.77,0.18602032551342518
2018-06-25,2717.070068359375,17.33,-1.3819722967770787
2018-06-26,2723.06005859375,15.92,0.22021505056963875
2018-06-27,2699.6298828125,17.91,-0.8641586313141048
2018-06-28,2716.31005859375,16.85,0.6159680019031555
2018-06-29,2718.3701171875,16.09,0.07581158875167304
2018-07-02,2726.7099609375,15.6,0.30632608342937573
2018-07-03,2713.219970703125,16.14,-0.49596292805338393
2018-07-05,2736.610107421875,14.97,0.858385674553741
2018-07-06,2759.820068359375,13.37,0.844551760058021
2018-07-09,2784.169921875,12.69,0.878429078534193
2018-07-10,2793.840087890625,12.64,0.3467249318822141
2018-07-11,2774.02001953125,13.63,-0.7119486371916395
2018-07-12,2798.2900390625,12.58,0.8710991580171523
2018-07-13,2801.31005859375,12.18,0.10786555366086858
2018-07-16,2798.429931640625,12.83,-0.10286646208985673
2018-07-17,2809.550048828125,12.06,0.39658243434432805
2018-07-18,2815.6201171875,12.1,0.21581820767373472
2018-07-19,2804.489990234375,12.87,-0.39608268490489706
2018-07-20,2801.830078125,12.86,-0.09488977712743818
2018-07-23,2806.97998046875,12.62,0.1836362343230924
2018-07-24,2820.39990234375,12.41,0.4769518886053703
2018-07-25,2846.070068359375,12.29,0.9060435070372463
2018-07-26,2837.43994140625,12.14,-0.3036902748867476
2018-07-27,2818.820068359375,13.03,-0.6583834644844799
2018-07-30,2802.60009765625,14.26,-0.5770789315587166
2018-07-31,2816.2900390625,12.83,0.48728372193025393
2018-08-01,2813.360107421875,13.15,-0.1040893067570714
2018-08-02,2827.219970703125,12.19,0.4914349582208821
2018-08-03,2840.35009765625,11.64,0.4633432065348053
2018-08-06,2850.39990234375,11.27,0.35319826508013463
2018-08-07,2858.449951171875,10.93,0.28202017464860063
2018-08-08,2857.699951171875,10.85,-0.026241439329499627
2018-08-09,2853.580078125,11.27,-0.14427146770401578
2018-08-10,2833.280029296875,13.16,-0.7139312263245046
2018-08-13,2821.929931640625,14.78,-0.4014037665980297
2018-08-14,2839.9599609375,13.31,0.6368930016417806
2018-08-15,2818.3701171875,14.64,-0.7631208581378779
2018-08-16,2840.68994140625,13.45,0.7888214552638217
2018-08-17,2850.1298828125,12.64,0.3317606375262905
2018-08-20,2857.050048828125,12.49,0.2425074902128621
2018-08-21,2862.9599609375,12.86,0.2066399954626874
2018-08-22,2861.820068359375,12.25,-0.03982310542438583
2018-08-23,2856.97998046875,12.41,-0.16926939235348826
2018-08-24,2874.68994140625,11.99,0.6179705928285095
2018-08-27,2896.739990234375,12.16,0.7641141407110474
2018-08-28,2897.52001953125,12.5,0.026924207759826402
2018-08-29,2914.0400390625,12.25,0.5685242468912222
2018-08-30,2901.1298828125,13.53,-0.4440172044458457
2018-08-31,2901.52001953125,12.86,0.01344684673050267
2018-09-04,2896.719970703125,13.16,-0.16556920488790539
2018-09-05,2888.60009765625,13.91,-0.28070628012661913
2018-09-06,2878.050048828125,14.65,-0.36589910366187084
2018-09-07,2871.679931640625,14.88,-0.22157978950136936
2018-09-10,2877.1298828125,14.16,0.18960282146931462
2018-09-11,2887.889892578125,13.22,0.37328656897148704
2018-09-12,2888.919921875,13.14,0.03566083498940387
2018-09-13,2904.179931640625,12.37,0.5268352159391476
2018-09-14,2904.97998046875,12.07,0.02754439007661702
2018-09-17,2888.800048828125,13.68,-0.558529099154903
2018-09-18,2904.31005859375,12.79,0.5354652867625376
2018-09-19,2907.949951171875,11.75,0.12524880331721278
2018-09-20,2930.75,11.8,0.7810014185328562
2018-09-21,2929.669921875,11.68,-0.03686009370067467
2018-09-24,2919.3701171875,12.2,-0.35218823140139577
2018-09-25,2915.56005859375,12.42,-0.13059484931181586
2018-09-26,2905.969970703125,12.89,-0.3294699681159585
2018-09-27,2914.0,12.41,0.27594762285110264
2018-09-28,2913.97998046875,12.12,-0.0006870144138027001
2018-10-01,2924.590087890625,12.0,0.3634492342198037
2018-10-02,2923.429931640625,12.05,-0.03967689102788441
2018-10-03,2925.510009765625,11.61,0.07112667367188408
2018-10-04,2901.610107421875,14.22,-0.8203035421010085
2018-10-05,2885.570068359375,14.82,-0.554331458462265
2018-10-08,2884.429931640625,15.69,-0.03951947083491447
2018-10-09,2880.340087890625,15.95,-0.14189098341548245
2018-10-10,2785.679931640625,22.96,-3.341638904260158
2018-10-11,2728.3701171875,24.98,-2.0787579972541437
2018-10-12,2767.1298828125,21.31,1.41062354083763
2018-10-15,2750.7900390625,21.3,-0.5922482291300213
2018-10-16,2809.919921875,17.62,2.1267828034901015
2018-10-17,2809.2099609375,17.4,-0.025269426266483208
2018-10-18,2768.780029296875,20.06,-1.4496490575340637
2018-10-19,2767.780029296875,19.89,-0.03612351352799692
2018-10-22,2755.8798828125,19.64,-0.430879709647769
2018-10-23,2740.68994140625,20.71,-0.5527076180694479
2018-10-24,2656.10009765625,25.23,-3.135077386114027
2018-10-25,2705.570068359375,24.22,1.8453717978713868
2018-10-26,2658.68994140625,24.16,-1.7479138010003226
2018-10-29,2641.25,24.7,-0.6581208295194152
2018-10-30,2682.6298828125,23.35,1.554532297187805
2018-10-31,2711.739990234375,21.23,1.07928787545708
2018-11-01,2740.3701171875,19.34,1.0502498868529386
2018-11-02,2723.06005859375,19.51,-0.6336721055880012
2018-11-05,2738.31005859375,19.96,0.5584693697194609
2018-11-06,2755.449951171875,19.91,0.6239787744408254
2018-11-07,2813.889892578125,16.36,2.0987078560773753
2018-11-08,2806.830078125,16.72,-0.25120689884907677
2018-11-09,2781.010009765625,17.36,-0.9241585915372497
2018-11-12,2726.219970703125,20.45,-1.98981509854681
2018-11-13,2722.179931640625,20.02,-0.14830188221734986
2018-11-14,2701.580078125,21.25,-0.7596188818451033
2018-11-15,2730.199951171875,19.98,1.0538032742642756
2018-11-16,2736.27001953125,18.14,0.22208375374832556
2018-11-19,2690.72998046875,20.1,-1.678316123572099
2018-11-20,2641.889892578125,22.48,-1.8317995556586197
2018-11-21,2649.929931640625,20.8,0.3038669310766906
2018-11-23,2632.56005859375,21.52,-0.6576419711855408
2018-11-26,2673.449951171875,18.9,1.5412975845366716
2018-11-27,2682.169921875,19.02,0.3256384364612508
2018-11-28,2743.7900390625,18.49,2.2714051303114324
2018-11-29,2737.800048828125,18.79,-0.21854945453938512
2018-11-30,2760.169921875,18.07,0.8137547716617455
2018-12-03,2790.3701171875,16.44,1.0882001794362495
2018-12-04,2700.06005859375,20.74,-3.290022883855581
2018-12-06,2695.949951171875,21.19,-0.1523387914144081
2018-12-07,2633.080078125,23.23,-2.359633545632267
2018-12-10,2637.719970703125,22.64,0.17606032229169344
2018-12-11,2636.780029296875,21.76,-0.03564096753061463
2018-12-12,2651.070068359375,21.46,0.5404871010351364
2018-12-13,2650.5400390625,20.65,-0.019995031241482053
2018-12-14,2599.949951171875,21.63,-1.927121226870021
2018-12-17,2545.93994140625,24.52,-2.09922848285764
2018-12-18,2546.159912109375,25.58,0.008639685378852846
2018-12-19,2506.9599609375,25.58,-1.5515459175936108
2018-12-20,2467.419921875,28.38,-1.5897809484104464
2018-12-21,2416.6201171875,30.11,-2.080312049854083
2018-12-24,2351.10009765625,36.07,-2.748657287831424
2018-12-26,2467.699951171875,30.41,4.84031776708056
2018-12-27,2488.830078125,29.96,0.8526228968816163
2018-12-28,2485.739990234375,28.34,-0.12423539102313086
2018-12-31,2506.85009765625,25.42,0.845662586220719
2019-01-02,2510.030029296875,23.22,0.12676930626263072
2019-01-03,2447.889892578125,25.45,-2.5068331818915546
2019-01-04,2531.93994140625,21.38,3.3759399060347306
2019-01-07,2549.68994140625,21.4,0.6985975995229765
2019-01-08,2574.409912109375,20.47,0.9648587336497094
2019-01-09,2584.9599609375,19.98,0.4089671332821787
2019-01-10,2596.639892578125,19.5,0.4508241374462152
2019-01-11,2596.260009765625,18.19,-0.01463085444823875
2019-01-14,2582.610107421875,19.07,-0.5271394587249567
2019-01-15,2610.300048828125,18.6,1.0664618879761
2019-01-16,2616.10009765625,19.04,0.221952052908847
2019-01-17,2635.9599609375,18.06,0.7562730706236032
2019-01-18,2670.7099609375,17.8,1.3096912839855257
2019-01-22,2632.89990234375,20.8,-1.4258476827971656
2019-01-23,2638.699951171875,19.52,0.22004899194500993
2019-01-24,2642.330078125,18.89,0.13747801109778024
2019-01-25,2664.760009765625,17.42,0.8452867700517785
2019-01-28,2643.85009765625,18.87,-0.7877775848708524
2019-01-29,2640.0,19.13,-0.14573079351150042
2019-01-30,2681.050048828125,17.66,1.5429609891559615
2019-01-31,2704.10009765625,16.57,0.8560648809768701
2019-02-01,2706.530029296875,16.14,0.0898206584806438
2019-02-04,2724.8701171875,15.73,0.6753381117479584
2019-02-05,2737.699951171875,15.57,0.4697370437350301
2019-02-06,2731.610107421875,15.38,-0.22269157175083265
2019-02-07,2706.050048828125,16.37,-0.9401193202230651
2019-02-08,2707.8798828125,15.72,0.06759725660128169
2019-02-11,2709.800048828125,15.97,0.0708851803818078
2019-02-12,2744.72998046875,15.43,1.280785290283859
2019-02-13,2753.030029296875,15.65,0.3019431593711097
2019-02-14,2745.72998046875,16.22,-0.26551633836984223
2019-02-15,2775.60009765625,14.91,1.0820004664958027
2019-02-19,2779.760009765625,14.88,0.14976213265915916
2019-02-20,2784.699951171875,14.02,0.1775533560740783
2019-02-21,2774.8798828125,14.46,-0.3532669325841731
2019-02-22,2792.669921875,13.51,0.6390638694711015
2019-02-25,2796.110107421875,14.85,0.12311044497517187
2019-02-26,2793.89990234375,15.17,-0.0790769672840419
2019-02-27,2792.3798828125,14.7,-0.054419743629807726
2019-02-28,2784.489990234375,14.78,-0.282950759895062
2019-03-01,2803.68994140625,13.57,0.6871656588713471
2019-03-04,2792.81005859375,14.63,-0.3888107395255247
2019-03-05,2789.64990234375,14.74,-0.11321734897071778
2019-03-06,2771.449951171875,15.74,-0.654547360412483
2019-03-07,2748.929931640625,16.59,-0.8158911138330893
2019-03-08,2743.070068359375,16.05,-0.2133964131454391
2019-03-11,2783.300048828125,14.33,1.4559535563489767
2019-03-12,2791.52001953125,13.77,0.29489657278052306
2019-03-13,2810.919921875,13.41,0.6925546757019063
2019-03-14,2808.47998046875,13.5,-0.08683993315958816
2019-03-15,2822.47998046875,12.88,0.49725194084304647
2019-03-18,2832.93994140625,13.1,0.3699096798908563
2019-03-19,2832.570068359375,13.56,-0.013057007992678393
2019-03-20,2824.22998046875,13.91,-0.29486967407699183
2019-03-21,2854.8798828125,13.63,1.0794015494688836
2019-03-22,2800.7099609375,16.48,-1.9156827134272802
2019-03-25,2798.360107421875,16.33,-0.0839372833310037
2019-03-26,2818.4599609375,14.68,0.7157052947934339
2019-03-27,2805.3701171875,15.15,-0.4655143276599105
2019-03-28,2815.43994140625,14.43,0.35830547152615466
2019-03-29,2834.39990234375,13.71,0.6711706043324384
2019-04-01,2867.18994140625,13.4,1.1502195518044545
2019-04-02,2867.239990234375,13.36,0.0017455554858436528
2019-04-03,2873.39990234375,13.74,0.214607242008924
2019-04-04,2879.389892578125,13.58,0.2082465242994047
2019-04-05,2892.739990234375,12.82,0.462571762309949
2019-04-08,2895.77001953125,13.18,0.1046911750523627
2019-04-09,2878.199951171875,14.28,-0.6085976435669771
2019-04-10,2888.2099609375,13.3,0.34718377544997736
2019-04-11,2888.320068359375,13.02,0.003812234034228368
2019-04-12,2907.409912109375,12.01,0.6587578389545712
2019-04-15,2905.580078125,12.32,-0.0629567244356366
2019-04-16,2907.06005859375,12.18,0.05092283251393326
2019-04-17,2900.449951171875,12.6,-0.22764008207385444
2019-04-18,2905.030029296875,12.09,0.15778468242499954
2019-04-22,2907.969970703125,12.42,0.10115058169324342
2019-04-23,2933.679931640625,12.28,0.880235117499506
2019-04-24,2927.25,13.14,-0.21941686030357843
2019-04-25,2926.169921875,13.25,-0.03690417402726354
2019-04-26,2939.8798828125,12.73,0.46743503233042105
2019-04-29,2943.030029296875,13.11,0.10709485042346145
2019-04-30,2945.830078125,13.12,0.09509646987915232
2019-05-01,2923.72998046875,14.8,-0.7530445850291834
2019-05-02,2917.52001953125,14.42,-0.2126244648682274
2019-05-03,2945.639892578125,12.87,0.9592127478916801
2019-05-06,2932.469970703125,15.44,-0.4481013189072236
2019-05-07,2884.050048828125,19.32,-1.6649488088905429
2019-05-08,2879.419921875,19.4,-0.16067153894203656
2019-05-09,2870.719970703125,19.1,-0.30259986619283197
2019-05-10,2881.39990234375,16.04,0.3713394069919218
2019-05-13,2811.8701171875,20.55,-2.4426469138497886
2019-05-14,2834.409912109375,18.06,0.7983987523216385
2019-05-15,2850.9599609375,16.44,0.5821994327722457
2019-05-16,2876.320068359375,15.29,0.8855957116499447
2019-05-17,2859.530029296875,15.96,-0.585443717404388
2019-05-20,2840.22998046875,16.31,-0.677225797540526
2019-05-21,2864.360107421875,14.95,0.8459949093190922
2019-05-22,2856.27001953125,14.75,-0.28283923638996455
2019-05-23,2822.239990234375,16.92,-1.1985692241282209
2019-05-24,2826.06005859375,15.85,0.13526437720372542
2019-05-28,2802.389892578125,17.5,-0.8410950000260264
2019-05-29,2783.02001953125,17.9,-0.693591016723083
2019-05-30,2788.860107421875,17.3,0.2096272674997124
2019-05-31,2752.06005859375,18.71,-1.3283205250453456
2019-06-03,2744.449951171875,18.86,-0.2769070654307981
2019-06-04,2803.27001953125,16.97,2.1205927081077824
2019-06-05,2826.14990234375,16.09,0.8128726978813283
2019-06-06,2843.489990234375,15.93,0.611684067600482
2019-06-07,2873.340087890625,16.3,1.0442979247259565
2019-06-10,2886.72998046875,15.94,0.46492200747660917
2019-06-11,2885.719970703125,15.99,-0.03499414579515303
2019-06-12,2879.840087890625,15.91,-0.20396578272370292
2019-06-13,2891.639892578125,15.82,0.40890105028497103
2019-06-14,2886.97998046875,15.28,-0.16128117861526903
2019-06-17,2889.669921875,15.35,0.09313154323526973
2019-06-18,2917.75,15.15,0.9670489592970455
2019-06-19,2926.4599609375,14.33,0.29807167930240297
2019-06-20,2954.179931640625,14.75,0.9427605335873501
2019-06-21,2950.4599609375,15.4,-0.1260016279728049
2019-06-24,2945.35009765625,15.26,-0.17333884605870153
2019-06-25,2917.3798828125,16.28,-0.954177564038794
2019-06-26,2913.780029296875,16.21,-0.12346956788036323
2019-06-27,2924.919921875,15.82,0.3815885792590734
2019-06-28,2941.760009765625,15.08,0.5740941840599589
2019-07-01,2964.330078125,14.06,0.7643018610953511
2019-07-02,2973.010009765625,12.93,0.2923847276989022
2019-07-03,2995.820068359375,12.57,0.7643095660683663
2019-07-05,2990.409912109375,13.28,-0.18075342045484888
2019-07-08,2975.949951171875,13.96,-0.48471730101233845
2019-07-09,2979.6298828125,14.09,0.12357930584538934
2019-07-10,2993.070068359375,13.03,0.45005469360823724
2019-07-11,2999.909912109375,12.93,0.2282619578949152
2019-07-12,3013.77001953125,12.39,0.46095343020660096
2019-07-15,3014.300048828125,12.68,0.017585372838446744
2019-07-16,3004.0400390625,12.86,-0.340958455501017
2019-07-17,2984.419921875,13.97,-0.6552665466093899
2019-07-18,2995.110107421875,13.53,0.35755977088189894
2019-07-19,2976.610107421875,14.45,-0.6195889464843951
2019-07-22,2985.030029296875,13.53,0.2824701686249931
2019-07-23,3005.469970703125,12.61,0.6824145139276538
2019-07-24,3019.56005859375,12.07,0.46771928134763385
2019-07-25,3003.669921875,12.74,-0.5276296483600618
2019-07-26,3025.860107421875,12.16,0.7360535770782661
2019-07-29,3020.969970703125,12.83,-0.16174219290565617
2019-07-30,3013.179931640625,13.94,-0.25819853720445707
2019-07-31,2980.3798828125,16.12,-1.0945206952139408
2019-08-01,2953.56005859375,17.87,-0.9039527568805994
2019-08-02,2932.050048828125,17.61,-0.7309388539565198
2019-08-05,2844.739990234375,24.59,-3.0230182169694864
2019-08-06,2881.77001953125,20.17,1.2933023911166686
2019-08-07,2883.97998046875,19.49,0.07665823338589561
2019-08-08,2938.090087890625,16.91,1.8588462466865074
2019-08-09,2918.64990234375,17.97,-0.6638593133657444
2019-08-12,2882.699951171875,21.09,-1.2393809115915033
2019-08-13,2926.320068359375,17.52,1.5018346267301474
2019-08-14,2840.60009765625,22.1,-2.973035245453559
2019-08-15,2847.60009765625,21.18,0.24612366981804357
2019-08-16,2888.679931640625,18.47,1.4323058172244885
2019-08-19,2923.64990234375,16.88,1.2033175564397425
2019-08-20,2900.510009765625,17.5,-0.7946215312115257
2019-08-21,2924.429931640625,15.8,0.8212979557352895
2019-08-22,2922.949951171875,16.68,-0.05062029592783901
2019-08-23,2847.110107421875,19.87,-2.6288881122837893
2019-08-26,2878.3798828125,19.32,1.0923112730798046
2019-08-27,2869.159912109375,20.31,-0.3208321800556746
2019-08-28,2887.93994140625,19.35,0.652415153056296
2019-08-29,2924.580078125,17.88,1.260748244109422
2019-08-30,2926.4599609375,18.98,0.06425807598766653
2019-09-03,2906.27001953125,19.66,-0.6923009332685304
2019-09-04,2937.780029296875,17.33,1.0783725278421308
2019-09-05,2976.0,16.27,1.2925912921759597
2019-09-06,2978.7099609375,15.0,0.09101908043769313
2019-09-09,2978.429931640625,15.27,-0.009401467889968984
2019-09-10,2979.389892578125,15.2,0.032225242593053594
2019-09-11,3000.929931640625,14.61,0.7203672326387078
2019-09-12,3009.570068359375,14.22,0.2875016278233389
2019-09-13,3007.389892578125,13.74,-0.07246768769650913
2019-09-16,2997.9599609375,14.67,-0.31405129163566414
2019-09-17,3005.699951171875,14.44,0.2578425372462334
2019-09-18,3006.72998046875,13.95,0.0342633284267535
2019-09-19,3006.7900390625,14.05,0.0019974521929810862
2019-09-20,2992.070068359375,15.32,-0.4907599104880589
2019-09-23,2991.780029296875,14.91,-0.009694061782816732
2019-09-24,2966.60009765625,17.05,-0.8451988963551926
2019-09-25,2984.8701171875,15.96,0.6139685241963733
2019-09-26,2977.6201171875,16.07,-0.24318710096125074
2019-09-27,2961.7900390625,17.22,-0.5330534579129242
2019-09-30,2976.739990234375,16.24,0.5034910215249155
2019-10-01,2940.25,18.56,-1.233412694541336
2019-10-02,2887.610107421875,20.56,-1.8065404187643352
2019-10-03,2910.6298828125,19.12,0.7940304773866202
2019-10-04,2952.010009765625,17.04,1.4116785239259855
2019-10-07,2938.7900390625,17.86,-0.4488352273681606
2019-10-08,2893.06005859375,20.28,-1.5683159552110304
2019-10-09,2919.39990234375,18.64,0.9063296514845831
2019-10-10,2938.1298828125,17.57,0.6395202411782819
2019-10-11,2970.27001953125,15.58,1.0879579673789053
2019-10-14,2966.14990234375,14.57,-0.13880816732187995
2019-10-15,2995.679931640625,13.54,0.9906445376488549
2019-10-16,2989.68994140625,13.68,-0.20015445531935683
2019-10-17,2997.949951171875,13.79,0.2759021969774622
2019-10-18,2986.199951171875,14.25,-0.3927045709799515
2019-10-21,3006.719970703125,14.0,0.6848114105334702
2019-10-22,2995.989990234375,14.46,-0.35750492583765947
2019-10-23,3004.52001953125,14.01,0.2843103345830045
2019-10-24,3010.2900390625,13.71,0.19186046591705974
2019-10-25,3022.550048828125,12.65,0.4064429510655998
2019-10-28,3039.419921875,13.11,0.5565819916117931
2019-10-29,3036.889892578125,13.2,-0.08327519564801378
2019-10-30,3046.77001953125,12.33,0.32480894008575234
2019-10-31,3037.56005859375,13.22,-0.3027438634539692
2019-11-01,3066.909912109375,12.3,0.9615930559647268
2019-11-04,3078.27001953125,12.83,0.3697245805312832
2019-11-05,3074.6201171875,13.1,-0.11864027118200227
2019-11-06,3076.780029296875,12.62,0.07022505922886779
2019-11-07,3085.179931640625,12.73,0.27263752442809874
2019-11-08,3093.080078125,12.07,0.25574031451167656
2019-11-11,3087.010009765625,12.69,-0.19643954133385932
2019-11-12,3091.840087890625,12.68,0.15634233012633558
2019-11-13,3094.0400390625,13.0,0.07112815701173503
2019-11-14,3096.6298828125,13.05,0.08366926144560694
2019-11-15,3120.4599609375,12.05,0.76660287779724
2019-11-18,3122.030029296875,12.46,0.05030263228107401
2019-11-19,3120.179931640625,12.86,-0.05927700996934959
2019-11-20,3108.4599609375,12.78,-0.3763256420940664
2019-11-21,3103.5400390625,13.13,-0.1584006086188694
2019-11-22,3110.2900390625,12.34,0.21725739423761325
2019-11-25,3133.639892578125,11.87,0.7479251887467342
2019-11-26,3140.52001953125,11.54,0.21931636449394887
2019-11-27,3153.6298828125,11.75,0.416573562529976
2019-11-29,3140.97998046875,12.62,-0.40192862299885945
2019-12-02,3113.8701171875,14.91,-0.8668483693965001
2019-12-03,3093.199951171875,15.96,-0.666022525804344
2019-12-04,3112.760009765625,14.8,0.6303657608770052
2019-12-05,3117.429931640625,14.52,0.14991269266300122
2019-12-06,3145.909912109375,13.62,0.9094246030425523
2019-12-09,3135.9599609375,15.86,-0.3167833684475596
2019-12-10,3132.52001953125,15.68,-0.10975361689826713
2019-12-11,3141.6298828125,14.99,0.29039375293500314
2019-12-12,3168.570068359375,13.94,0.853866737555542
2019-12-13,3168.800048828125,12.63,0.007257915021519068
2019-12-16,3191.449951171875,12.14,0.7122360942542372
2019-12-17,3192.52001953125,12.29,0.033523602846052825
2019-12-18,3191.139892578125,12.58,-0.043239364052283236
2019-12-19,3205.3701171875,12.5,0.44493788218655794
2019-12-20,3221.219970703125,12.51,0.4932595804334028
2019-12-23,3224.010009765625,12.61,0.08657687142985537
2019-12-24,3223.3798828125,12.67,-0.01954673024684439
2019-12-26,3239.909912109375,12.65,0.5115062410053994
2019-12-27,3240.02001953125,13.43,0.0033984139657050605
2019-12-30,3221.2900390625,14.82,-0.5797596079348821
2019-12-31,3230.780029296875,13.78,0.29416906441905866
2020-01-02,3257.85009765625,12.47,0.8343895362315834
2020-01-03,3234.85009765625,14.02,-0.7084909364953873
2020-01-06,3246.280029296875,13.85,0.3527145194272663
2020-01-07,3237.179931640625,13.79,-0.2807175084594604
2020-01-08,3253.050048828125,13.45,0.4890473485641422
2020-01-09,3274.699951171875,12.54,0.6633214116906316
2020-01-10,3265.35009765625,12.56,-0.2859262487506342
2020-01-13,3288.1298828125,12.32,0.6951994045934384
2020-01-14,3283.14990234375,12.39,-0.1515680836895683
2020-01-15,3289.2900390625,12.42,0.1868450243687647
2020-01-16,3316.81005859375,12.32,0.8331747422232638
2020-01-17,3329.6201171875,12.1,0.38547232474837045
2020-01-21,3320.7900390625,12.85,-0.2655500369584729
2020-01-22,3321.75,12.91,0.02890342966814785
2020-01-23,3325.5400390625,12.98,0.11403261933580211
2020-01-24,3295.469970703125,14.56,-0.908328942619363
2020-01-27,3243.6298828125,18.23,-1.5855752356843666
2020-01-28,3276.239990234375,16.28,1.000338350035257
2020-01-29,3273.39990234375,16.39,-0.08672501435853519
2020-01-30,3283.659912109375,15.49,0.31294569302104946
2020-01-31,3225.52001953125,18.84,-1.7864443571362187
2020-02-03,3248.919921875,17.97,0.722842576123206
2020-02-04,3297.590087890625,16.05,1.4869315917506398
2020-02-05,3334.68994140625,15.15,1.1187778658973357
2020-02-06,3345.780029296875,14.96,0.33201550570023386
2020-02-07,3327.7099609375,15.47,-0.5415491009459927
2020-02-10,3352.090087890625,15.04,0.7299690120573743
2020-02-11,3357.75,15.18,0.1687048686003223
2020-02-12,3379.449951171875,13.74,0.6441853105203066
2020-02-13,3373.93994140625,14.15,-0.16317763599893453
2020-02-14,3380.159912109375,13.68,0.18418360984853166
2020-02-18,3370.2900390625,14.83,-0.2924213986148061
2020-02-19,3386.14990234375,14.38,0.4694748284284955
2020-02-20,3373.22998046875,15.56,-0.38228174279968385
2020-02-21,3337.75,17.08,-1.0573809232820253
2020-02-24,3225.889892578125,25.03,-3.4088079420440565
2020-02-25,3128.2099609375,27.85,-3.074790437535313
2020-02-26,3116.389892578125,27.56,-0.3785697323529291
2020-02-27,2978.760009765625,39.16,-4.5168136352262245
2020-02-28,2954.219970703125,40.11,-0.8272463109652683
2020-03-02,3090.22998046875,33.42,4.501086876941329
2020-03-03,3003.3701171875,36.82,-2.851048492291497
2020-03-04,3130.1201171875,31.99,4.133634936063402
2020-03-05,3023.93994140625,39.62,-3.451078243998218
2020-03-06,2972.3701171875,41.94,-1.7200943652385448
2020-03-09,2746.56005859375,54.46,-7.901041294037192
2020-03-10,2882.22998046875,47.3,4.821505242585911
2020-03-11,2741.3798828125,53.9,-5.010289280860558
2020-03-12,2480.639892578125,75.47,-9.994485240247286
2020-03-13,2711.02001953125,57.83,8.880840694923542
2020-03-16,2386.1298828125,82.69,-12.765219747281709
2020-03-17,2529.18994140625,75.91,5.822631263569189
2020-03-18,2398.10009765625,76.45,-5.322227233208032
2020-03-19,2409.389892578125,72.0,0.46967609704013924
2020-03-20,2304.919921875,66.04,-4.432762405336721
2020-03-23,2237.39990234375,61.59,-2.973150100957689
2020-03-24,2447.330078125,61.67,8.968323251796306
2020-03-25,2475.56005859375,63.95,1.14689904208225
2020-03-26,2630.070068359375,61.0,6.054383107424677
2020-03-27,2541.469970703125,65.54,-3.4267845541626762
2020-03-30,2626.64990234375,57.08,3.2966590569975196
2020-03-31,2584.590087890625,53.54,-1.614231078841577
2020-04-01,2470.5,57.06,-4.514636273278683
2020-04-02,2526.89990234375,50.91,2.257265705696021
2020-04-03,2488.64990234375,46.8,-1.5252860825945014
2020-04-06,2663.679931640625,45.24,6.796824414483105
2020-04-07,2659.409912109375,46.7,-0.16043390483631015
2020-04-08,2749.97998046875,43.35,3.3489371191285144
2020-04-09,2789.820068359375,41.67,1.4383470303699575
2020-04-13,2761.6298828125,41.17,-1.0156059444677012
2020-04-14,2846.06005859375,37.76,3.011455957230691
2020-04-15,2783.360107421875,40.84,-2.2276732672368738
2020-04-16,2799.550048828125,40.11,0.5799837839541411
2020-04-17,2874.56005859375,38.15,2.6440932021320585
2020-04-20,2823.159912109375,43.83,-1.8042845615347858
2020-04-21,2736.56005859375,45.41,-3.1155115236330744
2020-04-22,2799.31005859375,41.98,2.2671300582136844
2020-04-23,2797.800048828125,41.38,-0.05395676601960275
2020-04-24,2836.739990234375,35.93,1.3822090566839584
2020-04-27,2878.47998046875,33.29,1.4606868181735955
2020-04-28,2863.389892578125,33.57,-0.5256170190484077
2020-04-29,2939.510009765625,31.23,2.623670404507372
2020-04-30,2912.429931640625,34.15,-0.9255143319054859
2020-05-01,2830.7099609375,37.19,-2.846021101477625
2020-05-04,2842.739990234375,35.97,0.42408225788497234
2020-05-05,2868.43994140625,33.61,0.8999935197779863
2020-05-06,2848.419921875,34.12,-0.700388039904265
2020-05-07,2881.18994140625,31.44,1.14389557548904
2020-05-08,2929.800048828125,27.98,1.6730795065226012
2020-05-11,2930.18994140625,27.57,0.013306936679136072
2020-05-12,2870.1201171875,33.04,-2.0713365772047965
2020-05-13,2820.0,35.28,-1.761699662428029
2020-05-14,2852.5,32.61,1.1458917804072044
2020-05-15,2863.699951171875,31.89,0.3918675203722799
2020-05-18,2953.909912109375,29.3,3.1015208770073244
2020-05-19,2922.93994140625,30.53,-1.0539747711598935
2020-05-20,2971.610107421875,27.99,1.6513990613415075
2020-05-21,2948.510009765625,29.53,-0.7803968309953113
2020-05-22,2955.449951171875,28.16,0.2350945686812267
2020-05-26,2991.77001953125,28.01,1.2214285021459936
2020-05-27,3036.1298828125,27.62,1.4718447490315256
2020-05-28,3029.72998046875,28.59,-0.21101393249196576
2020-05-29,3044.31005859375,27.51,0.48007935523077805
2020-06-01,3055.72998046875,28.23,0.3744216478363427
2020-06-02,3080.820068359375,26.84,0.8177307282400292
2020-06-03,3122.8701171875,25.66,1.3556670812562288
2020-06-04,3112.35009765625,25.81,-0.3374389083608875
2020-06-05,3193.929931640625,24.52,2.587401282163704
2020-06-08,3232.389892578125,25.81,1.196965640580494
2020-06-09,3207.179931640625,27.57,-0.7829743419721424
2020-06-10,3190.139892578125,27.57,-0.532725573518178
2020-06-11,3002.10009765625,40.79,-6.0752692996288715
2020-06-12,3041.31005859375,36.09,1.2976286605210774
2020-06-15,3066.590087890625,34.4,0.8277860818175498
2020-06-16,3124.739990234375,33.67,1.8784852866710722
2020-06-17,3113.489990234375,33.47,-0.36067962326296055
2020-06-18,3115.340087890625,32.94,0.059404340380275755
2020-06-19,3097.739990234375,35.12,-0.5665513565674019
2020-06-22,3117.860107421875,31.77,0.6474093296658268
2020-06-23,3131.2900390625,31.37,0.4298169191484291
2020-06-24,3050.330078125,33.84,-2.619526559566232
2020-06-25,3083.760009765625,32.22,1.0899827728216849
2020-06-26,3009.050048828125,34.73,-2.4525204274830514
2020-06-29,3053.239990234375,31.78,1.457888811353314
2020-06-30,3100.2900390625,30.43,1.5292349435755526
2020-07-01,3115.860107421875,28.62,0.50095639758716
2020-07-02,3130.010009765625,27.68,0.4530970476816165
2020-07-06,3179.719970703125,27.94,1.5756930832163007
2020-07-07,3145.320068359375,29.43,-1.0877477869643215
2020-07-08,3169.93994140625,28.08,0.7796986263430838
2020-07-09,3152.050048828125,29.26,-0.5659591476195658
2020-07-10,3185.0400390625,27.29,1.0411809774444336
2020-07-13,3155.219970703125,32.19,-0.9406645216058607
2020-07-14,3197.52001953125,29.52,1.3317300582903258
2020-07-15,3226.56005859375,27.76,0.9041056936354153
2020-07-16,3215.570068359375,28.0,-0.3411915214114103
2020-07-17,3224.72998046875,25.68,0.2844562587583255
2020-07-20,3251.840087890625,24.46,0.8371797255140478
2020-07-21,3257.300048828125,24.84,0.16776293345603932
2020-07-22,3276.02001953125,24.32,0.573063059447243
2020-07-23,3235.659912109375,26.08,-1.2396378412246278
2020-07-24,3215.6298828125,25.84,-0.6209640024275487
2020-07-27,3239.409912109375,24.74,0.7367928821482295
2020-07-28,3218.43994140625,25.44,-0.6494435418646916
2020-07-29,3258.43994140625,24.1,1.235178335174325
2020-07-30,3246.219970703125,24.76,-0.3757301763455345
2020-07-31,3271.1201171875,24.46,0.7641236242175609
2020-08-03,3294.610107421875,24.28,0.7155362664359899
2020-08-04,3306.510009765625,23.76,0.3605423026133536
2020-08-05,3327.77001953125,22.99,0.6409160435516981
2020-08-06,3349.159912109375,22.65,0.6407126020665288
2020-08-07,3351.280029296875,22.21,0.06328292699571136
2020-08-10,3360.469970703125,22.13,0.27384652733921655
2020-08-11,3333.68994140625,24.03,-0.8001055401377855
2020-08-12,3380.35009765625,22.28,1.3899502293613253
2020-08-13,3373.429931640625,22.13,-0.20492726761567326
2020-08-14,3372.85009765625,22.05,-0.017189739627809786
2020-08-17,3381.989990234375,21.35,0.2706177507423746
2020-08-18,3389.780029296875,21.51,0.2300740419816094
2020-08-19,3374.85009765625,22.54,-0.4414123345181764
2020-08-20,3385.510009765625,22.72,0.3153654768345504
2020-08-21,3397.159912109375,22.54,0.34351999829738133
2020-08-24,3431.280029296875,22.37,0.9993615364901842
2020-08-25,3443.6201171875,22.03,0.3589899745540137
2020-08-26,3478.72998046875,23.27,1.0144001344842835
2020-08-27,3484.550048828125,24.47,0.16716460318093596
2020-08-28,3508.010009765625,22.96,0.6710002849569463
2020-08-31,3500.31005859375,26.41,-0.21973751755091087
2020-09-01,3526.64990234375,26.12,0.7496831420706229
2020-09-02,3580.840087890625,26.57,1.5249050143870235
2020-09-03,3455.06005859375,33.6,-3.5757594142186377
2020-09-04,3426.9599609375,30.75,-0.8166280754274169
2020-09-08,3331.840087890625,31.46,-2.8148829086466876
2020-09-09,3398.9599609375,28.81,1.9944760662180983
2020-09-10,3339.18994140625,29.71,-1.7741245925396498
2020-09-11,3340.969970703125,26.87,0.0532930158087197
2020-09-14,3383.5400390625,25.85,1.26613350250242
2020-09-15,3401.199951171875,25.59,0.5205785930499474
2020-09-16,3385.489990234375,26.04,-0.46296468921518397
2020-09-17,3357.010009765625,26.46,-0.8447949528552101
2020-09-18,3319.469970703125,25.83,-1.1245576947828795
2020-09-21,3281.06005859375,27.78,-1.1638564027299125
2020-09-22,3315.570068359375,26.86,1.0463016398377434
2020-09-23,3236.919921875,28.58,-2.40073389143749
2020-09-24,3246.590087890625,28.51,0.2983005554629159
2020-09-25,3298.4599609375,26.38,1.585043922418805
2020-09-28,3351.60009765625,26.19,1.5982191853854744
2020-09-29,3335.469970703125,26.27,-0.4824282704444016
2020-09-30,3363.0,26.37,0.8219842568379931
2020-10-01,3380.800048828125,26.7,0.5278949564294422
2020-10-02,3348.419921875,27.63,-0.962381286637104
2020-10-05,3408.60009765625,27.96,1.7813109002901228
2020-10-06,3360.969970703125,29.48,-1.4072064387523397
2020-10-07,3419.43994140625,28.06,1.7247163770241158
2020-10-08,3446.830078125,26.36,0.797821289486933
2020-10-09,3477.139892578125,25.0,0.8755095180752903
2020-10-12,3534.219970703125,25.07,1.6282530158324704
2020-10-13,3511.929931640625,26.07,-0.6326891629163001
2020-10-14,3488.669921875,26.4,-0.6645172084059681
2020-10-15,3483.340087890625,26.97,-0.15289235142130764
2020-10-16,3483.81005859375,27.41,0.013491045663016621
2020-10-19,3426.919921875,29.18,-1.646466351494169
2020-10-20,3443.1201171875,29.35,0.4716195320000338
2020-10-21,3435.56005859375,28.65,-0.2198114011569885
2020-10-22,3453.489990234375,28.11,0.5205354003491536
2020-10-23,3465.389892578125,27.55,0.3439838320389299
2020-10-26,3400.969970703125,32.46,-1.8764472985321135
2020-10-27,3390.679931640625,33.35,-0.3030205350446735
2020-10-28,3271.030029296875,40.28,-3.5925542108577346
2020-10-29,3310.110107421875,37.59,1.1876524939998134
2020-10-30,3269.9599609375,38.02,-1.22037134452615
2020-11-02,3310.239990234375,37.13,1.2242950890591686
2020-11-03,3369.159912109375,35.55,1.7642737684077758
2020-11-04,3443.43994140625,29.57,2.180752565509181
2020-11-05,3510.449951171875,27.58,1.9273265776702075
2020-11-06,3509.43994140625,24.86,-0.02877565853740549
2020-11-09,3550.5,25.75,1.1631974746343587
2020-11-10,3545.530029296875,24.8,-0.14007752208673452
2020-11-11,3572.659912109375,23.45,0.7622728362992603
2020-11-12,3537.010009765625,25.35,-1.0028651547070666
2020-11-13,3585.14990234375,23.1,1.3518546706293932
2020-11-16,3626.909912109375,22.45,1.1580734922832292
2020-11-17,3609.530029296875,22.71,-0.48034437846471434
2020-11-18,3567.7900390625,23.84,-1.1631210647481183
2020-11-19,3581.8701171875,23.11,0.3938675690733362
2020-11-20,3557.5400390625,23.7,-0.6815737372919628
2020-11-23,3577.590087890625,22.66,0.5620108181849659
2020-11-24,3635.409912109375,21.64,1.6032458814033035
2020-11-25,3629.64990234375,21.25,-0.15856747555105244
2020-11-27,3638.35009765625,20.84,0.23941110259020348
2020-11-30,3621.6298828125,20.57,-0.4606140636973066
2020-12-01,3662.449951171875,20.77,1.1208140661594257
2020-12-02,3669.010009765625,21.17,0.1789564528603904
2020-12-03,3666.719970703125,21.28,-0.062435208029398837
2020-12-04,3699.1201171875,20.79,0.8797463715186638
2020-12-07,3691.9599609375,21.3,-0.1937513438964089
2020-12-08,3702.25,20.68,0.27832711701716306
2020-12-09,3672.820068359375,22.27,-0.7980964948473002
2020-12-10,3668.10009765625,22.52,-0.12859345277718148
2020-12-11,3663.4599609375,23.31,-0.12657980842316618
2020-12-14,3647.489990234375,24.72,-0.43687882451468596
2020-12-15,3694.6201171875,22.89,1.2838482022218045
2020-12-16,3701.169921875,22.5,0.17712256203239463
2020-12-17,3722.47998046875,21.93,0.5741142808982858
2020-12-18,3709.409912109375,21.57,-0.3517296952148641
2020-12-21,3694.919921875,25.16,-0.39139284869094126
2020-12-22,3687.260009765625,24.23,-0.20752446917704503
2020-12-23,3690.010009765625,23.31,0.0745533271818033
2020-12-24,3703.06005859375,21.53,0.35303499794867577
2020-12-28,3735.360107421875,21.7,0.868470753841244
2020-12-29,3727.0400390625,23.08,-0.2229864827279826
2020-12-30,3732.0400390625,22.77,0.134064809508061
2020-12-31,3756.070068359375,22.75,0.6418204711703623
2021-01-04,3700.64990234375,26.97,-1.4864762712026192
2021-01-05,3726.860107421875,25.34,0.705763138336124
2021-01-06,3748.139892578125,25.07,0.5693603382475487
2021-01-07,3803.7900390625,22.37,1.47382601077517
2021-01-08,3824.679931640625,21.56,0.5476837393516121
2021-01-11,3799.610107421875,24.08,-0.6576327616620858
2021-01-12,3801.18994140625,23.33,0.04157020305690651
2021-01-13,3809.840087890625,22.21,0.22730563867252584
2021-01-14,3795.5400390625,23.25,-0.376051306874281
2021-01-15,3768.25,24.34,-0.7216000798278444
2021-01-19,3798.909912109375,23.24,0.8103457635762368
2021-01-20,3851.85009765625,21.58,1.3839417376511065
2021-01-21,3853.070068359375,21.32,0.03166731613131191
2021-01-22,3841.469970703125,21.91,-0.30151526629378367
2021-01-25,3855.360107421875,23.19,0.3609317513017629
2021-01-26,3849.6201171875,23.02,-0.1489943161153917
2021-01-27,3750.77001953125,37.21,-2.6013315126100167
2021-01-28,3787.3798828125,30.21,0.9713298778759594
2021-01-29,3714.239990234375,33.09,-1.9500377654791734
2021-02-01,3773.860107421875,30.24,1.5924300234678057
2021-02-02,3826.31005859375,25.56,1.3802528814311543
2021-02-03,3830.169921875,22.91,0.10082606153449802
2021-02-04,3871.739990234375,21.77,1.0794847643921912
2021-02-05,3886.830078125,20.87,0.38899196077633036
2021-02-08,3915.590087890625,21.24,0.7372107476289358
2021-02-09,3911.22998046875,21.63,-0.1114145421722057
2021-02-10,3909.8798828125,21.99,-0.034524452239104164
2021-02-11,3916.3798828125,21.25,0.1661074814588659
2021-02-12,3934.830078125,19.97,0.46999709261612566
2021-02-16,3932.590087890625,21.46,-0.05694345154143576
2021-02-17,3931.330078125,21.5,-0.03204533489178374
2021-02-18,3913.969970703125,22.49,-0.4425614227242747
2021-02-19,3906.7099609375,22.05,-0.18566190956654793
2021-02-22,3876.5,23.45,-0.7762892893710571
2021-02-23,3881.3701171875,23.11,0.125552961152664
2021-02-24,3925.429931640625,21.34,1.1287667670986323
2021-02-25,3829.340087890625,28.89,-2.4783394424172656
2021-02-26,3811.14990234375,27.95,-0.47615322937986093
2021-03-01,3901.820068359375,23.35,2.3512173225693545
2021-03-02,3870.2900390625,24.1,-0.8113678739508856
2021-03-03,3819.719970703125,26.67,-1.3152335894801581
2021-03-04,3768.469970703125,28.57,-1.3508038064390604
2021-03-05,3841.93994140625,24.66,1.9308356338710198
2021-03-08,3821.35009765625,25.47,-0.537364322402567
2021-03-09,3875.43994140625,24.03,1.4055400743931301
2021-03-10,3898.81005859375,22.56,0.6012203770987767
2021-03-11,3939.340087890625,21.91,1.0341825500656654
2021-03-12,3943.340087890625,20.69,0.10148833275316349
2021-03-15,3968.93994140625,20.03,0.6470939539413578
2021-03-16,3962.7099609375,19.79,-0.15709169785971255
2021-03-17,3974.1201171875,19.23,0.2875244650159203
2021-03-18,3915.4599609375,21.58,-1.4870560065947558
2021-03-19,3913.10009765625,20.95,-0.06028856737536614
2021-03-22,3940.590087890625,18.88,0.7000556898342225
2021-03-23,3910.52001953125,20.3,-0.7660118119334314
2021-03-24,3889.139892578125,21.2,-0.5482336600348248
2021-03-25,3909.52001953125,19.81,0.5226583432728305
2021-03-26,3974.5400390625,18.86,1.649441865871637
2021-03-29,3971.090087890625,20.74,-0.08683896263868007
2021-03-30,3958.550048828125,19.61,-0.3162829409649959
2021-03-31,3972.889892578125,19.4,0.36159535924209507
2021-04-01,4019.8701171875,17.33,1.175583042767414
2021-04-05,4077.909912109375,17.91,1.43349877622434
2021-04-06,4073.93994140625,18.12,-0.09740049407973572
2021-04-07,4079.949951171875,17.16,0.1474145698107776
2021-04-08,4097.169921875,16.95,0.421175094059123
2021-04-09,4128.7998046875,16.69,0.769028813568795
2021-04-12,4127.990234375,16.91,-0.019609807474019192
2021-04-13,4141.58984375,16.65,0.32890718770630656
2021-04-14,4124.66015625,16.99,-0.4096104320730376
2021-04-15,4170.419921875,16.57,1.1033101401119794
2021-04-16,4185.47021484375,16.25,0.3602323390516915
2021-04-19,4163.259765625,17.29,-0.5320689893757446
2021-04-20,4134.93994140625,18.68,-0.6825561005078029
2021-04-21,4173.419921875,17.5,0.9263020919853204
2021-04-22,4134.97998046875,18.71,-0.9253337860554822
2021-04-23,4180.169921875,17.33,1.08694098955322
2021-04-26,4187.6201171875,17.64,0.17806845645829128
2021-04-27,4186.72021484375,17.56,-0.02149189814453223
2021-04-28,4183.18017578125,17.28,-0.08458975873963936
2021-04-29,4211.47021484375,17.61,0.67400415367036
2021-04-30,4181.169921875,18.61,-0.7220713417121161
2021-05-03,4192.66015625,18.31,0.2744321649512216
2021-05-04,4164.66015625,19.48,-0.6700737489847342
2021-05-05,4167.58984375,19.15,0.070321644711413
2021-05-06,4201.6201171875,18.39,0.8132299498631923
2021-05-07,4232.60009765625,16.69,0.7346291419187523
2021-05-10,4188.43017578125,19.66,-1.04904805031385
2021-05-11,4152.10009765625,21.84,-0.8711750141781494
2021-05-12,4063.0400390625,27.59,-2.168278235830279
2021-05-13,4112.5,23.13,1.2099644578093205
2021-05-14,4173.85009765625,18.81,1.4807778563623586
2021-05-17,4163.2900390625,19.72,-0.2533258183960996
2021-05-18,4127.830078125,21.34,-0.8553772384033209
2021-05-19,4115.68017578125,22.18,-0.29477518113782963
2021-05-20,4159.1201171875,20.67,1.0499429334508648
2021-05-21,4155.85986328125,20.15,-0.07841880752526009
2021-05-24,4197.0498046875,18.4,0.9862497481215371
2021-05-25,4188.1298828125,18.84,-0.2127545400828268
2021-05-26,4195.990234375,17.36,0.18750575506114586
2021-05-27,4200.8798828125,16.74,0.1164636089862725
2021-05-28,4204.10986328125,16.76,0.07685864528870212
2021-06-01,4202.0400390625,17.9,-0.049245475863024524
2021-06-02,4208.1201171875,17.48,0.14458890369013488
2021-06-03,4192.85009765625,18.04,-0.36353030560487554
2021-06-04,4229.89013671875,16.42,0.8795303383015707
2021-06-07,4226.52001953125,16.42,-0.07970562694215033
2021-06-08,4227.259765625,17.07,0.01750095494408299
2021-06-09,4219.5498046875,17.89,-0.1825532590615353
2021-06-10,4239.18017578125,16.1,0.464145477646305
2021-06-11,4247.43994140625,15.65,0.19465389328079397
2021-06-14,4255.14990234375,16.39,0.18135563851373604
2021-06-15,4246.58984375,17.02,-0.20137199542773487
2021-06-16,4223.7001953125,18.15,-0.5404703747025508
2021-06-17,4221.85986328125,17.75,-0.04358105436725879
2021-06-18,4166.4501953125,20.7,-1.3211355687284154
2021-06-21,4224.7900390625,17.89,1.3905163512319518
2021-06-22,4246.43994140625,16.66,0.5111406378990324
2021-06-23,4241.83984375,16.32,-0.10838705186486663
2021-06-24,4266.490234375,15.97,0.5794429545916913
2021-06-25,4280.7001953125,15.62,0.33250631646861706
2021-06-28,4290.60986328125,15.76,0.23122888604731884
2021-06-29,4291.7998046875,16.02,0.02772977426861445
2021-06-30,4297.5,15.83,0.13272784229076962
2021-07-01,4319.93994140625,15.48,0.5208041432254618
2021-07-02,4352.33984375,15.07,0.7472095894691222
2021-07-06,4343.5400390625,16.44,-0.2023902770021735
2021-07-07,4358.1298828125,16.2,0.3353346553662817
2021-07-08,4320.81982421875,19.0,-0.8597881009555053
2021-07-09,4369.5498046875,16.18,1.121482590241385
2021-07-12,4384.6298828125,16.17,0.3445232695593603
2021-07-13,4369.2099609375,17.12,-0.3523011181165714
2021-07-14,4374.2998046875,16.33,0.1164256565468591
2021-07-15,4360.02978515625,17.01,-0.32675735627449853
2021-07-16,4327.16015625,18.45,-0.7567415006812794
2021-07-19,4258.490234375,22.5,-1.5996781399984172
2021-07-20,4323.06005859375,19.73,1.5048806004799076
2021-07-21,4358.68994140625,17.91,0.8208041662143728
2021-07-22,4367.47998046875,17.69,0.201463920924283
2021-07-23,4411.7900390625,17.2,1.00943323862559
2021-07-26,4422.2998046875,17.58,0.237936692272811
2021-07-27,4401.4599609375,19.36,-0.47235833821765993
2021-07-28,4400.64013671875,18.31,-0.018627923155278836
2021-07-29,4419.14990234375,17.7,0.41973318452726005
2021-07-30,4395.259765625,18.24,-0.5420713608261352
2021-08-02,4387.16015625,19.46,-0.184450567006067
2021-08-03,4423.14990234375,18.04,0.8169961338918341
2021-08-04,4402.66015625,17.97,-0.46431506612965023
2021-08-05,4429.10009765625,17.28,0.5987485990420538
2021-08-06,4436.52001953125,16.15,0.1673864548529025
2021-08-09,4432.35009765625,16.72,-0.09403502649565354
2021-08-10,4436.75,16.79,0.09921869538640493
2021-08-11,4442.41015625,16.06,0.12749307180150993
2021-08-12,4460.830078125,15.59,0.41378077354785603
2021-08-13,4468.0,15.45,0.1606016320923942
2021-08-16,4479.7099609375,16.12,0.2617422261993241
2021-08-17,4448.080078125,17.91,-0.7085743507136755
2021-08-18,4400.27001953125,21.57,-1.0806652845255726
2021-08-19,4405.7998046875,21.67,0.12559032561583194
2021-08-20,4441.669921875,18.56,0.8108603890741861
2021-08-23,4479.52978515625,17.15,0.8487667984411473
2021-08-24,4486.22998046875,17.22,0.1494618801961778
2021-08-25,4496.18994140625,16.79,0.22176574032517493
2021-08-26,4470.0,18.84,-0.5841949827603443
2021-08-27,4509.3701171875,16.39,0.87690715404527
2021-08-30,4528.7900390625,16.19,0.4297324106874001
2021-08-31,4522.68017578125,16.48,-0.1350026915892144
2021-09-01,4524.08984375,16.11,0.031164006095174557
2021-09-02,4536.9501953125,16.41,0.2838605754405421
2021-09-03,4535.43017578125,16.41,-0.033508726118114396
2021-09-07,4520.02978515625,18.14,-0.340135245232176
2021-09-08,4514.06982421875,17.96,-0.13194368138158552
2021-09-09,4493.27978515625,18.8,-0.4616247150002195
2021-09-10,4458.580078125,20.95,-0.7752552286277137
2021-09-13,4468.72998046875,19.37,0.22739003463705387
2021-09-14,4443.0498046875,19.46,-0.5763213966258007
2021-09-15,4480.7001953125,18.18,0.8438294222079534
2021-09-16,4473.75,18.69,-0.1552344712765219
2021-09-17,4432.990234375,20.81,-0.9152630275798046
2021-09-20,4357.72998046875,25.71,-1.7123077726381553
2021-09-21,4354.18994140625,24.36,-0.08126886585468895
2021-09-22,4395.64013671875,20.87,0.9474585224218401
2021-09-23,4448.97998046875,18.63,1.2061680369937378
2021-09-24,4455.47998046875,17.75,0.14599428113637458
2021-09-27,4443.10986328125,18.76,-0.27802439201884965
2021-09-28,4352.6298828125,23.25,-2.0574317739892933
2021-09-29,4359.4599609375,22.56,0.15679543362843162
2021-09-30,4307.5400390625,23.14,-1.1981202945015923
2021-10-01,4357.0400390625,21.15,1.1425952113334858
2021-10-04,4300.4599609375,22.96,-1.3070952048643392
2021-10-05,4345.72021484375,21.3,1.0469517498600922
2021-10-06,4363.5498046875,21.0,0.4094399349623856
2021-10-07,4399.759765625,19.54,0.8264039225066355
2021-10-08,4391.33984375,18.77,-0.19155566024213755
2021-10-11,4361.18994140625,20.0,-0.6889441644339911
2021-10-12,4350.64990234375,19.85,-0.2419705686554252
2021-10-13,4363.7998046875,18.64,0.3017955870230793
2021-10-14,4438.259765625,16.86,1.6919162285711664
2021-10-15,4471.3701171875,16.3,0.743252063718991
2021-10-18,4486.4599609375,16.31,0.3369087801804227
2021-10-19,4519.6298828125,15.7,0.7366142784235308
2021-10-20,4536.18994140625,15.49,0.3657333598560797
2021-10-21,4549.77978515625,15.01,0.2991393168359835
2021-10-22,4544.89990234375,15.43,-0.10731292246628499
2021-10-25,4566.47998046875,15.24,0.47369594408532834
2021-10-26,4574.7900390625,15.98,0.18181414322437917
2021-10-27,4551.68017578125,16.98,-0.5064370371105298
2021-10-28,4596.419921875,16.53,0.9781288424184353
2021-10-29,4605.3798828125,16.26,0.19474372317169752
2021-11-01,4613.669921875,16.41,0.17984589459025813
2021-11-02,4630.64990234375,16.03,0.36736071203886667
2021-11-03,4660.56982421875,15.1,0.644049461288887
2021-11-04,4680.06005859375,15.44,0.4173222342817695
2021-11-05,4697.52978515625,16.48,0.37258500452850285
2021-11-08,4701.7001953125,17.22,0.08873940607010411
2021-11-09,4685.25,17.78,-0.35049109263987077
2021-11-10,4646.7099609375,18.73,-0.8259842163861109
2021-11-11,4649.27001953125,17.66,0.05507883329887164
2021-11-12,4682.85009765625,16.29,0.719669756412955
2021-11-15,4682.7998046875,16.49,-0.0010739878016252646
2021-11-16,4700.89990234375,16.37,0.3857779057126365
2021-11-17,4688.669921875,17.11,-0.2605015482895823
2021-11-18,4704.5400390625,17.59,0.3379064740171245
2021-11-19,4697.9599609375,17.91,-0.13996446049873157
2021-11-22,4682.93994140625,19.17,-0.3202258316960638
2021-11-23,4690.7001953125,19.38,0.1655761383194232
2021-11-24,4701.4599609375,18.58,0.22912237766679056
2021-11-26,4594.6201171875,28.62,-2.2987011159321113
2021-11-29,4655.27001953125,22.96,1.3113836082823127
2021-11-30,4567.0,27.19,-1.9143381187848973
2021-12-01,4513.0400390625,31.12,-1.188554145795706
2021-12-02,4577.10009765625,27.95,1.4094638396057846
2021-12-03,4538.43017578125,30.67,-0.8484455141738678
2021-12-06,4591.669921875,27.18,1.1662599309685717
2021-12-07,4686.75,21.89,2.049560318625332
2021-12-08,4701.2099609375,19.9,0.3080535586585498
2021-12-09,4667.4501953125,21.58,-0.7206988232523415
2021-12-10,4712.02001953125,18.69,0.9503769118209604
2021-12-13,4668.97021484375,20.31,-0.9178158342793452
2021-12-14,4634.08984375,21.89,-0.7498722854624162
2021-12-15,4709.85009765625,19.29,1.6216267351891744
2021-12-16,4668.669921875,20.57,-0.8781863311112303
2021-12-17,4620.64013671875,21.57,-1.0340964584054646
2021-12-20,4568.02001953125,22.87,-1.1453398323256536
2021-12-21,4649.22998046875,21.01,1.762175538519628
2021-12-22,4696.56005859375,18.63,1.0128728029126677
2021-12-23,4725.7900390625,17.96,0.6204412685251626
2021-12-27,4791.18994140625,17.68,1.3744051573606697
2021-12-28,4786.35009765625,17.54,-0.10106653988870562
2021-12-29,4793.06005859375,16.95,0.1400913401857551
2021-12-30,4778.72998046875,17.33,-0.2994233841905114
2021-12-31,4766.18017578125,17.22,-0.26296343734735217
2022-01-03,4796.56005859375,16.6,0.6353824170387767
2022-01-04,4793.5400390625,16.91,-0.06298202522039276
2022-01-05,4700.580078125,19.73,-1.9583264304500858
2022-01-06,4696.0498046875,19.61,-0.0964233740180731
2022-01-07,4677.02978515625,18.76,-0.4058441082335662
2022-01-10,4670.2900390625,19.4,-0.14420705375393084
2022-01-11,4713.06982421875,18.41,0.911828645239865
2022-01-12,4726.35009765625,17.62,0.2813792014666916
2022-01-13,4659.02978515625,20.31,-1.4346029234399538
2022-01-14,4662.85009765625,19.19,0.08196442695904693
2022-01-18,4577.10986328125,22.79,-1.8559105398008313
2022-01-19,4532.759765625,23.85,-0.9736790941460072
2022-01-20,4482.72998046875,25.59,-1.1098742304332276
2022-01-21,4397.93994140625,28.85,-1.909599532463524
2022-01-24,4410.1298828125,29.9,0.27679047582704897
2022-01-25,4356.4501953125,31.16,-1.224659055686672
2022-01-26,4349.93017578125,31.96,-0.14977569258860512
2022-01-27,4326.509765625,30.49,-0.5398635199970414
2022-01-28,4431.85009765625,27.66,2.405596791473563
2022-01-31,4515.5498046875,24.83,1.870982622298456
2022-02-01,4546.5400390625,21.96,0.683956034831823
2022-02-02,4589.3798828125,22.09,0.9378400448323276
2022-02-03,4477.43994140625,24.35,-2.469347172011993
2022-02-04,4500.52978515625,23.22,0.5143678439862853
2022-02-07,4483.8701171875,22.86,-0.3708580927828109
2022-02-08,4521.5400390625,21.44,0.8366113466633962
2022-02-09,4587.18017578125,19.96,1.4412842079265076
2022-02-10,4504.080078125,23.91,-1.828182448505622
2022-02-11,4418.64013671875,27.36,-1.9151682638085532
2022-02-14,4401.669921875,28.33,-0.3847990755629027
2022-02-15,4471.06982421875,25.7,1.5643717646064204
2022-02-16,4475.009765625,24.29,0.08808197202831991
2022-02-17,4380.259765625,28.11,-2.1400504136936505
2022-02-18,4348.8701171875,27.75,-0.7191961663865598
2022-02-22,4304.759765625,28.81,-1.0194735435016256
2022-02-23,4225.5,31.02,-1.8583735748787689
2022-02-24,4288.7001953125,30.32,1.4846105252724229
2022-02-25,4384.64990234375,27.59,2.2126080551265304
2022-02-28,4373.93994140625,30.15,-0.24455914631271725
2022-03-01,4306.259765625,33.32,-1.5594467786611332
2022-03-02,4386.5400390625,30.74,1.8471046780650369
2022-03-03,4363.490234375,30.48,-0.5268520744245109
2022-03-04,4328.8701171875,31.98,-0.7965684543002283
2022-03-07,4201.08984375,36.45,-2.9962586814415104
2022-03-08,4170.7001953125,35.13,-0.7260043975698238
2022-03-09,4277.8798828125,32.45,2.537359812214035
2022-03-10,4259.52001953125,30.23,-0.43010499202473795
2022-03-11,4204.31005859375,30.75,-1.3046278933238398
2022-03-14,4173.10986328125,31.77,-0.7448675095533375
2022-03-15,4262.4501953125,29.83,2.1182629724146196
2022-03-16,4357.85986328125,26.67,2.213692164839287
2022-03-17,4411.669921875,25.67,1.227220506870097
2022-03-18,4463.1201171875,23.87,1.159481441188781
2022-03-21,4461.18017578125,23.53,-0.04347548543019997
2022-03-22,4511.60986328125,22.94,1.124069955407414
2022-03-23,4456.240234375,23.57,-1.2348630252494885
2022-03-24,4520.16015625,21.67,1.42420122816187
2022-03-25,4543.06005859375,20.81,0.5053380704236332
2022-03-28,4575.52001953125,19.63,0.7119551020043247
2022-03-29,4631.60009765625,18.9,1.2182044101392009
2022-03-30,4602.4501953125,19.33,-0.6313588999089959
2022-03-31,4530.41015625,20.56,-1.57763352268816
2022-04-01,4545.85986328125,19.63,0.3404420961462762
2022-04-04,4582.64013671875,18.57,0.805838253213409
2022-04-05,4525.1201171875,21.03,-1.2631159074006248
2022-04-06,4481.14990234375,22.1,-0.9764433912478054
2022-04-07,4500.2099609375,21.55,0.42443655520365553
2022-04-08,4488.27978515625,21.16,-0.2654546675552538
2022-04-11,4412.52978515625,24.37,-1.702133458469568
2022-04-12,4397.4501953125,24.26,-0.3423300530453588
2022-04-13,4446.58984375,21.82,1.1112603268902177
2022-04-14,4392.58984375,22.7,-1.2218480383507924
2022-04-18,4391.68994140625,22.17,-0.020488927240691623
2022-04-19,4462.2099609375,21.37,1.5930044749387307
2022-04-20,4459.4501953125,20.32,-0.06186664061829106
2022-04-21,4393.66015625,22.68,-1.4862855551310616
2022-04-22,4271.77978515625,28.21,-2.813207637736781
2022-04-25,4296.1201171875,27.02,0.568176514411256
2022-04-26,4175.2001953125,33.52,-2.8550008928597492
2022-04-27,4183.9599609375,31.6,0.20958490249647355
2022-04-28,4287.5,29.99,2.4445655340832317
2022-04-29,4131.93017578125,33.4,-3.6959159784695217
2022-05-02,4155.3798828125,32.34,0.5659199293818418
2022-05-03,4175.47998046875,29.25,0.4825465075359858
2022-05-04,4300.169921875,25.42,2.9425221557326964
2022-05-05,4146.8701171875,31.2,-3.6300677564099715
2022-05-06,4123.33984375,30.19,-0.5690384413952643
2022-05-09,3991.239990234375,34.75,-3.2561519539603623
2022-05-10,4001.050048828125,32.99,0.24548817604088669
2022-05-11,3935.179931640625,32.56,-1.660023209569772
2022-05-12,3930.080078125,31.77,-0.12968049941122217
2022-05-13,4023.889892578125,28.87,2.3589267956868554
2022-05-16,4008.010009765625,27.47,-0.3954208517722435
2022-05-17,4088.85009765625,26.1,1.9968919581462075
2022-05-18,3923.679931640625,30.96,-4.1233809291247425
2022-05-19,3900.7900390625,29.35,-0.5850864777348974
2022-05-20,3901.360107421875,29.43,0.014613109199146379
2022-05-23,3973.75,28.48,1.8384995412059624
2022-05-24,3941.47998046875,29.45,-0.8153950903556861
2022-05-25,3978.72998046875,28.37,0.9406385648931703
2022-05-26,4057.840087890625,27.5,1.9688166007719943
2022-05-27,4158.240234375,25.72,2.4441130195821614
2022-05-31,4132.14990234375,26.19,-0.6294135193666506
2022-06-01,4101.22998046875,25.69,-0.7510905041154814
2022-06-02,4176.81982421875,24.72,1.8263225415545037
2022-06-03,4108.5400390625,24.79,-1.6482405609817619
2022-06-06,4121.43017578125,25.07,0.3132489407036587
2022-06-07,4160.68017578125,24.02,0.9478331531719064
2022-06-08,4115.77001953125,23.96,-1.085262304015444
2022-06-09,4017.820068359375,26.09,-2.4086457665156047
2022-06-10,3900.860107421875,27.75,-2.95424148114094
2022-06-13,3749.6298828125,34.02,-3.9539931990040245
2022-06-14,3735.47998046875,32.69,-0.37808180394893753
2022-06-15,3789.989990234375,29.62,1.4487058836534672
2022-06-16,3666.77001953125,32.95,-3.305220711384038
2022-06-17,3674.840087890625,31.13,0.21984473410121552
2022-06-21,3764.7900390625,30.19,2.418247496067316
2022-06-22,3759.889892578125,28.95,-0.13024200953584142
2022-06-23,3795.72998046875,29.05,0.9487072485557135
2022-06-24,3911.739990234375,27.23,3.01055397299006
2022-06-27,3900.110107421875,26.95,-0.29774998903402405
2022-06-28,3821.550048828125,28.36,-2.034867314949551
2022-06-29,3818.830078125,28.16,-0.07119988201722549
2022-06-30,3785.3798828125,28.71,-0.8797866246368358
2022-07-01,3825.330078125,26.7,1.04985112966407
2022-07-05,3831.389892578125,27.54,0.1582875106192816
2022-07-06,3845.080078125,26.73,0.3566795705065573
2022-07-07,3902.6201171875,26.08,1.48537231809307
2022-07-08,3899.3798828125,24.64,-0.08306163961275814
2022-07-11,3854.429931640625,26.17,-1.159441766052538
2022-07-12,3818.800048828125,27.29,-0.9286868497493828
2022-07-13,3801.780029296875,26.82,-0.4466864111815738
2022-07-14,3790.3798828125,26.4,-0.30031388127653713
2022-07-15,3863.159912109375,24.23,1.9019231658633728
2022-07-18,3830.85009765625,25.3,-0.8398742485836053
2022-07-19,3936.68994140625,24.5,2.725351764373052
2022-07-20,3959.89990234375,23.88,0.5878493941057883
2022-07-21,3998.949951171875,23.11,0.9813066689504879
2022-07-22,3961.6298828125,23.03,-0.9376287293813235
2022-07-25,3966.840087890625,23.36,0.13143029733058142
2022-07-26,3921.050048828125,24.69,-1.1610342599263745
2022-07-27,4023.610107421875,23.24,2.5820048778628646
2022-07-28,4072.429931640625,22.33,1.2060319791912022
2022-07-29,4130.2900390625,21.33,1.4107775781754484
2022-08-01,4118.6298828125,22.84,-0.2827076544916096
2022-08-02,4091.18994140625,23.93,-0.6684688378872039
2022-08-03,4155.169921875,21.95,1.5517456270091046
2022-08-04,4151.93994140625,21.44,-0.0777642449584448
2022-08-05,4145.18994140625,21.15,-0.16270690189177373
2022-08-08,4140.06005859375,21.29,-0.12383171221213018
2022-08-09,4122.47021484375,21.77,-0.42577442359270634
2022-08-10,4210.240234375,19.74,2.1067158460407853
2022-08-11,4207.27001953125,20.2,-0.07057229222020567
2022-08-12,4280.14990234375,19.53,1.7174046951492272
2022-08-15,4297.14013671875,19.95,0.3961684056234205
2022-08-16,4305.2001953125,19.69,0.18739228259470053
2022-08-17,4274.0400390625,19.9,-0.7264114867647109
2022-08-18,4283.740234375,19.56,0.22669896063849393
2022-08-19,4228.47998046875,20.6,-1.2983928713039106
2022-08-22,4137.990234375,23.8,-2.16323664664948
2022-08-23,4128.72998046875,24.11,-0.22403704344373665
2022-08-24,4140.77001953125,22.82,0.29119166987232603
2022-08-25,4199.1201171875,21.78,1.3993241836107728
2022-08-26,4057.659912109375,25.56,-3.426857631703939
2022-08-29,4030.610107421875,26.21,-0.6688675197326077
2022-08-30,3986.159912109375,26.21,-1.108941649211559
2022-08-31,3955.0,25.87,-0.7847738208154098
2022-09-01,3966.85009765625,25.56,0.2991752267195835
2022-09-02,3924.260009765625,25.47,-1.0794552570724036
2022-09-06,3908.18994140625,26.91,-0.41034646908961747
2022-09-07,3979.8701171875,24.64,1.8174848666170362
2022-09-08,4006.179931640625,23.61,0.6588966880441305
2022-09-09,4067.360107421875,22.79,1.5156014981211996
2022-09-12,4110.41015625,23.87,1.0528651483996398
2022-09-13,3932.68994140625,27.27,-4.419916303197446
2022-09-14,3946.010009765625,26.16,0.3381289078845384
2022-09-15,3901.35009765625,26.27,-1.1382272168150465
2022-09-16,3873.330078125,26.3,-0.7208049775663028
2022-09-19,3899.889892578125,25.76,0.683369772470499
2022-09-20,3855.929931640625,27.16,-1.1336114736598901
2022-09-21,3789.929931640625,27.99,-1.7264674098507626
2022-09-22,3757.989990234375,27.35,-0.8463293830454077
2022-09-23,3693.22998046875,29.92,-1.7382828767329883
2022-09-26,3655.0400390625,32.26,-1.0394360890281007
2022-09-27,3647.2900390625,32.6,-0.21226109548244665
2022-09-28,3719.0400390625,30.18,1.9481144181153098
2022-09-29,3640.469970703125,31.84,-2.1352794823098264
2022-09-30,3585.6201171875,31.62,-1.5181351546209143
2022-10-03,3678.429931640625,30.1,2.555457753092938
2022-10-04,3790.929931640625,29.07,3.0125341416800566
2022-10-05,3783.280029296875,28.55,-0.20199875589383964
2022-10-06,3744.52001953125,30.52,-1.0297922911394863
2022-10-07,3639.659912109375,31.36,-2.840319653147816
2022-10-10,3612.389892578125,32.45,-0.7520673133653233
2022-10-11,3588.840087890625,33.63,-0.6540518412323948
2022-10-12,3577.030029296875,33.57,-0.32961996501654767
2022-10-13,3669.909912109375,31.94,2.5634259307631524
2022-10-14,3583.070068359375,32.02,-2.394712074452876
2022-10-17,3677.949951171875,31.37,2.613552455756185
2022-10-18,3719.97998046875,30.5,1.136276820708737
2022-10-19,3695.159912109375,30.76,-0.6694455239685482
2022-10-20,3665.780029296875,29.98,-0.7982686738765565
2022-10-21,3752.75,29.69,2.344775986044745
2022-10-24,3797.340087890625,29.85,1.1811940205111782
2022-10-25,3859.110107421875,28.46,1.6135770015873518
2022-10-26,3830.60009765625,27.28,-0.7415140398988385
2022-10-27,3807.300048828125,27.39,-0.6101185053184466
2022-10-28,3901.06005859375,25.75,2.4328036770855377
2022-10-31,3871.97998046875,25.88,-0.7482327030336577
2022-11-01,3856.10009765625,25.81,-0.41096637203583697
2022-11-02,3759.68994140625,25.86,-2.5319843737483083
2022-11-03,3719.889892578125,25.3,-1.0642422531956797
2022-11-04,3770.550048828125,24.55,1.3526823285562983
2022-11-07,3806.800048828125,24.35,0.9568061679360085
2022-11-08,3828.110107421875,25.54,0.5582282828759944
2022-11-09,3748.570068359375,26.09,-2.0996784712302485
2022-11-10,3956.3701171875,23.53,5.395251566479686
2022-11-11,3992.929931640625,22.52,0.9198312304770084
2022-11-14,3957.25,23.73,-0.8975940544917904
2022-11-15,3991.72998046875,24.54,0.8675376414668534
2022-11-16,3958.7900390625,24.11,-0.8286283111873516
2022-11-17,3946.56005859375,23.93,-0.30941046442301
2022-11-18,3965.340087890625,23.12,0.4747295648158456
2022-11-21,3949.93994140625,22.36,-0.38912498002758866
2022-11-22,4003.580078125,21.29,1.3488606269829617
2022-11-23,4027.260009765625,20.35,0.5897266041737126
2022-11-25,4026.1201171875,20.5,-0.02830842622021379
2022-11-28,3963.93994140625,22.21,-1.556469679406547
2022-11-29,3957.6298828125,21.89,-0.1593133701623728
2022-11-30,4080.110107421875,20.58,3.0478643521295368
2022-12-01,4076.570068359375,19.84,-0.0868009829606109
2022-12-02,4071.699951171875,19.06,-0.11953746637622942
2022-12-05,3998.840087890625,20.75,-1.8056249630971521
2022-12-06,3941.260009765625,22.17,-1.4503869422986426
2022-12-07,3933.919921875,22.68,-0.18641072533824854
2022-12-08,3963.510009765625,22.29,0.7493634413933137
2022-12-09,3934.3798828125,22.83,-0.737671946421159
2022-12-12,3990.56005859375,25.0,1.4178307299649973
2022-12-13,4019.64990234375,22.55,0.7263223255456808
2022-12-14,3995.320068359375,21.14,-0.6071116623836303
2022-12-15,3895.75,22.83,-2.52374779018254
2022-12-16,3852.360107421875,22.62,-1.1200239946012047
2022-12-19,3817.659912109375,22.42,-0.9048328941103634
2022-12-20,3821.6201171875,21.48,0.10368006978893618
2022-12-21,3878.43994140625,20.07,1.4758548669055571
2022-12-22,3822.389892578125,21.97,-1.4557142498146547
2022-12-23,3844.820068359375,20.87,0.5850952271915233
2022-12-27,3829.25,21.65,-0.40578440346585865
2022-12-28,3783.219970703125,22.14,-1.2093470442948728
2022-12-29,3849.280029296875,21.44,1.7310634314993578
2022-12-30,3839.5,21.67,-0.2543975646110752
2023-01-03,3824.139892578125,22.9,-0.4008572481273731
2023-01-04,3852.969970703125,22.01,0.7510694562139264
2023-01-05,3808.10009765625,22.46,-1.1713869136457333
2023-01-06,3895.080078125,21.13,2.2583835589031764
2023-01-09,3892.090087890625,21.97,-0.07679273259917352
2023-01-10,3919.25,20.58,0.6953997970594372
2023-01-11,3969.610107421875,21.09,1.2767571192293659
2023-01-12,3983.169921875,18.83,0.34100849120424215
2023-01-13,3999.090087890625,18.35,0.3988892144656475
2023-01-17,3990.969970703125,19.36,-0.20325554309970073
2023-01-18,3928.860107421875,20.34,-1.5684966977744352
2023-01-19,3898.85009765625,20.52,-0.7667671901812056
2023-01-20,3972.610107421875,19.85,1.8741673552352012
2023-01-23,4019.81005859375,19.81,1.1811315951328893
2023-01-24,4016.949951171875,19.2,-0.07117563642928815
2023-01-25,4016.219970703125,19.08,-0.01817415734652883
2023-01-26,4060.429931640625,18.73,1.0947708029114267
2023-01-27,4070.56005859375,18.51,0.24917340217047723
2023-01-30,4017.77001953125,19.94,-1.305356931529289
2023-01-31,4076.60009765625,19.4,1.4536304416418844
2023-02-01,4119.2099609375,17.87,1.0398056296885727
2023-02-02,4179.759765625,18.73,1.4592384626853416
2023-02-03,4136.47998046875,18.33,-1.0408592637284997
2023-02-06,4111.080078125,19.43,-0.6159393193939877
2023-02-07,4164.0,18.66,1.2790364037398305
2023-02-08,4117.85986328125,19.63,-1.1142573012412171
2023-02-09,4081.5,20.71,-0.8869009831038
2023-02-10,4090.4599609375,20.53,0.21928557092181222
2023-02-13,4137.2900390625,20.34,1.1383569951155081
2023-02-14,4136.1298828125,18.91,-0.028045385549368973
2023-02-15,4147.60009765625,18.23,0.2769337533075955
2023-02-16,4090.409912109375,20.17,-1.388468920488073
2023-02-17,4079.090087890625,20.02,-0.2771242172283195
2023-02-21,3997.340087890625,22.87,-2.024478397347096
2023-02-22,3991.050048828125,22.29,-0.1574795485643321
2023-02-23,4012.320068359375,21.14,0.5315278263237744
2023-02-24,3970.0400390625,21.67,-1.0593464619775617
2023-02-27,3982.239990234375,20.95,0.3068292539552431
2023-02-28,3970.14990234375,20.7,-0.3040619830947833
2023-03-01,3951.389892578125,20.58,-0.47364642034928295
2023-03-02,3981.35009765625,19.59,0.7553593731197239
2023-03-03,4045.639892578125,18.49,1.6018749176483382
2023-03-06,4048.419921875,18.61,0.06869307788477386
2023-03-07,3986.3701171875,19.59,-1.5445590479263416
2023-03-08,3992.010009765625,19.11,0.14137941356029415
2023-03-09,3918.320068359375,22.61,-1.8631857945480945
2023-03-10,3861.590087890625,24.8,-1.4583969436067434
2023-03-13,3855.760009765625,26.52,-0.15109018407386543
2023-03-14,3919.2900390625,23.73,1.6342388235363714
2023-03-15,3891.929931640625,26.14,-0.7005363929353692
2023-03-16,3960.280029296875,22.99,1.7409576249031389
2023-03-17,3916.639892578125,25.51,-1.1080621273952929
2023-03-20,3951.570068359375,24.15,0.88788696359412
2023-03-21,4002.8701171875,21.38,1.2898647518557738
2023-03-22,3936.969970703125,22.26,-1.6600248639841553
2023-03-23,3948.719970703125,22.61,0.29800838691826925
2023-03-24,3970.989990234375,21.74,0.5623963084302019
2023-03-27,3977.530029296875,20.6,0.16455995637674192
2023-03-28,3971.27001953125,19.97,-0.15750832883885124
2023-03-29,4027.81005859375,19.12,1.4136870775047328
2023-03-30,4050.830078125,19.02,0.5698999199482913
2023-03-31,4109.31005859375,18.7,1.4333327782036775
2023-04-03,4124.509765625,18.55,0.36920225658025885
2023-04-04,4100.60009765625,19.0,-0.5813839745162142
2023-04-05,4090.3798828125,19.08,-0.24954816571209903
2023-04-06,4105.02001953125,18.4,0.3572773132802354
2023-04-10,4109.10986328125,18.97,0.09958070170092981
2023-04-11,4108.93994140625,19.1,-0.004135333298194155
2023-04-12,4091.949951171875,19.09,-0.41434563234616917
2023-04-13,4146.22021484375,17.8,1.3175510497831056
2023-04-14,4137.64013671875,17.07,-0.2071517584578686
2023-04-17,4151.31982421875,16.95,0.3300703582615583
2023-04-18,4154.8701171875,16.83,0.08548548034656989
2023-04-19,4154.52001953125,16.46,-0.008426554794027652
2023-04-20,4129.7900390625,17.17,-0.5970335188310472
2023-04-21,4133.52001953125,16.77,0.09027812573005889
2023-04-24,4137.0400390625,16.89,0.0851216778272601
2023-04-25,4071.6298828125,18.76,-1.5937183818577338
2023-04-26,4055.989990234375,18.84,-0.3848583503344827
2023-04-27,4135.35009765625,17.03,1.9377193402696946
2023-04-28,4169.47998046875,15.78,0.8219331313243927
2023-05-01,4167.8701171875,16.08,-0.03861810485101813
2023-05-02,4119.580078125,17.78,-1.16539066805732
2023-05-03,4090.75,18.34,-0.7022908054892696
2023-05-04,4061.219970703125,20.09,-0.7244913455062729
2023-05-05,4136.25,17.19,1.8306166381879763
2023-05-08,4138.1201171875,16.98,0.045202648488285035
2023-05-09,4119.169921875,17.71,-0.4589938949060013
2023-05-10,4137.64013671875,16.94,0.44739422419137753
2023-05-11,4130.6201171875,16.93,-0.1698064889705364
2023-05-12,4124.080078125,17.03,-0.1584561589439204
2023-05-15,4136.27978515625,17.12,0.2953797680316228
2023-05-16,4109.89990234375,17.99,-0.6398107681917509
2023-05-17,4158.77001953125,16.87,1.182068862207153
2023-05-18,4198.0498046875,16.05,0.9400723063727412
2023-05-19,4191.97998046875,16.81,-0.14469138806756376
2023-05-22,4192.6298828125,17.21,0.015502267980238571
2023-05-23,4145.580078125,18.53,-1.1285468768283735
2023-05-24,4115.240234375,20.03,-0.7345512678305965
2023-05-25,4151.27978515625,19.14,0.8719456079012033
2023-05-26,4205.4501953125,17.95,1.296468093164016
2023-05-30,4205.52001953125,17.46,0.0016603130665870935
2023-05-31,4179.830078125,17.94,-0.6127358186214238
2023-06-01,4221.02001953125,15.65,0.980621508585422
2023-06-02,4282.3701171875,14.6,1.4429812390106989
2023-06-05,4273.7900390625,14.73,-0.2005591490657821
2023-06-06,4283.85009765625,13.96,0.23511302338512508
2023-06-07,4267.52001953125,13.94,-0.3819293926420997
2023-06-08,4293.93017578125,13.65,0.6169571607523849
2023-06-09,4298.85986328125,13.83,0.11474010230507758
2023-06-12,4338.93017578125,15.01,0.9277974981754866
2023-06-13,4369.009765625,14.61,0.6908570725908447
2023-06-14,4372.58984375,13.88,0.0819089980126364
2023-06-15,4425.83984375,14.5,1.2104580493589978
2023-06-16,4409.58984375,13.54,-0.36783764677519315
2023-06-20,4388.7099609375,13.88,-0.4746353835235695
2023-06-21,4365.68994140625,13.2,-0.5259086366924848
2023-06-22,4381.89013671875,12.91,0.3703930387334964
2023-06-23,4348.330078125,13.44,-0.7688288056503012
2023-06-26,4328.81982421875,14.25,-0.44969343631322545
2023-06-27,4378.41015625,13.74,1.1390733524182295
2023-06-28,4376.85986328125,13.43,-0.0354139388390351
2023-06-29,4396.43994140625,13.54,0.4463568114490002
2023-06-30,4450.3798828125,13.59,1.21943502618862
2023-07-03,4455.58984375,13.57,0.11699930926720725
2023-07-05,4446.81982421875,14.18,-0.19702580976126427
2023-07-06,4411.58984375,15.44,-0.7954061175894367
2023-07-07,4398.9501953125,14.83,-0.2869212795733489
2023-07-10,4409.52978515625,15.07,0.24021386106269915
2023-07-11,4439.259765625,14.84,0.6719583998254564
2023-07-12,4472.16015625,13.54,0.7383905235389676
2023-07-13,4510.0400390625,13.61,0.8434482989626346
2023-07-14,4505.419921875,13.34,-0.10249321969073577
2023-07-17,4522.7900390625,13.48,0.38479695744211284
2023-07-18,4554.97998046875,13.3,0.7092066941428499
2023-07-19,4565.72021484375,13.76,0.2355134827233485
2023-07-20,4534.8701171875,13.99,-0.6779827396258042
2023-07-21,4536.33984375,13.6,0.03240420146131129
2023-07-24,4554.64013671875,13.91,0.4026038496874662
2023-07-25,4567.4599609375,13.86,0.28107195758391157
2023-07-26,4566.75,13.19,-0.015545097867608604
2023-07-27,4537.41015625,14.41,-0.6445393055196647
2023-07-28,4582.22998046875,13.33,0.9829375810433305
2023-07-31,4588.9599609375,13.63,0.14676354365690258
2023-08-01,4576.72998046875,13.93,-0.26686453076827377
2023-08-02,4513.39013671875,16.09,-1.393620063833545
2023-08-03,4501.89013671875,15.92,-0.25512254502917386
2023-08-04,4478.02978515625,17.1,-0.5314169373939137
2023-08-07,4518.43994140625,15.77,0.8983618964856888
2023-08-08,4499.3798828125,15.99,-0.4227205100058029
2023-08-09,4467.7099609375,15.96,-0.7063619102046559
2023-08-10,4468.830078125,15.85,0.02506825210808472
2023-08-11,4464.0498046875,14.84,-0.10702648992282349
2023-08-14,4489.72021484375,14.82,0.5734004879418109
2023-08-15,4437.85986328125,16.46,-1.1618139396096794
2023-08-16,4404.330078125,16.78,-0.758408179262382
2023-08-17,4370.35986328125,17.89,-0.774281137752908
2023-08-18,4369.7099609375,17.3,-0.014871788395787178
2023-08-21,4399.77001953125,17.13,0.6855634859800119
2023-08-22,4387.5498046875,16.97,-0.2781331046545432
2023-08-23,4436.009765625,15.98,1.0984330710790857
2023-08-24,4376.31005859375,17.2,-1.3549353984007695
2023-08-25,4405.7099609375,15.68,0.6695501060296039
2023-08-28,4433.31005859375,15.08,0.6245078594195874
2023-08-29,4497.6298828125,14.45,1.4404068712057239
2023-08-30,4514.8701171875,13.88,0.3825854181192412
2023-08-31,4507.66015625,13.57,-0.15982129743399298
2023-09-01,4515.77001953125,13.09,0.17975127655187606
2023-09-05,4496.830078125,14.01,-0.4202997821382226
2023-09-06,4465.47998046875,14.45,-0.6996014491431168
2023-09-07,4451.14013671875,14.4,-0.3216433115733608
2023-09-08,4457.490234375,13.84,0.14256060622575006
2023-09-11,4487.4599609375,13.8,0.6700951498135765
2023-09-12,4461.89990234375,14.23,-0.5712169023004421
2023-09-13,4467.43994140625,13.48,0.12408621175339363
2023-09-14,4505.10009765625,12.82,0.8394585533666898
2023-09-15,4450.31982421875,13.79,-1.223414584249305
2023-09-18,4453.52978515625,14.0,0.07210276941744809
2023-09-19,4443.9501953125,14.11,-0.2153327361533286
2023-09-20,4402.2001953125,15.14,-0.9439204206291407
2023-09-21,4330.0,17.54,-1.6536918318488247
2023-09-22,4320.06005859375,17.2,-0.22982374027602503
2023-09-25,4337.43994140625,16.9,0.4014994203807021
2023-09-26,4273.52978515625,18.94,-1.4844165482264415
2023-09-27,4274.509765625,18.22,0.022928777229402897
2023-09-28,4299.7001953125,17.34,0.5875877143001418
2023-09-29,4288.0498046875,17.52,-0.2713259648290389
2023-10-02,4288.39013671875,17.61,0.007936440615274876
2023-10-03,4229.4501953125,19.78,-1.3839395863447734
2023-10-04,4263.75,18.58,0.8077047607828902
2023-10-05,4258.18994140625,18.49,-0.13048811469964505
2023-10-06,4308.5,17.45,1.174564209396145
2023-10-09,4335.66015625,17.7,0.6284068119388309
2023-10-10,4358.240234375,17.03,0.5194476099985579
2023-10-11,4376.9501953125,16.09,0.4283819500095376
2023-10-12,4349.60986328125,16.69,-0.6266024940655868
2023-10-13,4327.77978515625,19.32,-0.5031495660219321
2023-10-16,4373.6298828125,17.21,1.0538642302590162
2023-10-17,4373.2001953125,17.88,-0.009824987944462293
2023-10-18,4314.60009765625,19.22,-1.349040825115111
2023-10-19,4278.0,21.4,-0.8519032328058174
2023-10-20,4224.16015625,21.71,-1.2665149196156023
2023-10-23,4217.0400390625,20.37,-0.1686992065435433
2023-10-24,4247.68017578125,18.97,0.7239523519629643
2023-10-25,4186.77001953125,20.19,-1.4443434657238186
2023-10-26,4137.22998046875,20.68,-1.1903081205584698
2023-10-27,4117.3701171875,21.27,-0.48118385786217743
2023-10-30,4166.81982421875,19.75,1.1938474300286828
2023-10-31,4193.7998046875,18.14,0.6454084821687189
2023-11-01,4237.85986328125,16.87,1.0451194990192647
2023-11-02,4317.77978515625,15.66,1.8682938934086124
2023-11-03,4358.33984375,14.91,0.9349883544551574
2023-11-06,4365.97998046875,14.89,0.17514577241009022
2023-11-07,4378.3798828125,14.81,0.2836093401711537
2023-11-08,4382.77978515625,14.45,0.10044110324205491
2023-11-09,4347.35009765625,15.29,-0.811669069906884
2023-11-10,4415.240234375,14.17,1.549575927077207
2023-11-13,4411.5498046875,14.76,-0.08361884413705667
2023-11-14,4495.7001953125,14.16,1.8895370474577788
2023-11-15,4502.8798828125,14.18,0.1595738207846864
2023-11-16,4508.240234375,14.32,0.11897193967129738
2023-11-17,4514.02001953125,13.8,0.1281227937178997
2023-11-20,4547.3798828125,13.41,0.7363103793794679
2023-11-21,4538.18994140625,13.35,-0.20229759317569318
2023-11-22,4556.6201171875,12.85,0.40529050943138856
2023-11-24,4559.33984375,12.46,0.059669560964437096
2023-11-27,4550.43017578125,12.69,-0.19560693168987342
2023-11-28,4554.89013671875,12.69,0.09796385280509412
2023-11-29,4550.580078125,12.98,-0.09466966151023826
2023-11-30,4567.7998046875,12.92,0.3776931264994232
2023-12-01,4594.6298828125,12.63,0.5856558953846402
2023-12-04,4569.77978515625,13.08,-0.5423188063826245
2023-12-05,4567.18017578125,12.85,-0.05690315939350654
2023-12-06,4549.33984375,12.97,-0.3913851944943758
2023-12-07,4585.58984375,13.06,0.7936610684822654
2023-12-08,4604.3701171875,12.35,0.4087134146503857
2023-12-11,4622.43994140625,12.63,0.39168135477805066
2023-12-12,4643.7001953125,12.07,0.4588812795692121
2023-12-13,4707.08984375,12.19,1.3558345175020747
2023-12-14,4719.5498046875,12.48,0.2643565185154628
2023-12-15,4719.18994140625,12.28,-0.007625240044895065
2023-12-18,4740.56005859375,12.56,0.4518122263400315
2023-12-19,4768.3701171875,12.53,0.584926745082015
2023-12-20,4698.35009765625,13.67,-1.479314796530673
2023-12-21,4746.75,13.65,1.024876930727281
2023-12-22,4754.6298828125,13.03,0.16586821527599938
2023-12-26,4774.75,12.99,0.4222761046978718
2023-12-27,4781.580078125,12.43,0.1429435616422836
2023-12-28,4783.35009765625,12.47,0.03701061103278391
2023-12-29,4769.830078125,12.45,-0.2830477036734891
2024-01-02,4742.830078125,13.2,-0.5676660799721844
2024-01-03,4704.81005859375,14.04,-0.8048618327197943
2024-01-04,4688.68017578125,14.13,-0.34342716633180004
2024-01-05,4697.240234375,13.35,0.18240216394342923
2024-01-08,4763.5400390625,13.08,1.401594543635376
2024-01-09,4756.5,12.76,-0.1478993852318311
2024-01-10,4783.4501953125,12.69,0.5649980650495934
2024-01-11,4780.240234375,12.44,-0.06712808369613299
2024-01-12,4783.830078125,12.7,0.07506937530337154
2024-01-16,4765.97998046875,13.84,-0.37383190523563314
2024-01-17,4739.2099609375,14.79,-0.5632731271107971
2024-01-18,4780.93994140625,14.13,0.8766720726242738
2024-01-19,4839.81005859375,13.3,1.223830823254879
2024-01-22,4850.43017578125,13.19,0.2191921187231216
2024-01-23,4864.60009765625,12.55,0.29171153407645534
2024-01-24,4868.5498046875,13.14,0.0811598976216743
2024-01-25,4894.16015625,13.45,0.5246578134979529
2024-01-26,4890.97021484375,13.26,-0.06519977554262368
2024-01-29,4927.93017578125,13.6,0.7528365505246271
2024-01-30,4924.97021484375,13.31,-0.06008303969800011
2024-01-31,4845.64990234375,14.35,-1.6236851740732305
2024-02-01,4906.18994140625,13.88,1.2416286114049768
2024-02-02,4958.60986328125,13.85,1.062777072263188
2024-02-05,4942.81005859375,13.67,-0.31914247092839076
2024-02-06,4954.22998046875,13.06,0.23077459317484283
2024-02-07,4995.06005859375,12.83,0.8207682594008503
2024-02-08,4997.91015625,12.79,0.057042054009137644
2024-02-09,5026.60986328125,12.93,0.5725917128794222
2024-02-12,5021.83984375,13.93,-0.09494041426520994
2024-02-13,4953.169921875,15.85,-1.3768609419845035
2024-02-14,5000.6201171875,14.38,0.9534168304217161
2024-02-15,5029.72998046875,14.01,0.5804372674040437
2024-02-16,5005.56982421875,14.24,-0.48150435759612975
2024-02-20,4975.509765625,15.42,-0.6023426465818105
2024-02-21,4981.7998046875,15.34,0.1263401495103622
2024-02-22,5087.02978515625,14.54,2.0902888666403996
2024-02-23,5088.7998046875,13.75,0.03478870265016809
2024-02-26,5069.52978515625,13.74,-0.37939392446677545
2024-02-27,5078.18017578125,13.43,0.17048955387206632
2024-02-28,5069.759765625,13.84,-0.16595313211116292
2024-02-29,5096.27001953125,13.4,0.521547045579851
2024-03-01,5137.080078125,13.11,0.7975936433387787
2024-03-04,5130.9501953125,13.49,-0.11939745749618424
2024-03-05,5078.64990234375,14.46,-1.0245406275918967
2024-03-06,5104.759765625,14.5,0.5127932853001838
2024-03-07,5157.35986328125,14.44,1.0251402284984223
2024-03-08,5123.68994140625,14.74,-0.6549922992050483
2024-03-11,5117.93994140625,15.22,-0.11228682680286539
2024-03-12,5175.27001953125,13.84,1.1139512586668232
2024-03-13,5165.31005859375,13.75,-0.19263840021217504
2024-03-14,5150.47998046875,14.4,-0.28752210514948473
2024-03-15,5117.08984375,14.41,-0.6504022859738612
2024-03-18,5149.419921875,14.33,0.6298184238481497
2024-03-19,5178.509765625,13.82,0.5633253044342368
2024-03-20,5224.6201171875,13.04,0.8864765516360507
2024-03-21,5241.52978515625,12.92,0.3231309094529067
2024-03-22,5234.18017578125,13.06,-0.14031718343261446
2024-03-25,5218.18994140625,13.19,-0.3059640382032214
2024-03-26,5203.580078125,13.24,-0.28037219828060955
2024-03-27,5248.490234375,12.78,0.8593595582706115
2024-03-28,5254.35009765625,13.01,0.11158627007610278
2024-04-01,5243.77001953125,13.65,-0.2015614526957421
2024-04-02,5205.81005859375,14.61,-0.7265388203672174
2024-04-03,5211.490234375,14.33,0.10905275233383804
2024-04-04,5147.2099609375,16.35,-1.2411035619262378
2024-04-05,5204.33984375,16.03,1.103805013569925
2024-04-08,5202.39013671875,15.19,-0.037470119004190394
2024-04-09,5209.91015625,14.98,0.14444494736345348
2024-04-10,5160.64013671875,15.8,-0.9501981832212181
2024-04-11,5199.06005859375,14.91,0.7417221983342159
2024-04-12,5123.41015625,17.31,-1.4657587802247463
2024-04-15,5061.81982421875,19.23,-1.2094195787460293
2024-04-16,5051.41015625,18.4,-0.20586245275033832
2024-04-17,5022.2099609375,18.21,-0.5797375076005196
2024-04-18,5011.1201171875,18.0,-0.22106017004848155
2024-04-19,4967.22998046875,18.71,-0.879712965405588
2024-04-22,5010.60009765625,16.94,0.8693351156837892
2024-04-23,5070.5498046875,15.69,1.1893566567723113
2024-04-24,5071.6298828125,15.97,0.021298737793173927
2024-04-25,5048.419921875,15.37,-0.4586934270118803
2024-04-26,5099.9599609375,15.03,1.0157381332325244
2024-04-29,5116.169921875,14.67,0.3173408076639461
2024-04-30,5035.68994140625,15.65,-1.5855551118928446
2024-05-01,5018.39013671875,15.39,-0.34413534856305716
2024-05-02,5064.2001953125,14.68,0.9087024725083381
2024-05-03,5127.7900390625,13.49,1.2478557659509448
2024-05-06,5180.740234375,13.49,1.0273173691247806
2024-05-07,5187.7001953125,13.23,0.13425282288253015
2024-05-08,5187.669921875,13.0,-0.0005835635194628708
2024-05-09,5214.080078125,12.69,0.5078032639108443
2024-05-10,5222.68017578125,12.55,0.16480400801661688
2024-05-13,5221.419921875,13.6,-0.024133317386620945
2024-05-14,5246.68017578125,13.42,0.48261485274547766
2024-05-15,5308.14990234375,12.45,1.1647827787300002
2024-05-16,5297.10009765625,12.42,-0.2083837474089023
2024-05-17,5303.27001953125,11.99,0.11640956878942177
2024-05-20,5308.1298828125,12.15,0.09159703084904436
2024-05-21,5321.41015625,11.86,0.2498749766893127
2024-05-22,5307.009765625,12.29,-0.2709791209351664
2024-05-23,5267.83984375,12.77,-0.7408162283471853
2024-05-24,5304.72021484375,11.93,0.6976649076673169
2024-05-28,5306.0400390625,12.92,0.024877090688590897
2024-05-29,5266.9501953125,14.28,-0.7394317215743129
2024-05-30,5235.47998046875,14.47,-0.5992957535752907
2024-05-31,5277.509765625,12.92,0.7995824231928239
2024-06-03,5283.39990234375,13.11,0.11154602235343702
2024-06-04,5291.33984375,13.16,0.15016810037842276
2024-06-05,5354.02978515625,12.63,1.1778015849955636
2024-06-06,5352.9599609375,12.58,-0.01998366016362496
2024-06-07,5346.990234375,12.22,-0.11158420502788147
2024-06-10,5360.7900390625,12.74,0.2577529978241344
2024-06-11,5375.31982421875,12.85,0.2706714855209569
2024-06-12,5421.02978515625,12.04,0.8467720241887022
2024-06-13,5433.740234375,11.94,0.2341911437117261
2024-06-14,5431.60009765625,12.66,-0.039393828099854034
2024-06-17,5473.22998046875,12.75,0.7635164372320702
2024-06-18,5487.02978515625,12.3,0.25181541815175734
2024-06-20,5473.169921875,13.28,-0.2529127395412445
2024-06-21,5464.6201171875,13.2,-0.15633517188238244
2024-06-24,5447.8701171875,13.33,-0.3069879155868094
2024-06-25,5469.2998046875,12.84,0.3925873679182956
2024-06-26,5477.89990234375,12.55,0.15711962247202393
2024-06-27,5482.8701171875,12.24,0.09069098567984213
2024-06-28,5460.47998046875,12.44,-0.4092013462368982
2024-07-01,5475.08984375,12.22,0.2671990981429673
2024-07-02,5509.009765625,12.03,0.6176205771184939
2024-07-03,5537.02001953125,12.09,0.5071562269533203
2024-07-05,5567.18994140625,12.48,0.5433974360968818
2024-07-08,5572.85009765625,12.37,0.10161824764054472
2024-07-09,5576.97998046875,12.51,0.07407974780644366
2024-07-10,5633.91015625,12.85,1.0156314878106087
2024-07-11,5584.5400390625,12.92,-0.8801649969266023
2024-07-12,5615.35009765625,12.46,0.550186402496422
2024-07-15,5631.22021484375,13.12,0.2822216423354007
2024-07-16,5667.2001953125,13.19,0.6369049971452156
2024-07-17,5588.27001953125,14.48,-1.4025441523644488
2024-07-18,5544.58984375,15.93,-0.7847112145350721
2024-07-19,5505.0,16.52,-0.7165879226405991
2024-07-22,5564.41015625,14.91,1.0734217246220368
2024-07-23,5555.740234375,14.72,-0.15593176939461273
2024-07-24,5427.1298828125,18.04,-2.3421242222893213
2024-07-25,5399.22021484375,18.46,-0.5155889019716753
2024-07-26,5459.10009765625,16.39,1.102942040957089
2024-07-29,5463.5400390625,16.6,0.08129795718279098
2024-07-30,5436.43994140625,17.69,-0.49725143613663647
2024-07-31,5522.2998046875,16.36,1.5669980701916941
2024-08-01,5446.68017578125,18.59,-1.3788123791989904
2024-08-02,5346.56005859375,23.39,-1.8552906608553243
2024-08-05,5186.330078125,38.57,-3.042704139239305
2024-08-06,5240.02978515625,27.71,1.0300849493599884
2024-08-07,5199.5,27.85,-0.7764715388770327
2024-08-08,5319.31005859375,23.79,2.2781139590899
2024-08-09,5344.16015625,20.37,0.46607984343811637
2024-08-12,5344.39013671875,20.71,0.0043033051721153015
2024-08-13,5434.43017578125,18.12,1.6707233419049672
2024-08-14,5455.2099609375,16.19,0.3816436561198344
2024-08-15,5543.22021484375,15.23,1.6004489931304988
2024-08-16,5554.25,14.8,0.19878023683954638
2024-08-19,5608.25,14.65,0.9675327436177383
2024-08-20,5597.1201171875,15.88,-0.19865272376087262
2024-08-21,5620.85009765625,16.27,0.42307147210056684
2024-08-22,5570.64013671875,17.55,-0.897294225665668
2024-08-23,5634.60986328125,15.86,1.1417937401663636
2024-08-26,5616.83984375,16.15,-0.3158710169605783
2024-08-27,5625.7998046875,15.43,0.15939251127239373
2024-08-28,5592.18017578125,17.11,-0.5993900794734941
2024-08-29,5591.9599609375,15.65,-0.003937984343771461
2024-08-30,5648.39990234375,15.0,1.004245707914464
2024-09-03,5528.93017578125,20.72,-2.1377963372398057
2024-09-04,5520.06982421875,21.32,-0.16038290273812095
2024-09-05,5503.41015625,19.9,-0.30225810146742305
2024-09-06,5408.419921875,22.38,-1.741094450742331
2024-09-09,5471.0498046875,19.45,1.1513534435817263
2024-09-10,5495.52001953125,19.08,0.4462699977795026
2024-09-11,5554.1298828125,17.69,1.0608555649842089
2024-09-12,5595.759765625,17.07,0.7467352156803386
2024-09-13,5626.02001953125,16.56,0.5393142234355608
2024-09-16,5633.08984375,17.14,0.12558408673104537
2024-09-17,5634.580078125,17.61,0.02645150938960228
2024-09-18,5618.259765625,18.23,-0.2900658708313131
2024-09-19,5713.64013671875,16.33,1.6834356892726277
2024-09-20,5702.5498046875,16.15,-0.19429136300157523
2024-09-23,5718.56982421875,15.89,0.28053344257124024
2024-09-24,5732.93017578125,15.39,0.25080311033462976
2024-09-25,5722.259765625,15.41,-0.18629832062124763
2024-09-26,5745.3701171875,15.37,0.4030542158199424
2024-09-27,5738.169921875,16.96,-0.12540029000724928
2024-09-30,5762.47998046875,16.73,0.42276036584407706
2024-10-01,5708.75,19.26,-0.9367848694454395
2024-10-02,5709.5400390625,18.9,0.013838132698751338
2024-10-03,5699.93994140625,20.49,-0.16828286544594562
2024-10-04,5751.06982421875,19.21,0.8930255699185707
2024-10-07,5695.93994140625,22.64,-0.9632263829388421
2024-10-08,5751.1298828125,21.42,0.9642706804694257
2024-10-09,5792.0400390625,20.86,0.7088231016995294
2024-10-10,5780.0498046875,20.93,-0.20722685059819668
2024-10-11,5815.02978515625,20.46,0.6033608707298299
2024-10-14,5859.85009765625,19.7,0.7678114574593664
2024-10-15,5815.259765625,20.64,-0.7638566037513783
2024-10-16,5842.47021484375,19.58,0.46682327827802794
2024-10-17,5841.47021484375,19.11,-0.017117512853737082
2024-10-18,5864.669921875,18.03,0.3963686942773492
2024-10-21,5853.97998046875,18.37,-0.18244327564183038
2024-10-22,5851.2001953125,18.2,-0.047496666719659686
2024-10-23,5797.419921875,19.24,-0.9233824267679935
2024-10-24,5809.85986328125,19.08,0.2143473130557183
2024-10-25,5808.1201171875,20.33,-0.02994920131857981
2024-10-28,5823.52001953125,19.8,0.2647934626732962
2024-10-29,5832.919921875,19.34,0.16128259449015303
2024-10-30,5813.669921875,20.35,-0.3305691672489175
2024-10-31,5705.4501953125,23.16,-1.8790134928744706
2024-11-01,5728.7998046875,21.88,0.4084158004525662
2024-11-04,5712.68994140625,21.98,-0.28160448131906435
2024-11-05,5782.759765625,20.49,1.2191031029562538
2024-11-06,5929.0400390625,16.27,2.498128095718677
2024-11-07,5973.10009765625,15.2,0.7403754173996191
2024-11-08,5995.5400390625,14.94,0.3749794035718068
2024-11-11,6001.35009765625,14.97,0.09685941909562956
2024-11-12,5983.990234375,14.71,-0.2896851476936746
2024-11-13,5985.3798828125,14.02,0.02322007641417656
2024-11-14,5949.169921875,14.31,-0.6068108582244491
2024-11-15,5870.6201171875,16.14,-1.3291430866793519
2024-11-18,5893.6201171875,15.58,0.3910159746206787
2024-11-19,5916.97998046875,16.35,0.39557505205962684
2024-11-20,5917.10986328125,17.16,0.002195062133480974
2024-11-21,5948.7099609375,16.87,0.532625184428781
2024-11-22,5969.33984375,15.24,0.3461959591536612
2024-11-25,5987.3701171875,14.6,0.3015927820126052
2024-11-26,6021.6298828125,14.1,0.5705697155262257
2024-11-27,5998.740234375,14.1,-0.3808481083577675
2024-11-29,6032.3798828125,13.51,0.5592120396801903
2024-12-02,6047.14990234375,13.34,0.24454638805817552
2024-12-03,6049.8798828125,13.3,0.045134724202178234
2024-12-04,6086.490234375,13.45,0.603318162813693
2024-12-05,6075.10986328125,13.54,-0.18715258393822154
2024-12-06,6090.27001953125,12.77,0.24923453675373963
2024-12-09,6052.85009765625,14.19,-0.6163167285226478
2024-12-10,6034.91015625,14.18,-0.29682843142797566
2024-12-11,6084.18994140625,13.58,0.8132626411368804
2024-12-12,6051.25,13.92,-0.5428731461464054
2024-12-13,6051.08984375,13.81,-0.0026466989371698446
2024-12-16,6074.080078125,14.69,0.37921550087851585
2024-12-17,6050.60986328125,15.87,-0.3871479480656248
2024-12-18,5872.16015625,27.62,-2.9936505304517524
2024-12-19,5867.080078125,24.09,-0.08654867505377695
2024-12-20,5930.85009765625,18.36,1.0810479402397988
2024-12-23,5974.06982421875,16.78,0.7260849585616569
2024-12-24,6040.0400390625,14.27,1.0982233165126587
2024-12-26,6037.58984375,14.73,-0.04057410882580825
2024-12-27,5970.83984375,15.95,-1.1117304964912478
2024-12-30,5906.93994140625,17.4,-1.0759673941729275
2024-12-31,5881.6298828125,17.35,-0.429400645898248
2025-01-02,5868.5498046875,17.93,-0.22263631494485736
2025-01-03,5942.47021484375,16.13,1.2517356707824945
2025-01-06,5975.3798828125,16.04,0.5522766496818932
2025-01-07,5909.02978515625,17.82,-1.1166021516636704
2025-01-08,5918.25,17.7,0.15591440938305112
2025-01-10,5827.0400390625,19.54,-1.5531637650232355
2025-01-13,5836.22021484375,19.19,0.15742043780537784
2025-01-14,5842.91015625,18.71,0.11456233341640143
2025-01-15,5949.91015625,16.12,1.8147132504516605
2025-01-16,5937.33984375,16.6,-0.2114924340865798
2025-01-17,5996.66015625,15.97,0.9941478308393314
2025-01-21,6049.240234375,15.06,0.8730009440595765
2025-01-22,6086.3701171875,15.1,0.6119181086994274
2025-01-23,6118.7099609375,15.02,0.5299419459529275
2025-01-24,6101.240234375,14.85,-0.2859215984466701
2025-01-27,6012.27978515625,17.9,-1.4688059032112122
2025-01-28,6067.7001953125,16.41,0.9175644177716435
2025-01-29,6039.31005859375,16.56,-0.46898760569202835
2025-01-30,6071.169921875,15.84,0.5261548152180495
2025-01-31,6040.52978515625,16.43,-0.5059603990266837
2025-02-03,5994.56982421875,18.62,-0.7637690729495716
2025-02-04,6037.8798828125,17.21,0.7198907403029864
2025-02-05,6061.47998046875,15.77,0.3901053915614128
2025-02-06,6083.56982421875,15.5,0.3637674355266185
2025-02-07,6025.990234375,16.54,-0.9509845693660424
2025-02-10,6066.43994140625,15.81,0.6690112295453687
2025-02-11,6068.5,16.02,0.03395251436746349
2025-02-12,6051.97021484375,15.89,-0.2727583189647831
2025-02-13,6115.06982421875,15.1,1.0372313214235263
2025-02-14,6114.6298828125,14.77,-0.0071946395573618815
2025-02-18,6129.580078125,15.35,0.24420036555508062
2025-02-19,6144.14990234375,15.27,0.23741488668242994
2025-02-20,6117.52001953125,15.66,-0.4343604884288865
2025-02-21,6013.1298828125,18.21,-1.7211396672539792
2025-02-24,5983.25,18.98,-0.4981493566251771
2025-02-25,5955.25,19.43,-0.4690715138396584
2025-02-26,5956.06005859375,19.1,0.013601502958415779
2025-02-27,5861.56982421875,21.13,-1.5991742678524545
2025-02-28,5954.5,19.63,1.572978042066353
2025-03-03,5849.72021484375,22.78,-1.7753402648310157
2025-03-04,5778.14990234375,23.51,-1.2310288231505595
2025-03-05,5842.6298828125,21.93,1.1097472528735608
2025-03-06,5738.52001953125,24.87,-1.797967710745496
2025-03-07,5770.2001953125,23.37,0.5505435045455087
2025-03-10,5614.56005859375,27.86,-2.734354178842935
2025-03-11,5572.06982421875,26.92,-0.759664691853601
2025-03-12,5599.2998046875,24.23,0.48749679404913593
2025-03-13,5521.52001953125,24.66,-1.3988366806465535
2025-03-14,5638.93994140625,21.77,2.1042905953198243
2025-03-17,5675.1201171875,20.51,0.6395634974605713
2025-03-18,5614.66015625,21.7,-1.0710667074320668
2025-03-19,5675.2900390625,19.9,1.074060817295397
2025-03-20,5662.89013671875,19.8,-0.21872835137823898
2025-03-21,5667.56005859375,19.28,0.08243136078327495
2025-03-24,5767.56982421875,17.48,1.7492117128638185
2025-03-25,5776.64990234375,17.15,0.15730954906540973
2025-03-26,5712.2001953125,18.33,-1.1219640357598593
2025-03-27,5693.31005859375,18.69,-0.3312461007132228
2025-03-28,5580.93994140625,21.65,-1.9934601126852414
2025-03-31,5611.85009765625,22.28,0.5523240357645065
2025-04-01,5633.06982421875,21.77,0.3774104555212432
2025-04-02,5670.97021484375,21.51,0.6705661429483811
2025-04-03,5396.52001953125,30.02,-4.9605911828995986
2025-04-04,5074.080078125,45.31,-6.160906189823123
2025-04-07,5062.25,46.98,-0.2334194605962736
2025-04-08,4982.77001953125,52.33,-1.5825083277055896
2025-04-09,5456.89990234375,33.62,9.089487983303712
2025-04-10,5268.0498046875,40.72,-3.522060702411167
2025-04-11,5363.35986328125,37.56,1.7930380835776916
2025-04-14,5405.97021484375,30.89,0.7913319326343426
2025-04-15,5396.6298828125,30.12,-0.17292752253013077
2025-04-16,5275.7001953125,32.64,-2.2663253964902097
2025-04-17,5282.7001953125,29.65,0.13259586237737153
2025-04-21,5158.2001953125,33.82,-2.384964833401959
2025-04-22,5287.759765625,30.57,2.4806952125450366
2025-04-23,5375.85986328125,28.45,1.6523864366879693
2025-04-24,5484.77001953125,26.47,2.005662808258357
2025-04-25,5525.2099609375,24.84,0.7346084795701202
2025-04-28,5528.75,25.15,0.06405015390011926
2025-04-29,5560.830078125,24.17,0.5785641545557496
2025-04-30,5569.06005859375,24.7,0.14788972519319543
2025-05-01,5604.14013671875,24.6,0.6279345716452056
2025-05-02,5686.669921875,22.68,1.4619191109114027
2025-05-05,5650.3798828125,23.64,-0.640204702931868
2025-05-06,5606.91015625,24.76,-0.7722985278391548
2025-05-07,5631.27978515625,23.55,0.43369381067090984
2025-05-08,5663.93994140625,22.48,0.5783021147466982
2025-05-09,5659.91015625,21.9,-0.07117341348763517
2025-05-12,5844.18994140625,18.39,3.203997667701941
2025-05-13,5886.5498046875,18.22,0.7222059020246974
2025-05-14,5892.580078125,18.62,0.10238912422764201
2025-05-15,5916.93017578125,17.83,0.41238174387565607
2025-05-16,5958.3798828125,17.24,0.698084936809984
2025-05-19,5963.60009765625,18.14,0.08757295660490882
2025-05-20,5940.4599609375,18.09,-0.3887777069571996
2025-05-21,5844.60986328125,20.87,-1.626671926775991
2025-05-22,5842.009765625,20.28,-0.044497002242138706
2025-05-23,5802.81982421875,22.29,-0.673089959147255
2025-05-27,5921.5400390625,18.96,2.0252580802184283
2025-05-28,5888.5498046875,19.31,-0.5586802576445393
2025-05-29,5912.169921875,19.18,0.4003170870632289
2025-05-30,5911.68994140625,18.57,-0.008118845699556232
2025-06-02,5935.93994140625,18.36,0.4093651490626016
2025-06-03,5970.3701171875,17.69,0.5783533535369756
2025-06-04,5970.81005859375,17.61,0.007368474471824982
2025-06-05,5939.2998046875,18.48,-0.5291357978697064
2025-06-06,6000.35986328125,16.77,1.0228196215376073
2025-06-09,6005.8798828125,17.16,0.0919525186391823
2025-06-10,6038.81005859375,16.95,0.5468012541646416
2025-06-11,6022.240234375,17.26,-0.2747660318286549
2025-06-12,6045.259765625,18.02,0.38151330716758025
2025-06-13,5976.97021484375,20.82,-1.1360668590102208
2025-06-16,6033.10986328125,19.11,0.9348823148188856
2025-06-17,5982.72021484375,21.6,-0.8387259723644291
2025-06-18,5980.8701171875,20.14,-0.030928803471930166
2025-06-20,5967.83984375,20.62,-0.2181035215588878
2025-06-23,6025.169921875,19.83,0.9560655071259916
2025-06-24,6092.18017578125,17.48,1.106032861695816
2025-06-25,6092.16015625,16.76,-0.0003286108348987682
2025-06-26,6141.02001953125,16.59,0.7988131032517387
2025-06-27,6173.06982421875,16.32,0.5205399256150045
2025-06-30,6204.9501953125,16.73,0.5151137506128833
2025-07-01,6198.009765625,16.83,-0.11191571098798647
2025-07-02,6227.419921875,16.64,0.47338743064901934
2025-07-03,6279.35009765625,16.38,0.830437821066532
2025-07-07,6229.97998046875,17.79,-0.7893368104245013
2025-07-08,6225.52001953125,16.81,-0.07161432504698695
2025-07-09,6263.259765625,15.94,0.6043802776780183
2025-07-10,6280.4599609375,15.78,0.2742441072925317
2025-07-11,6259.75,16.4,-0.33029717732251385
2025-07-14,6268.56005859375,17.2,0.14064243309359625
2025-07-15,6243.759765625,17.38,-0.3964145065671332
2025-07-16,6263.7001953125,17.16,0.3188568525382962
2025-07-17,6297.35986328125,16.52,0.5359380240012257
2025-07-18,6296.7900390625,16.41,-0.009049030280827708
2025-07-21,6305.60009765625,16.65,0.13981570056724735
2025-07-22,6309.6201171875,16.5,0.0637328496667422
2025-07-23,6358.91015625,15.37,0.7781532145703096
2025-07-24,6363.35009765625,15.39,0.06979799969322187
2025-07-25,6388.64013671875,14.93,0.3966451001680582
2025-07-28,6389.77001953125,15.03,0.01768424712675909
2025-07-29,6370.85986328125,15.98,-0.29638301974674874
2025-07-30,6362.89990234375,15.48,-0.1250213938510214
2025-07-31,6339.39013671875,16.72,-0.37016620463745653
2025-08-01,6238.009765625,20.38,-1.6121387185568992
2025-08-04,6329.93994140625,17.52,1.4629564491414726
2025-08-05,6299.18994140625,17.85,-0.48697037804625865
2025-08-06,6345.06005859375,16.77,0.7255522219853816
2025-08-07,6340.0,16.57,-0.07977981718276794
2025-08-08,6389.4501953125,15.15,0.7769454816388688
2025-08-11,6373.4501953125,16.25,-0.25072683938844875
2025-08-12,6445.759765625,14.73,1.1281559075170478
2025-08-13,6466.580078125,14.49,0.32248733840454236
2025-08-14,6468.5400390625,14.83,0.030304487855481455
2025-08-15,6449.7998046875,15.09,-0.29013399163648756
2025-08-18,6449.14990234375,14.99,-0.01007682577363056
2025-08-19,6411.3701171875,15.57,-0.5875329112207339
2025-08-20,6395.77978515625,15.69,-0.243463063226379
2025-08-21,6370.169921875,16.6,-0.40122197289509387
2025-08-22,6466.91015625,14.22,1.5072285158778342
2025-08-25,6439.31982421875,14.79,-0.4275512539646087
2025-08-26,6465.93994140625,14.62,0.4125473710116623
2025-08-27,6481.39990234375,14.85,0.23881304533031056
2025-08-28,6501.85986328125,14.43,0.31517474414659574
2025-08-29,6460.259765625,15.36,-0.6418740402791556
2025-09-02,6415.5400390625,17.17,-0.6946350061031836
2025-09-03,6448.259765625,16.35,0.5087112302941676
2025-09-04,6502.080078125,15.3,0.8311847102874026
2025-09-05,6481.5,15.18,-0.3170172669936022
2025-09-08,6495.14990234375,15.11,0.21037644508883346
2025-09-09,6512.60986328125,15.04,0.2684547030073148
2025-09-10,6532.0400390625,15.35,0.2979028229397329
2025-09-11,6587.47021484375,14.71,0.8450087623094404
2025-09-12,6584.2900390625,14.76,-0.04828778814278678
2025-09-15,6615.27978515625,15.69,0.46955777265598186
2025-09-16,6606.759765625,16.36,-0.12887604333311486
2025-09-17,6600.35009765625,15.72,-0.0970639078245128
2025-09-18,6631.9599609375,15.7,0.47776878367074005
2025-09-19,6664.35986328125,15.45,0.48735239374817496
2025-09-22,6693.75,16.1,0.4400350714762524
2025-09-23,6656.919921875,16.64,-0.5517351828739692
2025-09-24,6637.97021484375,16.18,-0.2850677165294968
2025-09-25,6604.72021484375,16.74,-0.5021648742527418
2025-09-26,6643.7001953125,15.29,0.5884489130414394
2025-09-29,6661.2099609375,16.12,0.26320772599124354
2025-09-30,6688.4599609375,16.28,0.40825036135085924
2025-10-01,6711.2001953125,16.29,0.33941541712234624
2025-10-02,6715.35009765625,16.63,0.06181636213824504
2025-10-03,6715.7900390625,16.65,0.006551065686721813
2025-10-06,6740.27978515625,16.37,0.3639959282761396
2025-10-07,6714.58984375,17.24,-0.38186877068522307
2025-10-08,6753.72021484375,16.3,0.5810748494187834
2025-10-09,6735.10986328125,16.43,-0.2759373980278923
2025-10-10,6552.509765625,21.66,-2.7485975439899946
2025-10-13,6654.72021484375,19.03,1.5478263036934337
2025-10-14,6644.31005859375,20.81,-0.15655514969434847
2025-10-15,6671.06005859375,20.64,0.401791850342903
2025-10-16,6629.06982421875,25.31,-0.6314280275143247
2025-10-17,6664.009765625,20.78,0.5256873944526674
2025-10-20,6735.1298828125,18.23,1.0615724136144422
2025-10-21,6735.35009765625,17.87,0.003269591641696934
2025-10-22,6699.39990234375,18.6,-0.535183477474277
2025-10-23,6738.43994140625,17.3,0.5810479862013551
2025-10-24,6791.68994140625,16.37,0.7871361975244184
2025-10-27,6875.16015625,15.79,1.2215141327379442
2025-10-28,6890.89013671875,16.42,0.22853305022305648
2025-10-29,6890.58984375,16.92,-0.004357920473374577
2025-10-30,6822.33984375,16.91,-0.9954191424535352
2025-10-31,6840.2001953125,17.44,0.2614500917884399
2025-11-03,6851.97021484375,17.17,0.17192339969174242
2025-11-04,6771.5498046875,19.0,-1.18062503923273
2025-11-05,6796.2900390625,18.01,0.36468976756882654
2025-11-06,6720.31982421875,19.5,-1.1241134514722972
2025-11-07,6728.7998046875,19.08,0.12610463474942435
2025-11-10,6832.43017578125,17.6,1.5283626703501696
2025-11-11,6846.60986328125,17.28,0.20731999523917466
2025-11-12,6850.919921875,17.51,0.06293191259452158
2025-11-13,6737.490234375,20.0,-1.669545163092856
2025-11-14,6734.10986328125,19.83,-0.0501851471272019
2025-11-17,6672.41015625,22.38,-0.9204497894303998
2025-11-18,6617.31982421875,24.69,-0.8290709844169797
2025-11-19,6642.16015625,23.66,0.3746807737265101
2025-11-20,6538.759765625,26.42,-1.5689726116315583
2025-11-21,6602.990234375,23.43,0.9775103041592459
2025-11-24,6705.1201171875,20.52,1.5348818899081351
2025-11-25,6765.8798828125,18.56,0.9020886000833173
2025-11-26,6812.60986328125,17.19,0.6882969436150077
2025-11-28,6849.08984375,16.35,0.5340487341136679
2025-12-01,6812.6298828125,17.24,-0.5337548746055631
2025-12-02,6829.3701171875,16.59,0.24542211959364124
2025-12-03,6849.72021484375,16.08,0.29753605210860457
2025-12-04,6857.1201171875,15.78,0.10797387119740876
2025-12-05,6870.39990234375,15.41,0.19347688846789168
2025-12-08,6846.509765625,16.66,-0.3483315331648029
2025-12-09,6840.509765625,16.93,-0.08767431610134935
2025-12-10,6886.68017578125,15.77,0.6726880659140733
2025-12-11,6901.0,14.85,0.20771919837176966
2025-12-12,6827.41015625,15.74,-1.072091345855597
2025-12-15,6816.509765625,16.5,-0.15978388918362896
2025-12-16,6800.259765625,16.48,-0.23867640084400676
2025-12-17,6721.43017578125,17.62,-1.1659856611370145
2025-12-18,6774.759765625,16.87,0.7902951520478041
2025-12-19,6834.5,14.91,0.8779407421830143
2025-12-22,6878.490234375,14.08,0.6415870575560589
2025-12-23,6909.7900390625,14.0,0.4540067046789886
2025-12-24,6932.0498046875,13.47,0.321630434470066
2025-12-26,6929.93994140625,13.6,-0.03044098771098902
2025-12-29,6905.740234375,14.2,-0.3498162923936121
2025-12-30,6896.240234375,14.33,-0.13766142506543844
2025-12-31,6845.5,14.95,-0.7384867434248932
2026-01-02,6858.47021484375,14.51,0.18929140261167987
2026-01-05,6902.0498046875,14.9,0.6334024511051695
2026-01-06,6944.81982421875,14.75,0.6177592003892229
2026-01-07,6920.93017578125,15.38,-0.34458535710086835
2026-01-08,6921.4599609375,15.45,0.007654532942247272
2026-01-09,6966.27978515625,14.49,0.6454611138320132
2026-01-12,6977.27001953125,15.12,0.15763900591814206
2026-01-13,6963.740234375,15.98,-0.1941005588207645
2026-01-14,6926.60009765625,16.75,-0.5347633584134925
2026-01-15,6944.47021484375,15.84,0.25766039204437874
2026-01-16,6940.009765625,15.86,-0.06425086684505033
2026-01-20,6796.85986328125,20.09,-2.0842460953261366
2026-01-21,6875.6201171875,16.9,1.1521117633559896
2026-01-22,6913.35009765625,15.64,0.5472500707902839
2026-01-23,6915.60986328125,16.09,0.03268164274814467
2026-01-26,6950.22998046875,16.15,0.4993594260159995
2026-01-27,6978.60009765625,16.35,0.4073587840441206
2026-01-28,6978.02978515625,16.35,-0.008172639170034302
2026-01-29,6969.009765625,16.88,-0.12934674424620596
2026-01-30,6939.02978515625,17.44,-0.4311179414457911
2026-02-02,6976.43994140625,16.34,0.5376785277363183
2026-02-03,6917.81005859375,18.0,-0.8439495590662816
2026-02-04,6882.72021484375,18.64,-0.5085300155014849
2026-02-05,6798.39990234375,21.77,-1.232667785383157
2026-02-06,6932.2998046875,17.76,1.9504344282200492
2026-02-09,6964.81982421875,17.36,0.4680117860122124
2026-02-10,6941.81005859375,17.79,-0.3309182284509049
2026-02-11,6941.47021484375,17.65,-0.004895726995002292
2026-02-12,6832.759765625,20.82,-1.5784941386117524
2026-02-13,6836.169921875,20.6,0.04989646444464313
2026-02-17,6843.22021484375,20.29,0.10307906306561421
2026-02-18,6881.31005859375,19.62,0.5550636821135768
2026-02-19,6861.89013671875,20.23,-0.2826115391535211
2026-02-20,6909.509765625,19.09,0.6915755702173954
2026-02-23,6837.75,21.01,-1.043995947145504
2026-02-24,6890.06982421875,19.55,0.7622488962383045
2026-02-25,6946.1298828125,17.93,0.8103433970129359
2026-02-26,6908.85986328125,18.63,-0.5380026995567277
2026-02-27,6878.8798828125,19.86,-0.4348795128036542
2026-03-02,6881.6201171875,21.44,0.03982754131346411
2026-03-03,6816.6298828125,23.57,-0.9488908731311696
2026-03-04,6869.5,21.15,0.7726125740148859
2026-03-05,6830.7099609375,23.75,-0.5662707772703612
2026-03-06,6740.02001953125,29.49,-1.3365720432496175
2026-03-09,6795.990234375,25.5,0.8269871665389061
2026-03-10,6781.47998046875,24.93,-0.21374025058875645
2026-03-11,6775.7998046875,24.23,-0.08379521856358707
2026-03-12,6672.6201171875,27.29,-1.534480818949291
2026-03-13,6632.18994140625,27.19,-0.6077546398502776
2026-03-16,6699.3798828125,23.51,1.0079909746819382
2026-03-17,6716.08984375,22.37,0.24911493849533173
2026-03-18,6624.7001953125,25.09,-1.3700999383731371
2026-03-19,6606.490234375,24.06,-0.27525826238985474
2026-03-20,6506.47998046875,26.78,-1.5253934307770223
2026-03-23,6581.0,26.15,1.1388109095072707
2026-03-24,6556.3701171875,26.95,-0.37495954593200764
2026-03-25,6591.89990234375,25.33,0.5404493759948892
2026-03-26,6477.16015625,27.44,-1.7559440961209205
2026-03-27,6368.85009765625,31.05,-1.686323194605066
2026-03-30,6343.72021484375,30.61,-0.39535538333570486
2026-03-31,6528.52001953125,25.25,2.871489330980026
2026-04-01,6575.31982421875,24.54,0.7142945003758783
2026-04-02,6582.68994140625,23.87,0.1120248136237123
2026-04-06,6611.830078125,24.17,0.44170131316043637
2026-04-07,6616.85009765625,25.78,0.075896003312792
2026-04-08,6782.81005859375,21.04,2.4772038357184556
2026-04-09,6824.66015625,19.49,0.61510668695135
2026-04-10,6816.89013671875,19.23,-0.11391696991402966
2026-04-13,6886.240234375,19.12,1.0121875493741328
2026-04-14,6967.3798828125,18.36,1.1713988916143947
2026-04-15,7022.9501953125,18.17,0.7944144911565587
2026-04-16,7041.27978515625,17.94,0.26065558152854607
2026-04-17,7126.06005859375,17.48,1.196855392873708
2026-04-20,7109.14013671875,18.87,-0.23771959102507623
2026-04-21,7064.009765625,19.5,-0.6368453580853028
2026-04-22,7137.89990234375,18.92,1.0405756011536482
2026-04-23,7108.39990234375,19.31,-0.4141432170939652
2026-04-24,7165.080078125,18.71,0.7942067917632301
2026-04-27,7173.91015625,18.02,0.1231618000550938
2026-04-28,7138.7998046875,17.83,-0.49061878687961524
2026-04-29,7135.9501953125,18.81,-0.03992517435129628
2026-04-30,7209.009765625,16.89,1.0186184168105683
2026-05-01,7230.1201171875,16.99,0.29240496865217125
2026-05-04,7200.75,18.29,-0.40704624878422635
2026-05-05,7259.22021484375,17.38,0.8087227380576323
2026-05-06,7365.1201171875,17.39,1.4482944327745884
2026-05-07,7337.10986328125,17.08,-0.38103454826785566
2026-05-08,7398.93017578125,17.19,0.839040542903291
2026-05-11,7412.83984375,18.38,0.18781917406744952
2026-05-12,7400.9599609375,17.99,-0.1603894411408291
2026-05-13,7444.25,17.87,0.5832206062995837
2026-05-14,7501.240234375,17.26,0.7626449143739222
2026-05-15,7408.5,18.43,-1.2440381787730104
2026-05-18,7403.0498046875,17.82,-0.07359385925660433
2026-05-19,7353.60986328125,18.06,-0.6700720556670703
2026-05-20,7432.97021484375,17.44,1.073420806632619
2026-05-21,7445.72021484375,16.76,0.17138609316660336
2026-05-22,7473.47021484375,16.7,0.37200452843411114
2026-05-26,7519.1201171875,17.01,0.6089680623146521
2026-05-27,7520.35986328125,16.29,0.016486555361971966
2026-05-28,7563.6298828125,15.74,0.5737227212216922
2026-05-29,7580.06005859375,15.32,0.21699047314864828
2026-06-01,7599.9599609375,16.05,0.26218560604913677
2026-06-02,7609.77978515625,15.77,0.12912549125889683
2026-06-03,7553.68017578125,16.06,-0.7399348892068502
2026-06-04,7584.31005859375,15.4,0.4046762369187107
2026-06-05,7383.740234375,21.51,-2.6801330315359806
2026-06-08,7405.72998046875,18.92,0.297370520766016
2026-06-09,7386.64990234375,19.87,-0.257971859262085
2026-06-10,7266.990234375,22.22,-1.6332095868206054
2026-06-11,7394.2998046875,19.44,1.736719891346361
2026-06-12,7431.4599609375,17.68,0.5012928127161587
2026-06-15,7554.2900390625,16.2,1.6393284138581876
2026-06-16,7511.35009765625,16.41,-0.5700396039273414
2026-06-17,7420.10009765625,18.44,-1.2222675603359434
2026-06-18,7500.580078125,16.4,1.0787813962926052
2026-06-22,7472.7900390625,17.28,-0.37119326849772705
2026-06-23,7365.4599609375,19.49,-1.4466928386097422
2026-06-24,7358.22021484375,18.63,-0.09834153677328317
2026-06-25,7357.490234375,18.89,-0.009921104004639858
2026-06-26,7354.02001953125,18.41,-0.04717686829192047
2026-06-29,7440.43017578125,17.65,1.1681561359345949
2026-06-30,7499.35986328125,16.45,0.7888998838147643
2026-07-01,7483.22998046875,16.59,-0.21531509855510222
2026-07-02,7483.240234375,16.15,0.00013702504482182576
2026-07-06,7537.43017578125,15.57,0.7215413830444106
2026-07-07,7503.85009765625,16.13,-0.44650632531855194
2026-07-08,7482.7099609375,16.9,-0.28212145626138607
2026-07-09,7543.64013671875,15.84,0.8109821657157568
2026-07-10,7575.39013671875,15.03,0.4200010992571279
2026-07-13,7515.33984375,17.16,-0.7958609028042574
2026-07-14,7543.58984375,16.5,0.3751931076882542
2026-07-15,7572.39990234375,15.67,0.38118699420550683
2026-07-16,7533.77001953125,16.73,-0.5114462132766562
2026-07-17,7457.68994140625,18.77,-1.0149876192112828
2026-07-20,7443.27978515625,18.65,-0.19341238867802701
2026-07-21,7509.2001953125,17.05,0.8817378432212308
2026-07-22,7498.9599609375,16.64,-0.13646224263990092
2026-07-23,7408.2998046875,18.7,-1.2163372131276162
2026-07-24,7411.97998046875,18.58,0.04966405371877869
2026-07-27,7413.18017578125,18.67,0.016191330177584007
2026-07-28,7428.77978515625,18.21,0.2102096375459439
2026-07-29,7316.14990234375,20.66,-1.527739715707277
2026-07-30,7437.6298828125,17.09,1.6468013977055662
2026-07-31,7489.72021484375,15.99,0.6979208383379287
2026-08-03,7600.5,15.86,1.4682592263996597
2026-08-04,7736.52001953125,16.5,1.7737942015186192
2026-08-05,7723.5498046875,15.81,-0.16778990048802456
2026-08-06,7709.9599609375,15.15,-0.17610831844070418
2026-08-07,7757.64013671875,14.9,0.6165187424711505
2026-08-10,7753.10986328125,15.46,-0.05841462941909015
2026-08-11,7728.2001953125,15.28,-0.32180337931322356
2026-08-12,7748.5,14.55,0.26232744800278596
2026-08-13,7798.990234375,14.63,0.6494991938586381
2026-08-14,7785.759765625,14.25,-0.16978741305937461
2026-08-17,7745.06005859375,15.19,-0.5241165715608176
2026-08-18,7691.759765625,15.84,-0.69056328168422
2026-08-19,7707.97998046875,14.89,0.21065577872612096
2026-08-20,7641.16015625,16.01,-0.8706708745808811
2026-08-21,7674.3701171875,15.13,0.4336776121309782
