Date,SP500,VIX,ret,garch_vol_daily,garch_vol_ann,gap
2012-01-03,1277.06005859375,22.97,1.535548367017725,0.6378212333182911,10.125098185660217,12.844901814339782
2012-01-04,1277.300048828125,22.22,0.018790634443721643,0.8475512826693536,13.454459503901507,8.765540496098492
2012-01-05,1281.06005859375,21.48,0.29393926694947226,0.7821270526779253,12.41588205025023,9.06411794974977
2012-01-06,1277.81005859375,20.63,-0.25401850025392747,0.7311156979158511,11.606101897804598,9.023898102195401
2012-01-09,1280.699951171875,21.07,0.22590443626082646,0.6958631338076834,11.046484791559159,10.023515208440841
2012-01-10,1292.0799560546875,20.69,0.8846523613060597,0.6554446722566967,10.404861605720738,10.285138394279263
2012-01-11,1292.47998046875,21.05,0.030954934463256478,0.7007214400014413,11.123608011449289,9.926391988550712
2012-01-12,1295.5,20.47,0.23338827385686045,0.6570738504810715,10.430724008259322,10.039275991740677
2012-01-13,1289.0899658203125,20.91,-0.4960204447868932,0.6232872479555506,9.894378320689432,11.015621679310568
2012-01-17,1293.6700439453125,22.2,0.35466577681741995,0.6366579729171313,10.10663199927135,12.093368000728649
2012-01-18,1308.0400390625,20.89,1.1046689130221665,0.6134334333713236,9.737953863558197,11.152046136441804
2012-01-19,1314.5,19.87,0.49265017172448466,0.7183321262439583,11.403168988738607,8.466831011261394
2012-01-20,1315.3800048828125,18.28,0.06692357932855941,0.6925788612623375,10.994348581202704,7.285651418797297
2012-01-23,1316.0,18.67,0.047123192204079345,0.6499368487183795,10.317427617635047,8.352572382364954
2012-01-24,1314.6500244140625,18.91,-0.10263438252238188,0.614242614956397,9.750799222995779,9.159200777004221
2012-01-25,1326.06005859375,18.31,0.8641694717195669,0.5890056483851096,9.350174798636118,8.95982520136388
2012-01-26,1318.4300537109375,18.57,-0.577050828798864,0.6482306871592549,10.290343142543396,8.279656857456605
2012-01-27,1316.3299560546875,18.53,-0.15941475452905252,0.668598362367632,10.613669962858804,7.916330037141197
2012-01-30,1313.010009765625,19.4,-0.25253090863452954,0.6372076501119576,10.115357854224593,9.284642145775406
2012-01-31,1312.4100341796875,19.44,-0.04570511280785894,0.6184295265493309,9.817264384013678,9.622735615986324
2012-02-01,1324.0899658203125,18.55,0.8860237474266341,0.590006822890347,9.366067951195136,9.183932048804865
2012-02-02,1325.5400390625,17.98,0.1094547830667203,0.6534026387367932,10.372445328545602,7.607554671454398
2012-02-03,1344.9000244140625,17.1,1.4499725948107667,0.6171354594378897,9.796721705473471,7.30327829452653
2012-02-06,1344.3299560546875,17.76,-0.04239640135317302,0.8108630997883591,12.872052656153695,4.887947343846307
2012-02-07,1347.050048828125,17.65,0.20213375254707344,0.7519691530688446,11.937140235672153,5.712859764327845
2012-02-08,1349.9599609375,18.16,0.21578809333249183,0.7019750033495182,11.14350771267935,7.01649228732065
2012-02-09,1351.949951171875,18.63,0.14730251258781024,0.6602153300530488,10.480593450436771,8.149406549563228
2012-02-10,1342.6400146484375,20.79,-0.6910122643615679,0.6233445494184192,9.895287953212495,10.894712046787504
2012-02-13,1351.77001953125,19.04,0.6777023326496767,0.6701239592225359,10.637888062132912,8.402111937867087
2012-02-14,1350.5,19.54,-0.09399650039254581,0.6767293654255933,10.742745634864031,8.797254365135968
2012-02-15,1343.22998046875,21.14,-0.5397747536216357,0.6404724941259142,10.167185646206676,10.972814353793325
2012-02-16,1358.0400390625,19.22,1.096536583327623,0.6566616852661733,10.42418108831317,8.79581891168683
2012-02-17,1361.22998046875,17.78,0.23461758829403934,0.7460873879274299,11.843770108666522,5.936229891333479
2012-02-21,1362.2099609375,18.19,0.0719663757696054,0.6980779311634305,11.08164360960542,7.108356390394581
2012-02-22,1357.6600341796875,18.19,-0.33456974121452987,0.654560325761285,10.390823040322712,7.79917695967729
2012-02-23,1363.4599609375,16.8,0.4262903180605626,0.6405906040195996,10.169060582643082,6.6309394173569185
2012-02-24,1365.739990234375,17.31,0.16708411755086416,0.6226648240801946,9.884497647983865,7.425502352016133
2012-02-27,1367.5899658203125,18.19,0.13536425518791972,0.5924388948525298,9.404675896690428,8.785324103309573
2012-02-28,1372.1800537109375,17.96,0.3350713492315194,0.5667242150671001,8.996468010154988,8.963531989845013
2012-02-29,1365.6800537109375,18.43,-0.47482427569534025,0.5549935811316745,8.81024996946936,9.61975003053064
2012-03-01,1374.0899658203125,17.26,0.6139156544533009,0.5811366735384796,9.225258695532885,8.034741304467117
2012-03-02,1369.6300048828125,17.29,-0.32510350278585065,0.598219386187389,9.496438351857234,7.793561648142765
2012-03-05,1364.3299560546875,18.05,-0.3877200502821587,0.5943532901886763,9.43506598051346,8.61493401948654
2012-03-06,1343.3599853515625,20.87,-1.5489506127543962,0.5989064177310099,9.507344639500902,11.3626553604991
2012-03-07,1352.6300048828125,19.07,0.6876921722994034,0.8764181650230181,13.912707054902837,5.157292945097163
2012-03-08,1365.9100341796875,17.95,0.9770049174722573,0.8439483795326849,13.397265189716627,4.552734810283372
2012-03-09,1370.8699951171875,17.11,0.36246730207318834,0.8606519150052774,13.66242559497278,3.44757440502722
2012-03-12,1371.0899658203125,15.64,0.01604477867873655,0.8013918580342758,12.721701354424042,2.918298645575959
2012-03-13,1395.949951171875,14.8,1.7969133090434575,0.7426931728944794,11.789888615425738,3.0101113845742624
2012-03-14,1394.280029296875,15.31,-0.11969780885960901,0.9854263858657971,15.643158914172444,-0.3331589141724436
2012-03-15,1402.5999755859375,15.42,0.5949465701560186,0.9041675479776569,14.353214852903651,1.0667851470963488
2012-03-16,1404.1700439453125,14.47,0.1118772476700336,0.8566998760538257,13.59968892154969,0.8703110784503103
2012-03-19,1409.75,15.04,0.3965971514070965,0.7897057713202986,12.536190478955724,2.503809521044275
2012-03-20,1405.52001953125,15.58,-0.3005028734389903,0.7436838437318174,11.805615027426061,3.774384972573939
2012-03-21,1402.8900146484375,15.13,-0.18729499037748454,0.7102083760268002,11.274208452011763,3.855791547988238
2012-03-22,1392.780029296875,15.57,-0.7232634226897794,0.6736031993324446,10.69311928662671,4.876880713373291
2012-03-23,1397.1099853515625,14.82,0.31040360075564877,0.7134794361967034,11.326134922410318,3.493865077589682
2012-03-26,1416.510009765625,14.26,1.3790299964088426,0.674219443625341,10.70290186150191,3.5570981384980893
2012-03-27,1412.52001953125,15.59,-0.2820749754246066,0.8271727953700166,13.130961046963103,2.459038953036897
2012-03-28,1405.5400390625,15.47,-0.4953758683289067,0.7783490594636661,12.355908267251314,3.114091732748687
2012-03-29,1403.280029296875,15.48,-0.16092239433875832,0.7596493021939822,12.05905882337418,3.4209411766258206
2012-03-30,1408.469970703125,15.5,0.36916136216209594,0.7134300895633751,11.325351568891367,4.174648431108633
2012-04-02,1419.0400390625,15.64,0.7476626120983099,0.6779575517482167,10.762242488303906,4.877757511696094
2012-04-03,1413.3800048828125,15.66,-0.3996611820141993,0.6936063391544348,11.010659287083342,4.649340712916658
2012-04-04,1398.9599609375,16.44,-1.0254926852537594,0.6794486290092356,10.785912606013344,5.654087393986657
2012-04-05,1398.0799560546875,16.7,-0.06292401524214952,0.7818475935119945,12.411445773522328,4.288554226477672
2012-04-09,1382.199951171875,18.81,-1.1423437999542152,0.7278833972513714,11.554790715479784,7.255209284520214
2012-04-10,1358.5899658203125,20.39,-1.722902527718606,0.8428826025128674,13.380346504031719,7.009653495968282
2012-04-11,1368.7099609375,20.02,0.7421289800123354,1.0703442947721051,16.99118892710281,3.028811072897188
2012-04-12,1387.5699462890625,17.2,1.3685315235976603,1.0110931373374787,16.05060596231427,1.149394037685731
2012-04-13,1370.260009765625,19.55,-1.255346712505645,1.0623609945297783,16.86445796460626,2.685542035393741
2012-04-16,1369.5699462890625,19.55,-0.0503727240173113,1.1099726075347733,17.620268889785454,1.9297311102145471
2012-04-17,1390.780029296875,18.46,1.5367979157954181,1.0099976629911622,16.03321584618624,2.4267841538137596
2012-04-18,1385.1400146484375,18.64,-0.4063533761746285,1.097217926138944,17.417794599634096,1.2222054003659046
2012-04-19,1376.9200439453125,18.36,-0.5952075477202001,1.0169861780864011,16.14415508403998,2.2158449159600195
2012-04-20,1378.530029296875,17.44,0.11685826213376771,0.96778036110806,15.363036955345276,2.0769630446547254
2012-04-23,1366.93994140625,18.97,-0.84431131028877,0.8854075645590356,14.055409348551448,4.914590651448551
2012-04-24,1371.969970703125,18.1,0.3673019641628805,0.8971861326817621,14.24238832087045,3.857611679129551
2012-04-25,1390.68994140625,16.82,1.3552342898741188,0.8327492798122538,13.219484993108185,3.600515006891815
2012-04-26,1399.97998046875,16.24,0.6657952133507727,0.9289265884699315,14.746252435962472,1.4937475640375268
2012-04-27,1403.3599853515625,16.32,0.24114139290238867,0.8847845925851515,14.045519975051485,2.274480024948515
2012-04-30,1397.9100341796875,17.15,-0.3891062275370061,0.8164063428268684,12.960048911373809,4.18995108862619
2012-05-01,1405.8199462890625,16.6,0.5642435719684258,0.7788522993682461,12.36389695307525,4.236103046924752
2012-05-02,1402.31005859375,16.88,-0.24998055766589644,0.7496934203671531,11.901014098997356,4.978985901002643
2012-05-03,1391.5699462890625,17.56,-0.7688351103507074,0.7110087844773453,11.286914542256264,6.2730854577437345
2012-05-04,1369.0999755859375,19.16,-1.6278995721589418,0.7500200793515757,11.906199649615198,7.253800350384802
2012-05-07,1369.5799560546875,18.94,0.035051958289678,0.9864817934383462,15.65991298998512,3.2800870100148813
2012-05-08,1363.719970703125,19.05,-0.42878531349686,0.9016218294583213,14.31280282424285,4.737197175757151
2012-05-09,1354.5799560546875,20.08,-0.6724827531781941,0.8537114106511977,13.552248504007245,6.527751495992753
2012-05-10,1357.989990234375,18.83,0.25142474063848397,0.8446465974743442,13.408349055923951,5.421650944076047
2012-05-11,1353.3900146484375,19.89,-0.33930913342814506,0.7824348013243665,12.420767408559032,7.469232591440969
2012-05-14,1338.3499755859375,21.87,-1.1175073102339006,0.7458639175509512,11.840222626417205,10.029777373582796
2012-05-15,1330.6600341796875,21.97,-0.5762408276502207,0.849354094263213,13.483078250729841,8.486921749270158
2012-05-16,1324.800048828125,22.27,-0.4413543928947661,0.827655537799908,13.138624345463853,9.131375654536146
2012-05-17,1304.8599853515625,24.49,-1.5165797405604309,0.7936210291096616,12.5983432695319,11.891656730468098
2012-05-18,1295.219970703125,25.1,-0.7415201826755258,0.9824103437131148,15.59528072929433,9.504719270705671
2012-05-21,1315.989990234375,22.01,1.5908684395839146,0.9583091988459633,15.21268691551179,6.797313084488211
2012-05-22,1316.6300048828125,22.48,0.04862187951424346,1.0724709818624956,17.024949038048558,5.455050961951443
2012-05-23,1318.8599853515625,22.33,0.16922705145487882,0.9760899533663957,15.4949476430167,6.835052356983299
2012-05-24,1320.6800537109375,21.54,0.13790801585873425,0.8932193372444971,14.179417395497238,7.360582604502762
2012-05-25,1317.8199462890625,21.76,-0.21679807027599196,0.8213207311066534,13.038062406779739,8.721937593220263
2012-05-29,1332.4200439453125,21.03,1.101805527882771,0.7688050159870662,12.204401274004884,8.825598725995118
2012-05-30,1313.3199462890625,24.14,-1.443862930479689,0.8275511284821724,13.136966898928135,11.003033101071866
2012-05-31,1310.3299560546875,24.06,-0.22792610600435026,0.985319322957258,15.641459343188641,8.418540656811357
2012-06-01,1278.0400390625,26.66,-2.495129541436114,0.9090982352532048,14.431487086846033,12.228512913153967
2012-06-04,1278.1800537109375,26.12,0.010954819498731894,1.3417414066619242,21.299484514712606,4.820515485287395
2012-06-05,1285.5,24.68,0.5710514594359672,1.2113626479737332,19.229785884307073,5.450214115692926
2012-06-06,1315.1300048828125,22.16,2.278777604804816,1.1152573253701503,17.704161184634785,4.455838815365215
2012-06-07,1314.989990234375,21.72,-0.010647016016740452,1.3538629344439441,21.491907802840917,0.22809219715908213
2012-06-08,1325.6600341796875,21.23,0.8081420799989303,1.222211964046267,19.402013437645437,1.827986562354564
2012-06-11,1308.9300537109375,23.56,-1.2700423815401152,1.1458315867721065,18.189512537769126,5.370487462230873
2012-06-12,1324.1800537109375,22.09,1.1583389901240082,1.1765856367974274,18.67771794681936,3.4122820531806397
2012-06-13,1314.8800048828125,24.27,-0.7048030071103994,1.1540894533907007,18.32060210636558,5.949397893634419
2012-06-14,1329.0999755859375,21.68,1.075659264986939,1.0947964422396284,17.379354734426077,4.300645265573923
2012-06-15,1342.8399658203125,21.11,1.0284745652146654,1.0753715653634923,17.070994373652248,4.039005626347752
2012-06-18,1344.780029296875,18.32,0.14437039589356715,1.0525155177888519,16.70816586663409,1.6118341333659103
2012-06-19,1357.97998046875,18.38,0.976783441761242,0.9590551477883182,15.224528487865127,3.1554715121348718
2012-06-20,1355.68994140625,17.24,-0.16877805127712975,0.951189520102552,15.099665519293355,2.1403344807066436
2012-06-21,1325.510009765625,20.08,-2.251320818337632,0.8767766557392972,13.918397918598437,6.161602081401561
2012-06-22,1335.02001953125,18.11,0.7148989234504022,1.2471745787640056,19.79828266134778,-1.688282661347781
2012-06-25,1313.719970703125,20.38,-1.6083502390602966,1.157782616417143,18.379229251880687,2.0007707481193115
2012-06-26,1319.989990234375,19.72,0.4761368161021018,1.2558762340792908,19.936417157100866,-0.21641715710086729
2012-06-27,1331.8499755859375,19.45,0.894478141961752,1.1474203008776607,18.21473259233519,1.2352674076648107
2012-06-28,1329.0400390625,19.71,-0.21120283457669586,1.093166798287031,17.35348493868116,2.3565150613188415
2012-06-29,1362.1600341796875,17.08,2.461479373492015,1.0010227770353979,15.890743948481528,1.1892560515184698
2012-07-02,1365.510009765625,16.8,0.24562921587065745,1.3346418698971259,21.186782862492105,-4.386782862492105
2012-07-03,1374.02001953125,16.66,0.6212771568424813,1.2067511453958613,19.15658055035878,-2.496580550358779
2012-07-05,1367.5799560546875,17.5,-0.4698041566321365,1.11518609016651,17.703030360834234,-0.20303036083423365
2012-07-06,1354.6800537109375,17.1,-0.9477418655581715,1.0376034106397785,16.471443504391708,0.6285564956082936
2012-07-09,1352.4599609375,17.98,-0.16401761705182594,1.0343892685198155,16.42042058002467,1.5595794199753321
2012-07-10,1341.469970703125,18.72,-0.8159121789590884,0.9481437037015713,15.051314682876415,3.6686853171235843
2012-07-11,1341.449951171875,17.95,-0.001492368899036478,0.941966303668405,14.953251497456092,2.996748502543907
2012-07-12,1334.760009765625,18.33,-0.4999574352459568,0.8635946975257097,13.709140819242451,4.620859180757547
2012-07-13,1356.780029296875,16.74,1.6362759247573244,0.8298337397510359,13.173202229471613,3.5667977705283853
2012-07-16,1353.6400146484375,17.11,-0.2316995891620266,0.9958707572383406,15.808958169685358,1.3010418303146416
2012-07-17,1363.6700439453125,16.48,0.7382355809911978,0.9183557291633851,14.578445246746227,1.901554753253773
2012-07-18,1372.780029296875,16.16,0.6658275330084784,0.8845598298227458,14.041951976811607,2.1180480231883934
2012-07-19,1376.510009765625,15.45,0.27134152485110974,0.8480738690554778,13.462755305598902,1.987244694401097
2012-07-20,1362.6600341796875,16.27,-1.0112620534168393,0.7861319848074042,12.479458376843992,3.790541623156008
2012-07-23,1350.52001953125,18.62,-0.8948979003707613,0.8542344184963694,13.560550996159606,5.059449003840395
2012-07-24,1338.31005859375,20.47,-0.9082050192423807,0.8820691448792449,14.002413579083308,6.467586420916691
2012-07-25,1337.8900146484375,19.34,-0.031391072211839344,0.905874114517602,14.380305756866525,4.959694243133475
2012-07-26,1360.02001953125,17.53,1.6405662864951154,0.8330716563758115,13.224602562402321,4.30539743759768
2012-07-27,1385.969970703125,16.7,1.8900814490450557,0.9991224394691521,15.860577024837369,0.8394229751626305
2012-07-30,1385.300048828125,18.03,-0.048347644461088635,1.1743200639637255,18.641753093048884,-0.6117530930488826
2012-07-31,1379.3199462890625,18.93,-0.4326172766219827,1.06594405005447,16.92133720771868,2.0086627922813207
2012-08-01,1375.3199462890625,18.96,-0.29041929017452617,0.9925360039980619,15.756020603140092,3.203979396859909
2012-08-02,1365.0,17.57,-0.7531963624136218,0.9191204009590875,14.590584035182308,2.979415964817692
2012-08-03,1390.989990234375,15.64,1.8861288185302527,0.9090698544541435,14.431036555628081,1.2089634443719195
2012-08-06,1394.22998046875,15.95,0.23265607240574582,1.1138976189022172,17.6825765136136,-1.7325765136136013
2012-08-07,1401.3499755859375,15.99,0.50937627425931,1.0139850550225125,16.096513732354282,-0.10651373235428174
2012-08-08,1402.219970703125,15.32,0.06206338074532525,0.941807670428672,14.950733272844081,0.36926672715591913
2012-08-09,1402.800048828125,15.28,0.04135999951726532,0.8628633675449063,13.697531315709263,1.5824686842907365
2012-08-10,1405.8699951171875,14.74,0.21860506671051994,0.7950257037381302,12.620641787971241,2.119358212028759
2012-08-13,1404.1099853515625,13.7,-0.12526850781942045,0.7390265552682647,11.731682865075356,1.9683171349246429
2012-08-14,1403.9300537109375,14.85,-0.012815461202020373,0.6941960820930028,11.020021166000786,3.8299788339992134
2012-08-15,1405.530029296875,14.63,0.113899162944886,0.6523532736572235,10.35578717433526,4.2742128256647405
2012-08-16,1415.510009765625,14.29,0.7075420387505638,0.616296571175814,9.783404767158132,4.5065952328418675
2012-08-17,1418.1600341796875,13.45,0.18703837394768996,0.6397750675106255,10.156114341916046,3.293885658083953
2012-08-20,1418.1300048828125,14.02,-0.002117505365362149,0.6072212906452286,9.639339154985677,4.380660845014322
2012-08-21,1413.1700439453125,15.02,-0.35036668144439176,0.5794433203633161,9.19837754723318,5.821622452766819
2012-08-22,1413.489990234375,15.11,0.022637762345656398,0.5824749466199821,9.246503122092571,5.863496877907428
2012-08-23,1402.0799560546875,15.96,-0.8104999597722262,0.5584891212397667,8.865739948412543,7.094260051587458
2012-08-24,1411.1300048828125,15.18,0.643398834326181,0.6492165850680227,10.305993786651586,4.874006213348414
2012-08-27,1410.43994140625,16.35,-0.04891344205226744,0.655363715621159,10.403576458973058,5.9464235410269435
2012-08-28,1409.300048828125,16.49,-0.08085090427956132,0.6208412141967203,9.855548738543431,6.634451261456567
2012-08-29,1410.489990234375,17.06,0.08439929642989341,0.5934092249191617,9.420079408966169,7.63992059103383
2012-08-30,1399.47998046875,17.83,-0.7836429729673355,0.5670604800010944,9.00180605049487,8.828193949505128
2012-08-31,1406.5799560546875,17.47,0.5060469767645515,0.6490558737713267,10.303442573907967,7.166557426092032
2012-09-04,1404.93994140625,17.98,-0.11666393226885674,0.6376826437789931,10.122898144928431,7.857101855071569
2012-09-05,1403.43994140625,17.74,-0.10682316532886205,0.6091078483365668,9.669287329897221,8.070712670102777
2012-09-06,1432.1199951171875,15.6,2.022953661200688,0.5849928840922167,9.286474140302632,6.313525859697368
2012-09-07,1437.9200439453125,14.38,0.40417949889430815,0.9712970034416917,15.418861921733784,-1.0388619217337833
2012-09-10,1429.0799560546875,16.28,-0.6166805654652663,0.8981867085894304,14.25827197098765,2.021728029012351
2012-09-11,1433.56005859375,16.41,0.3130052101452563,0.8726911375660231,13.853542328218529,2.5564576717814713
2012-09-12,1436.56005859375,15.8,0.2090505602597048,0.8089881496399589,12.842288745273832,2.957711254726169
2012-09-13,1459.989990234375,14.05,1.6178172153844095,0.7506259773593174,11.915817982305322,2.1341820176946786
2012-09-14,1465.77001953125,14.51,0.3951135292808772,0.9398134016362774,14.919075237211521,-0.40907523721152117
2012-09-17,1461.18994140625,14.59,-0.3129582860266211,0.8707427965064893,13.822613372742554,0.7673866272574461
2012-09-18,1459.3199462890625,14.18,-0.12805951321173126,0.8174323500140627,12.976336270537894,1.2036637294621055
2012-09-19,1461.050048828125,13.88,0.11848517443748818,0.7606550083478687,12.075023913625325,1.8049760863746762
2012-09-20,1460.260009765625,14.07,-0.054087999282170784,0.7077321407954316,11.234899436352375,2.835100563647625
2012-09-21,1460.1500244140625,13.98,-0.007532185571701433,0.6649158372608264,10.555211689082649,3.424788310917352
2012-09-24,1456.8900146484375,14.15,-0.22351500693797988,0.627647296277847,9.963591942079555,4.1864080579204455
2012-09-25,1441.5899658203125,15.43,-1.0557389418567986,0.6081371150699413,9.65387741702001,5.7761225829799905
2012-09-26,1433.3199462890625,16.81,-0.5753253211740805,0.7415941041202786,11.772441439523986,5.037558560476013
2012-09-27,1447.1500244140625,14.84,0.9602727708234227,0.7411148094139602,11.764832871938218,3.075167128061782
2012-09-28,1440.6700439453125,15.73,-0.4487808236766533,0.7790210562358292,12.366575885297204,3.363424114702797
2012-10-01,1444.489990234375,16.32,0.264799766799495,0.7545482516683057,11.978082156677488,4.341917843322513
2012-10-02,1445.75,15.71,0.0871906727265781,0.7064500003664738,11.21454608802707,4.49545391197293
2012-10-03,1450.989990234375,15.43,0.3617857293033211,0.6616278644262726,10.503016738456056,4.926983261543944
2012-10-04,1461.4000244140625,14.55,0.714882173169773,0.6345056600614036,10.072465091912173,4.4775349080878275
2012-10-05,1460.9300537109375,14.33,-0.03216410840751749,0.6548805225882499,10.39590600737116,3.9340939926288403
2012-10-08,1455.8800048828125,15.11,-0.3462723847428961,0.6199011891700199,9.840626303862475,5.269373696137524
2012-10-09,1441.47998046875,16.37,-0.9940182135141917,0.6140544833764341,9.747812726749743,6.622187273250258
2012-10-10,1432.56005859375,16.29,-0.6207255566481606,0.7300581556847178,11.589313935337435,4.700686064662564
2012-10-11,1432.8399658203125,15.59,0.01953704369848097,0.7389617456140029,11.73065404370896,3.8593459562910404
2012-10-12,1428.5899658203125,16.14,-0.2970544956016674,0.6895522336375683,10.946302357164681,5.193697642835319
2012-10-15,1440.1300048828125,15.27,0.804547075266715,0.6652930302199518,10.561199441679431,4.7088005583205685
2012-10-16,1454.9200439453125,15.22,1.0217555817170876,0.6934372209671746,11.007974619089332,4.212025380910669
2012-10-17,1460.9100341796875,15.07,0.4108606125954317,0.7559623369108596,12.00053006398415,3.0694699360158495
2012-10-18,1457.3399658203125,15.03,-0.24467198768949316,0.7164975503847106,11.374045999829494,3.655954000170505
2012-10-19,1433.18994140625,17.06,-1.6710144600035726,0.6829867000441041,10.8420777424882,6.217922257511798
2012-10-22,1433.8199462890625,16.62,0.043948567855078835,0.9602165034072035,15.242964436772795,1.3770355632272064
2012-10-23,1413.1099853515625,18.83,-1.454923497073768,0.8788487772359299,13.951291827596844,4.8787081724031545
2012-10-24,1408.75,18.33,-0.30901524835877936,1.0225955013429415,16.23320033020104,2.0967996697989584
2012-10-25,1412.969970703125,18.12,0.29910649483948504,0.9460574562841879,15.018196531837932,3.1018034681620694
2012-10-26,1411.93994140625,17.81,-0.07292475686444533,0.871160107837499,13.8292379847494,3.9807620152505994
2012-10-31,1412.1600341796875,18.6,0.015586755128005336,0.8043889311371966,12.769278414972495,5.830721585027506
2012-11-01,1427.5899658203125,16.69,1.0867212600985887,0.7452571671814671,11.830590762903896,4.859409237096106
2012-11-02,1414.199951171875,17.59,-0.9423718242891788,0.8071835550099291,12.813641693623783,4.776358306376217
2012-11-05,1417.260009765625,18.42,0.21614713450572864,0.8555759177901853,13.581846637252038,4.838153362747963
2012-11-06,1428.3900146484375,17.58,0.7822509122727084,0.7906171494986179,12.550658159016708,5.029341840983291
2012-11-07,1394.530029296875,19.08,-2.3990484179204685,0.7872883903286949,12.497815745388454,6.582184254611544
2012-11-08,1377.510009765625,18.49,-1.2279933313509517,1.2474041991817,19.801927772474752,-1.3119277724747533
2012-11-09,1379.8499755859375,18.61,0.16972512798218986,1.2481856455765015,19.81433284941619,-1.2043328494161898
2012-11-12,1380.030029296875,16.68,0.013047937654864228,1.129786262263504,17.934800907638575,-1.2548009076385753
2012-11-13,1374.530029296875,16.65,-0.39933834747456487,1.0262200606058407,16.29073842473212,0.3592615752678796
2012-11-14,1355.489990234375,17.92,-1.3948870444327355,0.9559944650548136,15.17594165573559,2.7440583442644115
2012-11-15,1353.3299560546875,17.99,-0.15948159570164933,1.0618621487899922,16.85653903398591,1.1334609660140877
2012-11-16,1359.8800048828125,16.41,0.4828274735175775,0.9716743729275079,15.424852476604908,0.9851475233950922
2012-11-19,1386.8900146484375,15.24,1.9667376739547215,0.9038126088449406,14.34758036884926,0.8924196311507409
2012-11-20,1387.81005859375,15.08,0.06631664358280887,1.1326324103226455,17.97998210739232,-2.8999821073923204
2012-11-21,1391.030029296875,15.31,0.2317493660971337,1.0283607491633693,16.324720802078094,-1.0147208020780933
2012-11-23,1409.1500244140625,15.14,1.2942202068968456,0.9398003366532485,14.918867837035656,0.221132162964345
2012-11-26,1406.2900390625,15.5,-0.20316442693264491,0.9937899273522539,15.775926019290061,-0.2759260192900612
2012-11-27,1398.93994140625,15.92,-0.5240293685227826,0.9150341766183216,14.525717234740997,1.3942827652590033
2012-11-28,1409.9300537109375,15.51,0.7825330760125482,0.8750469463089953,13.890939632640544,1.619060367359456
2012-11-29,1415.949951171875,15.06,0.42605535668815975,0.8550383532677107,13.573313065011325,1.4866869349886755
2012-11-30,1416.1800537109375,15.87,0.016249433406834157,0.8008107679152662,12.712476834758743,3.1575231652412565
2012-12-03,1409.4599609375,16.64,-0.4756519166260631,0.7421945117146418,11.781972614603744,4.858027385396257
2012-12-04,1407.050048828125,17.12,-0.17112757910542342,0.7279346945945083,11.555605035556937,5.564394964443064
2012-12-05,1409.280029296875,16.46,0.15836076545872046,0.6873934131750419,10.912032144750185,5.547967855249816
2012-12-06,1413.93994140625,16.58,0.3301135858709614,0.6463684104506446,10.260780416283172,6.319219583716826
2012-12-07,1418.0699462890625,15.9,0.29166619993503673,0.6196736122683428,9.837013632546594,6.062986367453407
2012-12-10,1418.550048828125,16.05,0.03385032499760854,0.5952290649034147,9.448968473111758,6.601031526888242
2012-12-11,1427.8399658203125,15.57,0.6527531315292379,0.5688572755962489,9.03032929630444,6.53967070369556
2012-12-12,1428.47998046875,15.95,0.04481393339572648,0.5948753888855901,9.44335404038465,6.50664595961535
2012-12-13,1419.449951171875,16.56,-0.634148997700823,0.5684380145202839,9.023673733055963,7.536326266944036
2012-12-14,1413.5799560546875,17.0,-0.41439756794918736,0.61909467038917,9.827823215131483,7.172176784868517
2012-12-17,1430.3599853515625,16.34,1.1800688037810758,0.6218466579685007,9.87150966360777,6.468490336392231
2012-12-18,1446.7900390625,15.57,1.1421185666775635,0.7422527895017748,11.782897745794022,3.787102254205978
2012-12-19,1435.81005859375,17.36,-0.7618145562821255,0.8167786945356711,12.96595981150426,4.39404018849574
2012-12-20,1443.68994140625,17.67,0.5473104693568764,0.8296581066495853,13.170414140421038,4.499585859578964
2012-12-21,1430.1500244140625,17.84,-0.9422944450144577,0.7899167888596582,12.539540278544234,5.300459721455766
2012-12-24,1426.6600341796875,17.84,-0.24432789712660608,0.8427206581739378,13.377775717349465,4.462224282650535
2012-12-26,1419.8299560546875,19.48,-0.479895678992559,0.7887055688046446,12.520312756252993,6.959687243747007
2012-12-27,1418.0999755859375,19.47,-0.12191849162670465,0.7661453238392951,12.162179970082923,7.307820029917076
2012-12-28,1402.4300537109375,22.72,-1.1111445674961473,0.7169090666391679,11.380578617848023,11.339421382151976
2012-12-31,1426.18994140625,18.02,1.680002726988583,0.827878183970759,13.142158743854448,4.877841256145551
2013-01-02,1462.4200439453125,14.68,2.5086115958697697,1.006084268254301,15.971092630651658,-1.291092630651658
2013-01-03,1459.3699951171875,14.56,-0.20877954235247742,1.3516988619701829,21.45755421733276,-6.897554217332759
2013-01-04,1466.469970703125,13.83,0.4853299978980985,1.2254035514213713,19.452678316537792,-5.622678316537792
2013-01-07,1461.8900146484375,13.79,-0.3128003259122103,1.1216134310344161,17.805061234001762,-4.015061234001763
2013-01-08,1457.1500244140625,13.62,-0.32476391807332305,1.0312127164313372,16.369994378908128,-2.749994378908129
2013-01-09,1461.02001953125,13.81,0.26523453586815293,0.954513030052489,15.152424604137646,-1.342424604137646
2013-01-10,1472.1199951171875,13.49,0.7568700109210624,0.8771154708167459,13.923776441210647,-0.4337764412106466
2013-01-11,1472.050048828125,13.36,-0.004751511497769201,0.8532575700945407,13.545044008520508,-0.18504400852050829
2013-01-14,1470.6800537109375,13.52,-0.0931104904918989,0.7873751616860146,12.499193197982803,1.020806802017196
2013-01-15,1472.3399658203125,13.55,0.11280332953038652,0.7336550566433917,11.64641296790052,1.9035870320994803
2013-01-16,1472.6300048828125,13.42,0.01969725099559838,0.6847714861373424,10.870410343365132,2.5495896566348684
2013-01-17,1480.93994140625,13.57,0.5627060541354645,0.643795383886611,10.219934885851995,3.3500651141480056
2013-01-18,1485.97998046875,12.46,0.33974923781512345,0.6402051774413727,10.162942125395105,2.2970578746048957
2013-01-22,1492.56005859375,12.43,0.4418331627712213,0.615262382357928,9.766987528633269,2.6630124713667307
2013-01-23,1494.81005859375,12.46,0.15063419242924425,0.6036552135727331,9.582729436446204,2.8772705635537967
2013-01-24,1494.8199462890625,12.69,0.0006614661544723788,0.57629110485807,9.148337677398601,3.5416623226013986
2013-01-25,1502.9599609375,12.89,0.5430708661868344,0.5538369545427585,8.79188909158514,4.09811090841486
2013-01-28,1500.1800537109375,13.57,-0.18513342747921158,0.5670714379633351,9.00198000275266,4.56801999724734
2013-01-29,1507.8399658203125,13.31,0.5093003781205141,0.55586405163467,8.82406826031662,4.48593173968338
2013-01-30,1501.9599609375,14.32,-0.3907244671752075,0.5641934778615563,8.956293802477822,5.363706197522179
2013-01-31,1498.1099853515625,14.28,-0.25665919583923724,0.5757847552159956,9.14029962602235,5.13970037397765
2013-02-01,1513.1700439453125,12.9,1.0002513224010023,0.5692099750694957,9.035928226866966,3.864071773133034
2013-02-04,1495.7099609375,14.67,-1.1605832709651764,0.6639049243055217,10.539163943421432,4.130836056578568
2013-02-05,1511.2900390625,13.72,1.0362632222059354,0.8046845845068801,12.77397176671526,0.946028233284741
2013-02-06,1512.1199951171875,13.41,0.05490198591342477,0.8413422383288803,13.355893980675916,0.05410601932408454
2013-02-07,1509.3900146484375,13.5,-0.18070310558568892,0.7764834991456132,12.326293415307163,1.1737065846928374
2013-02-08,1517.9300537109375,13.02,0.5641994585043442,0.728749044088472,11.568532433004851,1.4514675669951487
2013-02-11,1517.010009765625,12.94,-0.06063012476387186,0.7087346890628098,11.250814396709304,1.6891856032906958
2013-02-12,1519.4300537109375,12.64,0.15940011376045504,0.6659824711478343,10.57214397711251,2.06785602288749
2013-02-13,1520.3299560546875,12.98,0.059208777479113905,0.6284161836975001,9.975797651471206,3.0042023485287945
2013-02-14,1521.3800048828125,12.66,0.06904332650528033,0.5961855709339295,9.464152535617414,3.1958474643825863
2013-02-15,1519.7900390625,12.46,-0.10456277960129157,0.5693676634003039,9.03843145151482,3.4215685484851814
2013-02-19,1530.93994140625,12.31,0.7309694441360648,0.5523094462518473,8.767640649205099,3.542359350794902
2013-02-20,1511.949951171875,14.68,-1.248171143000576,0.5959735099634825,9.460786172073899,5.219213827926101
2013-02-21,1502.4200439453125,15.22,-0.6323005465665332,0.7856768793050674,12.472233800967109,2.747766199032892
2013-02-22,1515.5999755859375,14.17,0.8734213386774492,0.7845032508453779,12.453603026751551,1.7163969732484485
2013-02-25,1487.8499755859375,18.99,-1.847927558477469,0.7968455921909584,12.64953162153161,6.340468378468389
2013-02-26,1496.93994140625,16.87,0.6090876862567818,1.078703419842692,17.12388592379196,-0.25388592379195885
2013-02-27,1515.989990234375,14.73,1.2645699119019582,1.0050159015858933,15.954132835569833,-1.2241328355698329
2013-02-28,1514.6800537109375,15.51,-0.08644534614576926,1.037326879671159,16.46705371135506,-0.9570537113550603
2013-03-01,1518.199951171875,15.36,0.23211594495267107,0.9479011671057949,15.047464533778875,0.3125354662211244
2013-03-04,1525.199951171875,14.01,0.4600126548350403,0.87035069384771,13.81638893600133,0.19361106399867012
2013-03-05,1539.7900390625,13.48,0.9520551872499894,0.8162782867620679,12.958016084365795,0.5219839156342054
2013-03-06,1541.4599609375,13.53,0.10839250554139923,0.83488524612276,13.253392407106656,0.2766075928933436
2013-03-07,1544.260009765625,13.06,0.18148436172067406,0.7709862964140124,12.239028027301238,0.8209719726987625
2013-03-08,1551.1800537109375,12.59,0.44711287129546307,0.7175599888351596,11.3909116873687,1.1990883126313001
2013-03-11,1556.219970703125,11.56,0.3243818865874104,0.6876441129390017,10.916011880125268,0.6439881198747326
2013-03-12,1552.47998046875,12.27,-0.24061453968018398,0.6534983857379156,10.373965265068103,1.896034734931897
2013-03-13,1554.52001953125,11.83,0.13131891571704912,0.6307057213067628,10.012142934259836,1.8178570657401636
2013-03-14,1563.22998046875,11.3,0.5587352158972436,0.5984258258614906,9.499715480087696,1.8002845199123048
2013-03-15,1560.699951171875,11.3,-0.16197737499892284,0.6038711319492118,9.586157034412114,1.7138429655878866
2013-03-18,1552.0999755859375,13.36,-0.5525570335024099,0.5840470527720357,9.271459533570143,4.088540466429857
2013-03-19,1548.3399658203125,14.39,-0.24254697268757397,0.6158176695634976,9.775802439746188,4.614197560253812
2013-03-20,1558.7099609375,12.67,0.6675163815817342,0.6001470052949459,9.527038356543546,3.142961643456454
2013-03-21,1545.800048828125,13.99,-0.831692375600479,0.6210149857965479,9.858307277171848,4.131692722828152
2013-03-22,1556.8900146484375,13.57,0.7148643803299493,0.6972458867434107,11.068435313914632,2.501564686085368
2013-03-25,1551.68994140625,13.74,-0.33456293009468396,0.7035151288268409,11.167956446684332,2.572043553315668
2013-03-26,1563.77001953125,12.77,0.7754963194635422,0.6803869505398348,10.80080799853204,1.9691920014679596
2013-03-27,1562.8499755859375,13.15,-0.05885230525652929,0.70002252018885,11.112513003386333,2.0374869966136675
2013-03-28,1569.18994140625,12.7,0.40484633961916927,0.6585937659771729,10.454851918758429,2.2451480812415703
2013-04-01,1562.1700439453125,13.58,-0.4483616865356588,0.6354523307286788,10.087493022866711,3.4925069771332886
2013-04-02,1570.25,12.78,0.5158933898854023,0.6392910051336084,10.148430089904267,2.631569910095733
2013-04-03,1553.68994140625,14.21,-1.0602133218841736,0.6309590644813927,10.016164632478395,4.193835367521606
2013-04-04,1559.97998046875,13.89,0.404027901273718,0.7576391791318494,12.027149109011946,1.8628508909880548
2013-04-05,1553.280029296875,13.92,-0.4304145168907425,0.717375337669188,11.387980440981947,2.532019559018053
2013-04-08,1563.0699462890625,13.19,0.6282958765271296,0.7023028071219786,11.148711436243904,2.041288563756096
2013-04-09,1568.6099853515625,12.84,0.35380658065768955,0.6952917814676783,11.03741485434327,1.80258514565673
2013-04-10,1587.72998046875,12.36,1.2115443329548725,0.6617971249008668,10.50570366519147,1.854296334808529
2013-04-11,1593.3699951171875,12.24,0.3545956179577203,0.776662237358246,12.329130796469627,-0.08913079646962707
2013-04-12,1588.8499755859375,12.06,-0.2840798318548998,0.7299014854103398,11.586826871834393,0.4731731281656071
2013-04-15,1552.3599853515625,17.27,-2.323412455036511,0.6973566800511329,11.070194103149612,6.199805896850387
2013-04-16,1574.5699462890625,13.96,1.420584082806453,1.1785381944035644,18.708713837897555,-4.748713837897554
2013-04-17,1552.010009765625,16.51,-1.4431313685983937,1.200560709546172,19.058310427766518,-2.5483104277665163
2013-04-18,1541.6099853515625,17.56,-0.6723555969544215,1.252466773235604,19.88229364411762,-2.3222936441176216
2013-04-19,1555.25,14.97,0.8808989051054539,1.1736647471007777,18.631350260353045,-3.6613502603530446
2013-04-22,1562.5,14.39,0.465079821542691,1.1133379361835651,17.673691825893677,-3.2836918258936763
2013-04-23,1578.780029296875,13.48,1.0365312805553195,1.0237665161140133,16.251789613396074,-2.7717896133960735
2013-04-24,1578.7900390625,13.61,0.0006340170072505202,1.0122710289103383,16.06930441135338,-2.4593044113533793
2013-04-25,1585.1600341796875,13.62,0.40266145649914264,0.9243265196282939,14.673228606949973,-1.0532286069499737
2013-04-26,1582.239990234375,13.61,-0.1843811801517603,0.8580035076382339,13.620383431391248,-0.010383431391248976
2013-04-29,1593.6099853515625,13.71,0.7160315369406867,0.7979690967006804,12.667366702709113,1.0426332972908874
2013-04-30,1597.5699462890625,13.52,0.24818174185821107,0.7837519029048252,12.441675747958854,1.0783242520411456
2013-05-01,1582.699951171875,14.49,-0.9351472649563597,0.7304862337309158,11.596109463649233,2.893890536350767
2013-05-02,1597.5899658203125,13.59,0.9364003810320654,0.7976880569029404,12.662905334229123,0.927094665770877
2013-05-03,1614.4200439453125,12.85,1.0479563948170068,0.8177983105514153,12.982145713966885,-0.13214571396688513
2013-05-06,1617.5,12.66,0.19059611284841793,0.853483546696112,13.548631275859771,-0.8886312758597708
2013-05-07,1625.9599609375,12.83,0.5216639159836944,0.7881541261169062,12.511558874968628,0.3184411250313719
2013-05-08,1632.68994140625,12.66,0.4130538866697009,0.7529809380444032,11.95320182422575,0.7067981757742494
2013-05-09,1626.6700439453125,13.13,-0.3693918028773169,0.714181306118602,11.337276762006677,1.7927232379933233
2013-05-10,1633.699951171875,12.59,0.431234377158507,0.6927349501903776,10.996826416118733,1.593173583881267
2013-05-13,1633.77001953125,12.55,0.004288844886968235,0.6657805435999821,10.568938476665691,1.9810615233343096
2013-05-14,1650.3399658203125,12.77,1.0091066969150297,0.6281197574997198,9.971092031462739,2.798907968537261
2013-05-15,1658.780029296875,12.81,0.5101103490210868,0.7065941146915987,11.216833832014926,1.5931661679850748
2013-05-16,1650.469970703125,13.07,-0.5022331985411022,0.6847616749751309,10.870254595993426,2.199745404006574
2013-05-17,1667.469970703125,12.45,1.024741198656276,0.6856480614628374,10.884325545265183,1.5656744547348165
2013-05-20,1666.2900390625,13.02,-0.07078684047074901,0.7509491810977991,11.920948682594297,1.0990513174057028
2013-05-21,1669.1600341796875,13.37,0.17209046830028996,0.7019587133745324,11.143249117343295,2.226750882656704
2013-05-22,1655.3499755859375,13.82,-0.8308074265778842,0.6589302964060287,10.460194173698579,3.3598058263014217
2013-05-23,1650.510009765625,14.07,-0.29281151046065546,0.7240560535809939,11.494033518277009,2.5759664817229915
2013-05-24,1649.5999755859375,13.99,-0.05515174989882965,0.6932922980735017,11.0056740394737,2.9843259605263004
2013-05-28,1660.06005859375,14.48,0.632096210916,0.6528119626360374,10.363068636137667,4.116931363862333
2013-05-29,1648.3599853515625,14.83,-0.7072936243165628,0.6565806241261071,10.42289428260753,4.40710571739247
2013-05-30,1654.4100341796875,14.53,0.36636251143127296,0.6977989416086205,11.07721478772295,3.4527852122770497
2013-05-31,1630.739990234375,16.3,-1.4410576921856766,0.6647662409605438,10.55283692143703,5.74716307856297
2013-06-03,1640.4200439453125,16.28,0.5918439859741831,0.8816707770167455,13.996089685316344,2.2839103146836575
2013-06-04,1631.3800048828125,16.27,-0.5526048005605411,0.8376363760363089,13.297065240560741,2.9729347594392586
2013-06-05,1608.9000244140625,17.5,-1.387555454392242,0.8150568739165521,12.938626756541547,4.561373243458453
2013-06-06,1622.56005859375,16.63,0.8454454144231072,0.96259470445141,15.280717207956902,1.3492827920430965
2013-06-07,1643.3800048828125,15.14,1.2749914526945183,0.934727614614831,14.8383408711328,0.30165912886720037
2013-06-10,1642.81005859375,15.44,-0.03468736036369435,0.9860901664320116,15.653696103992372,-0.2136961039923726
2013-06-11,1626.1300048828125,17.07,-1.0205264184820706,0.9022952569820242,14.323493154765314,2.746506845234686
2013-06-12,1612.52001953125,18.59,-0.8404776908051304,0.9424348298493582,14.960689120001245,3.629310879998755
2013-06-13,1636.3599853515625,16.41,1.4676069097359523,0.94137632234671,14.943885834323824,1.466114165676176
2013-06-14,1626.72998046875,17.15,-0.5902401062458651,1.0320797246799642,16.38375770817118,0.7662422918288172
2013-06-17,1639.0400390625,16.8,0.7538875562715042,0.9797667377308888,15.553314785333857,1.2466852146661438
2013-06-18,1651.81005859375,16.61,0.7760963428783185,0.9370687448571703,14.875505161581053,1.7344948384189465
2013-06-19,1628.9300537109375,16.64,-1.394830132848135,0.9046870207063177,14.36146122682115,2.27853877317885
2013-06-20,1588.18994140625,20.49,-2.53284243922991,1.0256875682790494,16.282285371101683,4.207714628898316
2013-06-21,1592.4300537109375,18.9,0.2666219053526042,1.4181740358898889,22.512814888640612,-3.6128148886406137
2013-06-24,1573.0899658203125,20.11,-1.2219368959627275,1.2803577017498913,20.325048408218528,-0.21504840821852866
2013-06-25,1588.030029296875,18.47,0.9452456559302824,1.2732647656365028,20.212451538090757,-1.7424515380907586
2013-06-26,1603.260009765625,17.21,0.9544789666189324,1.2042094496143811,19.11623238068171,-1.9062323806817076
2013-06-27,1613.199951171875,16.86,0.6180691300296637,1.147832887080868,18.221282195263566,-1.3612821952635663
2013-06-28,1606.280029296875,16.86,-0.42987889804679824,1.064596505241269,16.899945596981212,-0.03994559698121236
2013-07-01,1614.9599609375,16.37,0.5389199609390438,0.9911570114838897,15.734129775626176,0.635870224373825
2013-07-02,1614.0799560546875,16.44,-0.05450566900506715,0.9247656957354351,14.680200311517515,1.7597996884824862
2013-07-03,1615.4100341796875,16.2,0.08237078945754206,0.849877604419879,13.491388716829972,2.7086112831700273
2013-07-05,1631.8900146484375,14.89,1.015004570322553,0.7837399749551694,12.441486397628214,2.4485136023717864
2013-07-08,1640.4599609375,14.78,0.5237805213836211,0.8214884296939213,13.040724539322506,1.7392754606774936
2013-07-09,1652.3199462890625,14.35,0.7203661934862993,0.7808463017853112,12.395550760130545,1.9544492398694544
2013-07-10,1652.6199951171875,14.21,0.018157596462842207,0.770593428305425,12.232791439421016,1.977208560578985
2013-07-11,1675.02001953125,14.01,1.346321276535356,0.7164264803980436,11.372917798767084,2.637082201232916
2013-07-12,1680.18994140625,13.84,0.3081730220628742,0.846542586228589,13.438446944317793,0.4015530556822071
2013-07-15,1682.5,13.79,0.13739351515562603,0.7864737816754082,12.484884233913826,1.305115766086173
2013-07-16,1676.260009765625,14.42,-0.3715655417707353,0.7299179903765165,11.5870888800498,2.8329111199502
2013-07-17,1680.9100341796875,13.78,0.27702066483987764,0.705816287419439,11.204486206864336,2.575513793135663
2013-07-18,1689.3699951171875,13.77,0.5020341712006271,0.6660185730592132,10.572717077188686,3.197282922811313
2013-07-19,1692.0899658203125,12.54,0.1608755579646015,0.6509297036770383,10.333188701486458,2.206811298513541
2013-07-22,1695.530029296875,12.29,0.20309625424266287,0.6158507683877055,9.776327867291444,2.513672132708555
2013-07-23,1692.3900146484375,12.66,-0.1853653868336913,0.5878661121711068,9.332085222042899,3.3279147779571012
2013-07-24,1685.93994140625,13.18,-0.3818502729718176,0.5727091834988226,9.091476438604447,4.088523561395553
2013-07-25,1690.25,12.97,0.2553209985189042,0.5812129848402368,9.226470099892923,3.7435299001070774
2013-07-26,1691.6500244140625,12.72,0.08279514379090358,0.561620986512167,8.915456768315728,3.8045432316842724
2013-07-29,1685.3299560546875,13.39,-0.3743034175367477,0.5408533327269297,8.585780484935565,4.804219515064435
2013-07-30,1685.9599609375,13.39,0.03737470853337754,0.5555267378282169,8.818713569642641,4.571286430357359
2013-07-31,1685.72998046875,13.45,-0.013641851599821564,0.5361169710825461,8.510593074753741,4.939406925246258
2013-08-01,1706.8699951171875,12.94,1.2462588230416571,0.5213481975956119,8.276146063858508,4.663853936141491
2013-08-02,1709.6700439453125,11.98,0.16391140879470356,0.6964989752211656,11.056578461079257,0.9234215389207439
2013-08-05,1707.1400146484375,11.84,-0.14809308775634022,0.6541471862938828,10.384264654597521,1.4557353454024788
2013-08-06,1697.3699951171875,12.72,-0.5739472830554426,0.6245330877698676,9.914155414622066,2.805844585377935
2013-08-07,1690.9100341796875,12.98,-0.38131256619413634,0.6499982566614823,10.31840243851089,2.66159756148911
2013-08-08,1697.47998046875,12.73,0.38779210740464976,0.6422237860759461,10.194986544043799,2.535013455956202
2013-08-09,1691.4200439453125,13.41,-0.35763480414265914,0.6206102864702118,9.851882874532404,3.5581171254675965
2013-08-12,1689.469970703125,12.81,-0.11535858605249416,0.6159456393696923,9.777833897441285,3.0321661025587154
2013-08-13,1694.1600341796875,12.31,0.27722100072677947,0.591083940786382,9.383166667708771,2.9268333322912294
2013-08-14,1685.3900146484375,13.04,-0.5190063227857422,0.5709084672155219,9.062890953800059,3.9771090461999403
2013-08-15,1661.3199462890625,14.73,-1.438456494796192,0.600302319984214,9.529503900800098,5.200496099199903
2013-08-16,1655.8299560546875,14.37,-0.33100676234782966,0.8435297295270064,13.39061932690822,0.9793806730917787
2013-08-19,1646.06005859375,15.1,-0.591777795715398,0.7960637600298934,12.63712042074059,2.4628795792594094
2013-08-20,1652.3499755859375,14.91,0.3813913098371202,0.7868352514103635,12.490622388064835,2.4193776119351647
2013-08-21,1642.800048828125,15.94,-0.5796369467346629,0.7402130927887791,11.750518564278527,4.189481435721472
2013-08-22,1656.9599609375,14.76,0.8582441743413938,0.7406589949770763,11.757597042074291,3.0024029579257085
2013-08-23,1663.5,13.98,0.3939241910212665,0.7603335446205131,12.06992083515666,1.9100791648433404
2013-08-26,1656.780029296875,14.99,-0.40478392300578037,0.7188765021464695,11.411810688285293,3.5781893117147074
2013-08-27,1630.47998046875,16.77,-1.6001539229184125,0.7004965155137478,11.120037445900055,5.649962554099945
2013-08-28,1634.9599609375,16.49,0.2743877308969189,0.9490499214546759,15.065700443726733,1.4242995562732652
2013-08-29,1638.1700439453125,16.81,0.19614766490958502,0.8727491908507349,13.854463895543356,2.955536104456643
2013-08-30,1632.969970703125,17.01,-0.31793671926347855,0.8047957334887408,12.775736202102149,4.234263797897853
2013-09-03,1639.77001953125,16.61,0.4155575226959307,0.7625461035089555,12.105044118636084,4.504955881363916
2013-09-04,1653.0799560546875,15.88,0.8084187928560027,0.722355490604599,11.467037917930941,4.412962082069059
2013-09-05,1655.0799560546875,15.77,0.12091315394675561,0.7378386628573712,11.712825657654207,4.057174342345792
2013-09-06,1655.1700439453125,15.85,0.005442965978197378,0.6883914552790752,10.927875571981648,4.922124428018352
2013-09-09,1671.7099609375,15.63,0.9943282138970666,0.6470837444631745,10.27213599169217,5.35786400830783
2013-09-10,1683.989990234375,14.53,0.731894048480175,0.7168352050051192,11.379406100757294,3.150593899242706
2013-09-11,1689.1300048828125,13.82,0.30476346138188504,0.7214534276561712,11.452718112560147,2.3672818874398533
2013-09-12,1683.4200439453125,14.29,-0.3386141827801836,0.6805802364209917,10.803876316772929,3.4861236832270706
2013-09-13,1687.989990234375,14.16,0.2711001653103118,0.6621073190335033,10.510627844390115,3.6493721556098855
2013-09-16,1697.5999755859375,14.38,0.5677008295821295,0.6292196880698526,9.988552887950792,4.3914471120492085
2013-09-17,1704.760009765625,14.53,0.42088695965523115,0.6292854616856116,9.98959701173156,4.54040298826844
2013-09-18,1725.52001953125,13.59,1.210412155841567,0.6129754240296357,9.730683190660692,3.859316809339308
2013-09-19,1722.3399658203125,13.16,-0.18446541484813395,0.7440194387529666,11.810942433229215,1.3490575667707851
2013-09-20,1709.9100341796875,13.12,-0.7243053962847412,0.7016915868769333,11.139008615655838,1.9809913843441613
2013-09-23,1701.8399658203125,14.31,-0.47307589419514073,0.7347633648793961,11.664006815711355,2.6459931842886455
2013-09-24,1697.4200439453125,14.08,-0.26005214977313784,0.721620090043772,11.455363795943148,2.624636204056852
2013-09-25,1692.77001953125,14.01,-0.2743225154378415,0.6884713191682832,10.929143371919121,3.0808566280808787
2013-09-26,1698.6700439453125,14.06,0.34793658479985723,0.6623267657881644,10.514111453623237,3.545888546376764
2013-09-27,1691.75,15.46,-0.4082121663444127,0.6340781045512827,10.06567785860344,5.394322141396561
2013-09-30,1681.550048828125,16.6,-0.6047479981190484,0.6328749346030074,10.046578127794943,6.553421872205059
2013-10-01,1695.0,15.54,0.7966724683406312,0.6615497277450488,10.501776357095316,5.038223642904683
2013-10-02,1693.8699951171875,16.6,-0.06668918703409688,0.6892270076389815,10.941139554491759,5.6588604455082425
2013-10-03,1678.6600341796875,17.67,-0.901997250055242,0.6498124434120572,10.315452744621213,7.3545472553787885
2013-10-04,1690.5,16.74,0.7028466704283254,0.7329665728139496,11.635483625934162,5.104516374065836
2013-10-07,1676.1199951171875,19.41,-0.8542747536819384,0.729936553613845,11.587383562306796,7.822616437693204
2013-10-08,1655.449951171875,20.34,-1.2408749931083207,0.7806669923103321,12.392704310459472,7.947295689540528
2013-10-09,1656.4000244140625,19.6,0.05737417306050929,0.9028394645614616,14.33213218226604,5.267867817733961
2013-10-10,1692.56005859375,16.48,2.159562288283645,0.8292908677370561,13.16458440341525,3.315415596584751
2013-10-11,1703.199951171875,15.72,0.6266595617328008,1.1437749086082738,18.156863784078737,-2.436863784078737
2013-10-14,1710.1400146484375,16.07,0.4066441145288202,1.0618702546619787,16.856667710714525,-0.786667710714525
2013-10-15,1698.06005859375,18.66,-0.7088789613758806,0.9760228692736167,15.49388271605817,3.16611728394183
2013-10-16,1721.5400390625,14.71,1.3732804307132085,0.9485365072859909,15.05755024646723,-0.3475502464672289
2013-10-17,1733.1500244140625,13.48,0.6721314413737467,1.0167210903662076,16.139946946940483,-2.659946946940483
2013-10-18,1744.5,13.04,0.6527405463622848,0.9587281854327804,15.219338121380128,-2.1793381213801286
2013-10-21,1744.6600341796875,13.16,0.009173220960434492,0.9081856948663931,14.417000957297196,-1.2570009572971959
2013-10-22,1754.6700439453125,13.33,0.5721116239627122,0.8343318713191558,13.244607854433779,0.08539214556622099
2013-10-23,1746.3800048828125,13.42,-0.4735753240036722,0.7962992259560896,12.640858326438257,0.7791416735617425
2013-10-24,1752.0699462890625,13.2,0.3252838544355541,0.7715737637764305,12.248353782567191,0.951646217432808
2013-10-25,1759.77001953125,13.09,0.4385214392774728,0.7238617741749741,11.49094942831787,1.5990505716821293
2013-10-28,1762.1099853515625,13.31,0.13288165192371082,0.6920945575338583,10.98666049785524,2.3233395021447603
2013-10-29,1771.949951171875,13.41,0.5568661214094384,0.6498864959836335,10.316628292751227,3.0933717072487728
2013-10-30,1763.31005859375,13.65,-0.4887849694569901,0.6443272369401616,10.228377791334346,3.4216222086656547
2013-10-31,1756.5400390625,13.75,-0.3846770567937696,0.6519552503687353,10.349468750511148,3.4005312494888518
2013-11-01,1761.6400146484375,13.28,0.28992144122090835,0.6441922985842872,10.226235711342541,3.053764288657458
2013-11-04,1767.9300537109375,12.93,0.356419937809882,0.6153679541136094,9.768663428299302,3.161336571700698
2013-11-05,1762.969970703125,13.27,-0.2809530848340458,0.5961417402663454,9.46345674534006,3.806543254659939
2013-11-06,1770.489990234375,12.67,0.42564687122874645,0.587943514164451,9.333313940595113,3.3366860594048866
2013-11-07,1747.1500244140625,13.91,-1.3270435999594987,0.5800808055980387,9.208497311606488,4.7015026883935125
2013-11-08,1770.6099853515625,12.9,1.3338208792264439,0.7990092071024121,12.683877943463315,0.21612205653668504
2013-11-11,1771.8900146484375,12.53,0.07226700649729523,0.9001887008023312,14.290052612119789,-1.7600526121197895
2013-11-12,1767.68994140625,12.82,-0.23732054456200302,0.8269673559231894,13.127699796848377,-0.307699796848377
2013-11-13,1782.0,12.52,0.8062752720499056,0.7749269275875511,12.30158360786411,0.21841639213588948
2013-11-14,1790.6199951171875,12.37,0.4825596820451139,0.7785416736945694,12.358965923374967,0.011034076625032085
2013-11-15,1798.1800537109375,12.19,0.421314627388103,0.7413205439138829,11.768098805875628,0.42190119412437177
2013-11-18,1791.530029296875,13.1,-0.3705052423504718,0.7051302471266225,11.193595654839363,1.9064043451606363
2013-11-19,1787.8699951171875,13.39,-0.20450552776010156,0.685485420791231,10.881743704644371,2.508256295355629
2013-11-20,1781.3699951171875,13.4,-0.3642235996161425,0.6542412414675438,10.385757734191676,3.014242265808324
2013-11-21,1795.8499755859375,12.66,0.8095705420756438,0.643627463643605,10.217269234633472,2.4427307653665284
2013-11-22,1804.760009765625,12.26,0.4949190500028955,0.6779751580162863,10.762521979144875,1.4974780208551248
2013-11-25,1802.47998046875,12.79,-0.1264140787239576,0.6598644714296957,10.475023742460364,2.3149762575396355
2013-11-26,1802.75,12.81,0.014979323550345924,0.6280300535549515,9.969668025485868,2.8403319745141324
2013-11-27,1807.22998046875,12.98,0.2481998677461128,0.5963786614120017,9.467217751930495,3.512782248069506
2013-11-29,1805.81005859375,13.7,-0.07859984571165768,0.5736978604279203,9.107171198292724,4.592828801707276
2013-12-02,1800.9000244140625,14.23,-0.27227235347160317,0.5545143158670827,8.802641869256512,5.427358130743489
2013-12-03,1795.1500244140625,14.55,-0.3197955991893764,0.5538725396023784,8.792453986894001,5.7575460131059994
2013-12-04,1792.81005859375,14.7,-0.13043434697870282,0.5587009057648364,8.869101923521741,5.830898076478258
2013-12-05,1785.030029296875,15.08,-0.4349015813080115,0.5451813557553427,8.654485720546013,6.425514279453987
2013-12-06,1805.0899658203125,13.79,1.1175194876876127,0.5675260546484986,9.009196818897479,4.78080318110252
2013-12-09,1808.3699951171875,13.49,0.18154512479506835,0.6910513869520258,10.970100678247958,2.5198993217520425
2013-12-10,1802.6199951171875,13.91,-0.3184724895657354,0.649987479077216,10.318231349664675,3.591768650335325
2013-12-11,1782.219970703125,15.42,-1.1381397674607108,0.6351894240001611,10.08331950793673,5.3366804920632696
2013-12-12,1775.5,15.54,-0.3777688379155819,0.7802795582766425,12.38655398584396,3.1534460141560388
2013-12-13,1775.3199462890625,15.76,-0.010141528650642329,0.7478324227887867,11.871471678300251,3.8885283216997486
2013-12-16,1786.5400390625,16.03,0.6300152129396608,0.6975982918707524,11.074029571880773,4.955970428119228
2013-12-17,1781.0,16.21,-0.3105805936371553,0.6917646588145729,10.981423518040835,5.228576481959166
2013-12-18,1810.6500244140625,13.8,1.6510906009174597,0.6683976779614301,10.610484196673891,3.1895158033261097
2013-12-19,1809.5999755859373,14.15,-0.05800974283936,0.8990165967349196,14.271446036881441,-0.12144603688144073
2013-12-20,1818.3199462890625,13.79,0.4807155440690103,0.8278383785901828,13.141526853027367,0.6484731469726324
2013-12-23,1827.989990234375,13.04,0.5304028886206069,0.782256838238731,12.417942332156185,0.6220576678438139
2013-12-24,1833.3199462890625,12.48,0.29115043043059785,0.7489723488246555,11.889567443123749,0.5904325568762516
2013-12-26,1842.02001953125,12.33,0.4734304621132779,0.7029876664951493,11.15958324175067,1.1704167582493294
2013-12-27,1841.4000244140625,12.46,-0.03366410106071527,0.6781085679969561,10.764639796932473,1.695360203067528
2013-12-30,1841.0699462890625,13.56,-0.017926996201467205,0.6393875151177261,10.149962138406327,3.4100378615936737
2013-12-31,1848.3599853515625,13.72,0.3951856349111438,0.6065717992637543,9.629028798941313,4.090971201058688
2014-01-02,1831.97998046875,14.23,-0.8901413016629611,0.5922184544380665,9.40117651359696,4.82882348640304
2014-01-03,1831.3699951171875,13.76,-0.03330205201601544,0.6905256438221923,10.961754764797716,2.798245235202284
2014-01-06,1826.77001953125,13.55,-0.251492725375968,0.6498006102511287,10.315264899014968,3.2347351009850325
2014-01-07,1837.8800048828125,12.92,0.6063345375391549,0.6286144994115954,9.97894581583464,2.9410541841653597
2014-01-08,1837.489990234375,12.87,-0.021223150345139885,0.6339879880194392,10.0642473030098,2.805752696990199
2014-01-09,1838.1300048828125,12.89,0.03482485435144511,0.6021632527826835,9.55904529314822,3.330954706851781
2014-01-10,1842.3699951171875,12.14,0.23040304904551334,0.574586415991051,9.121276580569365,3.0187234194306356
2014-01-13,1819.199951171875,13.28,-1.265596645879441,0.5549769955200513,8.80998668104718,4.4700133189528195
2014-01-14,1838.8800048828125,12.28,1.075987611993412,0.7666370018083879,12.169985115871016,0.11001488412898297
2014-01-15,1848.3800048828125,12.28,0.5152889134683036,0.8206821663084302,13.027925504867145,-0.7479255048671458
2014-01-16,1845.8900146484373,12.53,-0.13480284864266778,0.7793759722756479,12.372210002763213,0.15778999723678666
2014-01-17,1838.699951171875,12.44,-0.3902780320014898,0.7287089443377109,11.567895869195956,0.8721041308040434
2014-01-21,1843.800048828125,12.87,0.27699122428179734,0.7068578988859053,11.221021276282476,1.6489787237175229
2014-01-22,1844.8599853515625,12.84,0.057470004976778455,0.6668900343202994,10.586551095833052,2.253448904166948
2014-01-23,1828.4599609375,13.77,-0.8929324764570978,0.6283751482536998,9.975146233995796,3.794853766004204
2014-01-24,1790.2900390625,18.14,-2.109642142734014,0.7159782989497843,11.365803138841123,6.774196861158877
2014-01-27,1781.56005859375,17.42,-0.48882218533394806,1.1163697114421296,17.72181976608488,-0.30181976608487915
2014-01-28,1792.5,15.8,0.6121875622431716,1.040310338876083,16.514414657972672,-0.7144146579726716
2014-01-29,1774.199951171875,17.35,-1.026170390849579,0.9727673191470897,15.442202459965198,1.907797540034803
2014-01-30,1794.18994140625,17.29,1.1204044372218114,0.9973677044161232,15.832721469434635,1.4572785305653646
2014-01-31,1782.5899658203125,18.41,-0.6486290214249735,1.0052066033808076,15.957160132713334,2.4528398672866665
2014-02-03,1741.8900146484375,21.44,-2.3096604704487156,0.9644867307471588,15.310752194272178,6.1292478057278235
2014-02-04,1755.199951171875,19.11,0.7612043683081993,1.3149158708701087,20.87364233576537,-1.7636423357653719
2014-02-05,1751.6400146484375,19.95,-0.20302824086568805,1.2197830564251924,19.363455724507958,0.5865442754920416
2014-02-06,1773.4300537109375,17.23,1.236305445337571,1.1103325195007974,17.62598231512131,-0.39598231512130866
2014-02-07,1797.02001953125,15.29,1.3214193504296645,1.1140791659290898,17.68545848331981,-2.3954584833198105
2014-02-10,1799.8399658203125,15.26,0.15680048032544747,1.132164302975179,17.972551133622648,-2.7125511336226484
2014-02-11,1819.75,14.51,1.1001375944254654,1.0284340421587914,16.325884292310473,-1.8158842923104732
2014-02-12,1819.260009765625,14.3,-0.026929864772107237,1.0262741976962257,16.2915978243993,-1.9915978243992996
2014-02-13,1829.8299560546875,14.14,0.5793211978776469,0.9369075254904874,14.872945883476431,-0.7329458834764306
2014-02-14,1838.6300048828125,13.57,0.4797689385548587,0.8825817185840992,14.01055043439312,-0.4405504343931206
2014-02-18,1840.760009765625,13.87,0.1157803392558776,0.8281535217223613,13.146529595158173,0.7234704048418266
2014-02-19,1828.75,15.5,-0.6545861773195938,0.7652774841901718,12.148403442746153,3.3515965572538473
2014-02-20,1839.780029296875,14.79,0.6013341826934138,0.7718745745342548,12.253129005308567,2.536870994691432
2014-02-21,1836.25,14.68,-0.1920566673181412,0.7481397173026724,11.876349827478226,2.803650172521774
2014-02-24,1847.6099853515625,14.23,0.6167455552331447,0.7056259084998129,11.201464035207136,3.028535964792864
2014-02-25,1845.1199951171875,13.67,-0.1348590676774286,0.6964464024303892,11.05574389389852,2.6142561061014806
2014-02-26,1845.1600341796875,14.35,0.002169974212495873,0.6589719672703406,10.460855678161897,3.8891443218381028
2014-02-27,1854.2900390625,14.04,0.4935881408416165,0.6224593428121241,9.881235733977485,4.158764266022514
2014-02-28,1859.449951171875,14.0,0.27788242813375774,0.6149394327178994,9.761860862032188,4.238139137967812
2014-03-03,1845.72998046875,16.0,-0.7405866200454803,0.5905334530371131,9.374427945602651,6.625572054397349
2014-03-04,1873.9100341796875,14.1,1.5152322676142305,0.656274676712772,10.418037517987841,3.6819624820121586
2014-03-05,1873.81005859375,13.89,-0.005335274966444814,0.8528973166826104,13.539325162898926,0.3506748371010744
2014-03-06,1877.030029296875,14.21,0.1716933496856754,0.7870768221798251,12.494457205144943,1.7155427948550575
2014-03-07,1878.0400390625,14.11,0.05379445771156455,0.7310244650552052,11.604653621040603,2.5053463789593966
2014-03-10,1877.1700439453125,14.2,-0.046335364121929956,0.6824777910810228,10.833999063150491,3.366000936849508
2014-03-11,1867.6300048828125,14.8,-0.5095096975215263,0.643442612676601,10.214334816503657,4.585665183496344
2014-03-12,1868.199951171875,14.47,0.030512432320950467,0.6543205314964551,10.387016424379356,4.082983575620645
2014-03-13,1846.3399658203125,16.22,-1.1770091695883167,0.6180905701479326,9.811883617953317,6.408116382046682
2014-03-14,1841.1300048828125,17.82,-0.28257664174455854,0.7796810199742009,12.377052484853516,5.442947515146484
2014-03-17,1858.8299560546875,15.64,0.9567717695039057,0.7386103833237551,11.725076340268469,3.9149236597315316
2014-03-18,1872.25,14.52,0.7193682245473454,0.77647745523812,12.326197471250117,2.193802528749883
2014-03-19,1860.77001953125,15.12,-0.615052509673486,0.7669557819385928,12.175045593555602,2.9449544064443973
2014-03-20,1872.010009765625,14.52,0.6022334087521841,0.7670883588475349,12.177150186739505,2.3428498132604947
2014-03-21,1866.52001953125,15.0,-0.2936980116609256,0.7443422532181747,11.816066953996543,3.1839330460034567
2014-03-24,1857.43994140625,15.09,-0.48765809593627196,0.7101538383641409,11.273342693456863,3.816657306543137
2014-03-25,1865.6199951171875,14.02,0.4394270848822046,0.7038002509433375,11.172482619965539,2.8475173800344606
2014-03-26,1852.56005859375,14.93,-0.7024936954875827,0.675615474782764,10.725063169092142,4.204936830907858
2014-03-27,1849.0400390625,14.62,-0.19018913439774465,0.7111409908395167,11.28901325319254,3.3309867468074597
2014-03-28,1857.6199951171875,14.41,0.4629489243409779,0.6745719960861996,10.708498458315123,3.701501541684877
2014-03-31,1872.3399658203125,13.88,0.7892871384796329,0.6538491512594129,10.37953349509837,3.500466504901631
2014-04-01,1885.52001953125,13.1,0.7014688044213457,0.6821047067249152,10.828076532604635,2.2719234673953643
2014-04-02,1890.9000244140625,13.09,0.2849263831839366,0.6896448141442613,10.947772027146451,2.142227972853549
2014-04-03,1888.77001953125,13.37,-0.11270852130111919,0.6528930326538936,10.364355582773854,3.0056444172261454
2014-04-04,1865.0899658203125,13.96,-1.2616542925314,0.6215139252059975,9.866227694752007,4.0937723052479935
2014-04-07,1845.0400390625,15.57,-1.0808312332149406,0.8049020453673632,12.777423850855632,2.7925761491443684
2014-04-08,1851.9599609375,14.89,0.3743537980176903,0.8828379336418525,14.014617722342912,0.8753822776570885
2014-04-09,1872.1800537109373,13.82,1.0859039341965193,0.8209520751640359,13.032210175118667,0.7877898248813331
2014-04-10,1833.0799560546875,15.89,-2.11059677373866,0.8631424816202176,13.70196211429341,2.1880378857065903
2014-04-11,1815.68994140625,17.03,-0.9532059739897569,1.196133298773634,18.988027460630136,-1.9580274606301344
2014-04-14,1830.6099853515625,16.11,0.8183708150740543,1.1626877701915064,18.457096154057663,-2.347096154057663
2014-04-15,1842.97998046875,15.61,0.6734579517703843,1.0968965810050109,17.41269340377765,-1.8026934037776492
2014-04-16,1862.31005859375,14.18,1.0433867948766107,1.0263621857278677,16.29299459109975,-2.112994591099749
2014-04-17,1864.8499755859373,13.36,0.13629237070942324,1.0154289794742286,16.11943532242152,-2.7594353224215205
2014-04-21,1871.8900146484373,13.25,0.37680156555719435,0.9268105531970914,14.712661417378218,-1.462661417378218
2014-04-22,1879.550048828125,13.19,0.408378899612849,0.8585607533182213,13.62922943232172,-0.43922943232172074
2014-04-23,1875.3900146484373,13.27,-0.22157668625224503,0.8025442669027828,12.73999527807245,0.5300047219275488
2014-04-24,1878.6099853515625,13.32,0.17154882753311895,0.7532767559172191,11.957897787374785,1.3621022126252154
2014-04-25,1863.4000244140625,14.06,-0.8129344743501576,0.7022989291582711,11.148649875478522,2.911350124521478
2014-04-28,1869.4300537109373,13.97,0.3230811162501901,0.7520467441889631,11.938371956518836,2.031628043481165
2014-04-29,1878.3299560546875,13.71,0.47494605046338734,0.7072978030995541,11.2280045391825,2.481995460817501
2014-04-30,1883.949951171875,13.41,0.2987549802701217,0.6817898309315242,10.823078034345516,2.5869219656544846
2014-05-01,1883.6800537109373,13.25,-0.014327174433237388,0.6470957597977984,10.272326729216177,2.977673270783823
2014-05-02,1881.1400146484373,12.91,-0.13493550298715462,0.6129084975325568,9.729620765456344,3.180379234543656
2014-05-05,1884.6600341796875,13.29,0.18694675823400786,0.5897109868610307,9.361371699820594,3.9286283001794047
2014-05-06,1867.719970703125,13.8,-0.9029031461991188,0.5657231067261281,8.980575907921121,4.819424092078879
2014-05-07,1878.2099609375,13.4,0.5600754871033509,0.6758054486296137,10.728078910418366,2.671921089581634
2014-05-08,1875.6300048828125,13.43,-0.1374569232786449,0.6654625529721503,10.563890531942738,2.866109468057262
2014-05-09,1878.47998046875,12.92,0.1518323194878768,0.6332958033134137,10.053259211449005,2.8667407885509952
2014-05-12,1896.6500244140625,12.23,0.9626256172316161,0.6009422553540192,9.53966255986205,2.6903374401379505
2014-05-13,1897.449951171875,12.13,0.042166878828275856,0.6773583633553399,10.752730667447736,1.377269332552265
2014-05-14,1888.530029296875,12.17,-0.471208956501723,0.6372833009996212,10.116558774835907,2.053441225164093
2014-05-15,1870.8499755859373,13.17,-0.9405904183934943,0.6439217409119647,10.221940741444946,2.9480592585550536
2014-05-16,1877.8599853515625,12.44,0.3739962819000908,0.7376131360805898,11.709245531062109,0.7307544689378904
2014-05-19,1885.0799560546875,12.42,0.3837414189703736,0.6984592507988646,11.087696871157727,1.3323031288422733
2014-05-20,1872.8299560546875,12.96,-0.6519604608542728,0.6666024857079219,10.581986403123897,2.3780135968761034
2014-05-21,1888.030029296875,11.91,0.8083340547746509,0.6952894170658898,11.037377320628478,0.8726226793715224
2014-05-22,1892.489990234375,12.03,0.2359444194714122,0.7169693091765172,11.381534938481066,0.6484650615189338
2014-05-23,1900.530029296875,11.36,0.4239392917884999,0.6735695001864601,10.692584329268687,0.6674156707313124
2014-05-27,1911.9100341796875,11.51,0.5969950211528463,0.6493919985206639,10.308778388885408,1.2012216111145921
2014-05-28,1909.780029296875,11.68,-0.1114692750058488,0.6490842713408516,10.303893371348776,1.3761066286512236
2014-05-29,1920.030029296875,11.57,0.5352758657361179,0.6182876378361721,9.815011970520487,1.754988029479513
2014-05-30,1923.5699462890625,11.4,0.18419804431015763,0.6165299379083897,9.787109349190157,1.6128906508098435
2014-06-02,1924.969970703125,11.58,0.07275613640587153,0.5878137038370064,9.331253265530956,2.2487467344690444
2014-06-03,1924.239990234375,11.87,-0.03792884695350551,0.5624339076180266,8.928361490805448,2.9416385091945507
2014-06-04,1927.8800048828125,12.08,0.18898766063628614,0.5436085055869702,8.629517498175534,3.4504825018244656
2014-06-05,1940.4599609375,11.68,0.6504082119662691,0.5280173030815674,8.382014831357077,3.2979851686429225
2014-06-06,1949.43994140625,10.73,0.4617083548019707,0.5639215058670705,8.951976380911919,1.7780236190880814
2014-06-09,1951.27001953125,11.15,0.09383308564867576,0.5647998337358878,8.965919403574729,2.1840805964252716
2014-06-10,1950.7900390625,10.99,-0.02460138818793922,0.5434968906415649,8.627745665846692,2.3622543341533078
2014-06-11,1943.8900146484373,11.6,-0.3543311151666728,0.52769444917697,8.376889684508852,3.223110315491148
2014-06-12,1930.1099853515625,12.56,-0.7114139088909788,0.542718354821572,8.615386792847952,3.9446132071520488
2014-06-13,1936.1600341796875,12.18,0.3129659199070822,0.6164636959887276,9.786057791315397,2.393942208684603
2014-06-16,1937.780029296875,12.65,0.08363553307866312,0.593924821788273,9.42826425552076,3.22173574447924
2014-06-17,1941.989990234375,12.06,0.21702124448887972,0.5674859650194504,9.00856041576579,3.0514395842342097
2014-06-18,1956.97998046875,10.61,0.7689243160729831,0.5485808476969877,8.708450982115378,1.901549017884621
2014-06-19,1959.47998046875,10.62,0.1276663295164404,0.600355402399529,9.530346558019582,1.089653441980417
2014-06-20,1962.8699951171875,10.85,0.17285634956767382,0.5731558829261879,9.098567572178068,1.751432427821932
2014-06-23,1962.6099853515625,10.98,-0.013247285289885724,0.5516748632389266,8.757566956174612,2.2224330438253883
2014-06-24,1949.97998046875,12.13,-0.6456106498617942,0.5340167657414093,8.477253348544837,3.652746651455164
2014-06-25,1959.530029296875,11.59,0.4885557422717568,0.5966708610751106,9.471856277781072,2.118143722218928
2014-06-26,1957.219970703125,11.63,-0.11795794276396876,0.5938005127712546,9.426290911052238,2.203709088947763
2014-06-27,1960.9599609375,11.26,0.1909045238083884,0.5730321734788342,9.096603745582906,2.163396254417094
2014-06-30,1960.22998046875,11.57,-0.037232599700143254,0.5521351163609477,8.764873247980667,2.8051267520193335
2014-07-01,1973.3199462890625,11.15,0.6655572896822726,0.5351697663680026,8.495556666061642,2.6544433339383584
2014-07-02,1974.6199951171875,10.82,0.06585960751230857,0.5717902814246453,9.076889320399479,1.7431106796005214
2014-07-03,1985.43994140625,10.32,0.5464550227672227,0.549236944077131,8.718866189263071,1.601133810736929
2014-07-07,1977.6500244140625,11.33,-0.39312390543235765,0.5639886467031814,8.953042208642918,2.376957791357082
2014-07-08,1963.7099609375,11.98,-0.7073762181680543,0.575952813660723,9.142967471125187,2.837032528874813
2014-07-09,1972.8299560546875,11.65,0.4633516553258943,0.6390346032849109,10.144359836740161,1.505640163259839
2014-07-10,1964.6800537109373,12.59,-0.41396283244736765,0.6250259204334169,9.92197889061639,2.6680211093836093
2014-07-11,1967.5699462890625,12.08,0.14698419980474497,0.6264637253867857,9.944803336658977,2.1351966633410235
2014-07-14,1977.0999755859373,11.82,0.4831860726996595,0.5951569894362456,9.44782431054121,2.372175689458791
2014-07-15,1973.280029296875,11.96,-0.19339645679457007,0.5919830933561135,9.397440272250057,2.562559727749944
2014-07-16,1981.5699462890625,11.0,0.4192285009448682,0.5766751122764816,9.154433606182927,1.845566393817073
2014-07-17,1958.1199951171875,14.54,-1.190460592747744,0.5704224149851561,9.05517511384564,5.4848248861543585
2014-07-18,1978.219970703125,12.06,1.0212608899671238,0.7541635427959097,11.971975092656368,0.08802490734363211
2014-07-21,1973.6300048828125,12.81,-0.2322946423904959,0.8005214388169808,12.707883877712037,0.1021161222879634
2014-07-22,1983.530029296875,12.24,0.5003611167300193,0.7522987358509295,11.942372200138987,0.2976277998610133
2014-07-23,1987.010009765625,11.52,0.17529007770127336,0.7212749031010015,11.449884123104763,0.0701158768952368
2014-07-24,1987.97998046875,11.84,0.04880368125510515,0.6752989034099435,10.72003775434403,1.1199622456559695
2014-07-25,1978.3399658203125,12.69,-0.486094604610976,0.6354948292379204,10.088167665785978,2.6018323342140217
2014-07-28,1978.9100341796875,12.56,0.028811339355350185,0.6446703029165808,10.233823794875702,2.3261762051242982
2014-07-29,1969.949951171875,13.28,-0.4538068413713958,0.6100422588329452,9.684120636672414,3.595879363327585
2014-07-30,1970.0699462890625,13.33,0.006091091940962912,0.6201848074254612,9.84512860408953,3.4848713959104707
2014-07-31,1930.6700439453125,16.95,-2.0201932155229585,0.5900222707786806,9.366313178820008,7.583686821179992
2014-08-01,1925.1500244140625,17.03,-0.286321623129826,1.0258263039521391,16.284487731635494,0.7455122683645072
2014-08-04,1938.989990234375,15.12,0.716331444964613,0.9473181087611457,15.03820876950018,0.08179123049981918
2014-08-05,1920.2099609375,16.87,-0.9732679197336225,0.9057811526621241,14.378830033160467,2.491169966839534
2014-08-06,1920.239990234375,16.37,0.0015638426360098379,0.9360716654924315,14.859677017362094,1.5103229826379074
2014-08-07,1909.5699462890625,16.66,-0.5572115446732973,0.8584649122592521,13.627708002677192,3.032291997322808
2014-08-08,1931.5899658203125,15.77,1.1465422557972005,0.8326011102068256,13.217132873541255,2.552867126458745
2014-08-11,1936.9200439453125,14.23,0.27556250258413684,0.8838591934737791,14.030829719578456,0.19917028042154428
2014-08-12,1933.75,14.13,-0.16379823741559107,0.8168750800888164,12.96748988472587,1.1625101152741308
2014-08-13,1946.719970703125,12.9,0.6684767102511202,0.7619391723166676,12.095409384649756,0.8045906153502447
2014-08-14,1955.1800537109373,12.42,0.43363982736970286,0.7484014710214313,11.88050503894572,0.5394949610542792
2014-08-15,1955.06005859375,13.15,-0.006137480757040237,0.7120265580393098,11.30307119667187,1.8469288033281295
2014-08-18,1971.739990234375,12.32,0.8495483219659761,0.6672292712337424,10.591936314884073,1.7280636851159272
2014-08-19,1981.5999755859373,12.21,0.49881901791977157,0.7029332147227532,11.15871884666143,1.0512811533385715
2014-08-20,1986.510009765625,11.78,0.24747482825437928,0.6806002542153775,10.804194089407373,0.9758059105926264
2014-08-21,1992.3699951171875,11.76,0.2945547280270411,0.6435297691985001,10.215718383396151,1.5442816166038487
2014-08-22,1988.4000244140625,11.47,-0.19945749188226003,0.6150875341279298,9.76421189903074,1.7057881009692615
2014-08-25,1997.9200439453125,11.7,0.4776353863603866,0.5959549212040062,9.460491084665366,2.2395089153346337
2014-08-26,2000.02001953125,11.63,0.10505288952433744,0.5919904387786936,9.397556877218586,2.232443122781415
2014-08-27,2000.1199951171875,11.78,0.004998604328498857,0.565983785138116,8.98471404942282,2.7952859505771794
2014-08-28,1996.739990234375,12.05,-0.16913305449461902,0.5452667153016952,8.655840761336059,3.394159238663942
2014-08-29,2003.3699951171875,11.98,0.3314914329020091,0.5370681500699777,8.525692573072066,3.454307426927935
2014-09-02,2002.280029296875,12.25,-0.054421421770278755,0.5308770805255932,8.427412390888383,3.8225876091116167
2014-09-03,2000.719970703125,12.36,-0.07794447528013393,0.5185705788327153,8.232052732957081,4.127947267042918
2014-09-04,1997.6500244140625,12.64,-0.1535599204713023,0.5097441534120102,8.091937573184016,4.548062426815985
2014-09-05,2007.7099609375,12.09,0.5023247704959211,0.5075061737582034,8.056410747564843,4.033589252435156
2014-09-08,2001.5400390625,12.66,-0.30778458543165854,0.5259853962800977,8.349759310853381,4.310240689146619
2014-09-09,1988.43994140625,13.5,-0.6566521532684888,0.5355032036574825,8.500849818936437,4.999150181063563
2014-09-10,1995.68994140625,12.88,0.363944360036772,0.599965285241159,9.524153640120225,3.3558463598797754
2014-09-11,1997.449951171875,12.8,0.08815167647231448,0.5841991032256479,9.273873259692097,3.5261267403079035
2014-09-12,1985.5400390625,13.31,-0.5980405492006291,0.5594558280288727,8.881085942940697,4.428914057059304
2014-09-15,1984.1300048828125,14.12,-0.07104037481093783,0.6057291516743688,9.61565218315502,4.504347816844978
2014-09-16,1998.97998046875,12.73,0.745650732455605,0.5804928088613253,9.215037660650509,3.5149623393494913
2014-09-17,2001.5699462890625,12.65,0.12948050790884125,0.6193994211535856,9.832660983538487,2.8173390164615135
2014-09-18,2011.3599853515625,12.03,0.487925712733972,0.5889869534487094,9.349878025721173,2.6801219742788263
2014-09-19,2010.4000244140625,12.11,-0.047738351040305105,0.5876301333138242,9.328339173816664,2.7816608261833355
2014-09-22,1994.2900390625,13.69,-0.8045602530218687,0.564642134895809,8.963416012097376,4.7265839879026235
2014-09-23,1982.77001953125,14.93,-0.5793250079626056,0.6520679705665502,10.351258128178063,4.578741871821936
2014-09-24,1998.300048828125,13.27,0.7801976758654128,0.6719129242663457,10.666287001793563,2.6037129982064364
2014-09-25,1965.989990234375,15.64,-1.6300913265170358,0.6943092391840756,11.021817479133158,4.618182520866842
2014-09-26,1982.8499755859373,14.85,0.8539261124001385,0.9543414750214448,15.149701252447818,-0.299701252447818
2014-09-29,1977.800048828125,15.98,-0.2550050856915398,0.9291846208829581,14.750348573532845,1.2296514264671554
2014-09-30,1972.2900390625,16.31,-0.2789816544312096,0.8627682613411434,13.696021551529485,2.6139784484705135
2014-10-01,1946.1600341796875,16.71,-1.333710611263772,0.8080981466204907,12.828160385340174,3.8818396146598264
2014-10-02,1946.1700439453125,16.16,0.0005143328250412083,0.9443697196373452,14.991404543161236,1.168595456838764
2014-10-03,1967.9000244140625,14.55,1.1103635523903144,0.8656371672945777,13.741564021655204,0.8084359783447965
2014-10-06,1964.8199462890625,15.46,-0.15663860013983566,0.9016185627353922,14.312750966624016,1.147249033375985
2014-10-07,1935.0999755859373,17.2,-1.5241618619128872,0.8337480888057978,13.235340594333218,3.964659405666781
2014-10-08,1968.8900146484373,15.11,1.7310947498058837,1.0103492650444719,16.03879735574734,-0.9287973557473421
2014-10-09,1928.2099609375,18.76,-2.0877848454314396,1.142421731826189,18.135382768606917,0.6246172313930849
2014-10-10,1906.1300048828125,21.24,-1.151708002621099,1.3627464380267549,21.632929050347325,-0.39292905034732684
2014-10-13,1874.739990234375,24.64,-1.6605033202522712,1.32807386588624,21.082519031154835,3.557480968845166
2014-10-14,1877.699951171875,22.79,0.1577619680866782,1.3934579879317637,22.120459790903343,0.669540209096656
2014-10-15,1862.489990234375,26.25,-0.8133300726077763,1.256792057537426,19.95095540379126,6.299044596208741
2014-10-16,1862.760009765625,25.2,0.01449672004421032,1.1935919685301675,18.947685093689138,6.252314906310861
2014-10-17,1886.760009765625,21.99,1.2801813377146587,1.0818121691822689,17.1732357896377,4.816764210362297
2014-10-20,1904.010009765625,18.57,0.9101116121280839,1.0995354763282637,17.454584568345197,1.115415431654803
2014-10-21,1941.280029296875,16.08,1.938537082775138,1.0555685212852985,16.75663079465454,-0.6766307946545425
2014-10-22,1927.1099853515625,17.87,-0.7326100661612323,1.2248960142486387,19.444621413696765,-1.5746214136967644
2014-10-23,1950.8199462890625,16.53,1.2228305721599497,1.1572225506241482,18.3703384830441,-1.8403384830440999
2014-10-24,1964.5799560546875,16.11,0.7028690175716612,1.1489475118286772,18.238976314590733,-2.1289763145907337
2014-10-27,1961.6300048828125,16.04,-0.15026968788385275,1.0732315345963734,17.037022438405305,-0.9970224384053061
2014-10-28,1985.050048828125,14.39,1.186836456691065,0.9811364381913994,15.575058106068827,-1.1850581060688263
2014-10-29,1982.300048828125,15.15,-0.13863159906426503,1.00440954203136,15.944507176051534,-0.7945071760515336
2014-10-30,1994.6500244140625,14.52,0.6210797247873323,0.921248638065761,14.624368751873734,-0.10436875187373396
2014-10-31,2018.050048828125,14.03,1.1663114233148697,0.8736120646652149,13.868161592699018,0.16183840730098176
2014-11-03,2017.81005859375,14.73,-0.011892891639941894,0.918496308497021,14.580676874483881,0.14932312551611915
2014-11-04,2012.0999755859373,14.89,-0.2833853252665719,0.84354295168452,13.39082922215168,1.4991707778483203
2014-11-05,2023.5699462890625,14.17,0.5684311060805136,0.7922192848760498,12.576091269668767,1.5939087303312327
2014-11-06,2031.2099609375,13.67,0.37684036443277336,0.7611348078273015,12.08264049423587,1.5873595057641303
2014-11-07,2031.9200439453125,13.12,0.03495251267811028,0.718332814276599,11.403179910918174,1.7168200890818248
2014-11-10,2038.260009765625,12.67,0.31153270195591887,0.6718977028177665,10.666045368788355,2.003954631211645
2014-11-11,2039.6800537109373,12.92,0.0696451630286532,0.6396156903119304,10.153584307321639,2.766415692678361
2014-11-12,2038.25,13.02,-0.07013625789173972,0.6054889062819917,9.611838405783868,3.408161594216132
2014-11-13,2039.3299560546875,13.79,0.05297044284002794,0.5802558232659909,9.211275630953153,4.578724369046846
2014-11-14,2039.8199462890625,13.31,0.02402413485471655,0.5562876885321598,8.830793287578315,4.479206712421686
2014-11-17,2041.3199462890625,13.99,0.07350887776578219,0.536939604724185,8.523651978969093,5.466348021030907
2014-11-18,2051.800048828125,13.86,0.5120849353688506,0.5206576481648436,8.265183931487648,5.594816068512351
2014-11-19,2048.719970703125,13.96,-0.1502286875618708,0.5373509718504067,8.530182229650274,5.429817770349727
2014-11-20,2052.75,13.58,0.19651640132032355,0.5293052689864683,8.402460656246067,5.177539343753933
2014-11-21,2063.5,12.9,0.5223212603738148,0.5166755404983914,8.20196993201175,4.698030067988251
2014-11-24,2069.409912109375,12.62,0.28599298137388374,0.5357005972165684,8.50398334454292,4.116016655457079
2014-11-25,2067.030029296875,12.25,-0.11506914684167313,0.5264825722284169,8.357651734355953,3.8923482656440473
2014-11-26,2072.830078125,12.07,0.2802052471603034,0.5182133228173078,8.22638146953018,3.8436185304698203
2014-11-28,2067.56005859375,13.33,-0.2545664637012557,0.5120709458106877,8.128874257420271,5.201125742579729
2014-12-01,2053.43994140625,14.29,-0.6852789344834243,0.5186138798687736,8.232740115594611,6.057259884405388
2014-12-02,2066.550048828125,12.85,0.63641667588481,0.5941646121943773,9.432070810208748,3.417929189791252
2014-12-03,2074.330078125,12.47,0.3757673834027031,0.6116129060059551,9.70905388757568,2.760946112424321
2014-12-04,2071.919921875,12.38,-0.11625717317853557,0.5946377765483887,9.439582061468595,2.9404179385314055
2014-12-05,2075.3701171875,11.82,0.16638315989210284,0.5736215537568788,9.105959867443019,2.714040132556981
2014-12-08,2060.31005859375,14.21,-0.7283022149715102,0.5518799130842382,8.760822021557013,5.449177978442988
2014-12-09,2059.820068359375,14.89,-0.023785182583413444,0.6264589545519467,9.944727602003795,4.945272397996206
2014-12-10,2026.1400146484373,18.53,-1.648612118304893,0.595972357053963,9.460767870202663,9.069232129797339
2014-12-11,2035.3299560546875,20.08,0.45254339716205294,0.9061128283167169,14.384095220948389,5.6959047790516095
2014-12-12,2002.3299560546875,21.08,-1.6346465791658105,0.8459348491061712,13.428799416587275,7.651200583412724
2014-12-15,1989.6300048828125,20.42,-0.636278627172171,1.047870076409802,16.634421770919516,3.7855782290804854
2014-12-16,1972.739990234375,23.57,-0.8525259865381329,0.9982624294646991,15.846924789256507,7.7230752107434935
2014-12-17,2012.8900146484373,19.44,2.0148073243295705,0.9877118326228685,15.679439256695785,3.7605607433042163
2014-12-18,2061.22998046875,16.81,2.3731374885708867,1.1995690305795002,19.042568012209156,-2.232568012209157
2014-12-19,2070.64990234375,16.49,0.45596379674188725,1.4345450783584492,22.772697131088737,-6.282697131088739
2014-12-22,2078.5400390625,15.25,0.38032224799273706,1.3015639841446267,20.66168770491059,-5.411687704910591
2014-12-23,2082.169921875,14.8,0.1744838629704759,1.182289387166278,18.76826217691759,-3.968262176917591
2014-12-24,2081.8798828125,14.37,-0.013930624107505452,1.0723444509284143,17.022940421740145,-2.652940421740146
2014-12-26,2088.77001953125,14.5,0.33041099821211617,0.9766354539648885,15.503607196558592,-1.0036071965585922
2014-12-29,2090.570068359375,15.06,0.08614034280896021,0.898815944487908,14.268260781207847,0.7917392187921539
2014-12-30,2080.35009765625,15.92,-0.4900593034504297,0.8257870899362537,13.108963655154339,2.811036344845661
2014-12-31,2058.89990234375,19.2,-1.0364383561250357,0.7976382913616809,12.662115330752922,6.537884669247077
2015-01-02,2058.199951171875,17.79,-0.034002147313572095,0.867971892614664,13.778626637114769,4.01137336288523
2015-01-05,2020.5799560546875,19.92,-1.844721353258727,0.8005888779515481,12.708954440784227,7.2110455592157745
2015-01-06,2002.6099853515625,21.12,-0.8933254690699499,1.0799411383825077,17.14353409648864,3.976465903511361
2015-01-07,2025.9000244140625,19.31,1.1562735844876215,1.059591298113804,16.82049039706337,2.4895096029366286
2015-01-08,2062.139892578125,17.01,1.773016812715511,1.060334815447773,16.832293368830257,0.1777066311697446
2015-01-09,2044.81005859375,17.55,-0.8439322147078876,1.187578879266512,18.85223026087195,-1.3022302608719478
2015-01-12,2028.260009765625,19.6,-0.812661684347038,1.1402351256311847,18.100671471363633,1.4993285286363687
2015-01-13,2023.030029296875,20.56,-0.2581885435816389,1.097060418612235,17.415294245162336,3.1447057548376627
2015-01-14,2011.27001953125,21.48,-0.5830028967975132,1.0068251454398824,15.982853691362196,5.497146308637804
2015-01-15,1992.6700439453125,22.39,-0.929090300456803,0.9579261448974123,15.206606122592268,7.183393877407733
2015-01-16,2019.4200439453125,20.95,1.3334893186267571,0.968460415212125,15.373832479569826,5.5761675204301735
2015-01-20,2022.550048828125,19.89,0.15487524334005798,1.0232419212813015,16.243461928597526,3.6465380714024747
2015-01-21,2032.1199951171875,18.85,0.47204650221894795,0.9338020805506388,14.823648473350172,4.0263515266498295
2015-01-22,2063.14990234375,16.4,1.5154313070629755,0.8708515502209453,13.824339784438184,2.5756602155618147
2015-01-23,2051.820068359375,16.66,-0.550665627930158,0.9932973443649685,15.76810650678355,0.8918934932164504
2015-01-26,2057.090087890625,15.52,0.25651679986227194,0.9430120957137816,14.969852931507031,0.5501470684929686
2015-01-27,2029.550048828125,17.22,-1.347828781585747,0.8669176670073131,13.76189132441793,3.4581086755820696
2015-01-28,2002.1600341796875,20.44,-1.3587502811021501,0.9881381288575669,15.686206499626914,4.753793500373087
2015-01-29,2021.25,18.76,0.9489517058263175,1.076772771939807,17.093237838470387,1.6667621615296149
2015-01-30,1994.989990234375,20.97,-1.3077099006318704,1.0421435620074804,16.543516172992884,4.4264838270071145
2015-02-02,2020.8499755859373,19.43,1.2879170000215545,1.1054989386155767,17.549251597336053,1.8807484026639472
2015-02-03,2050.030029296875,17.33,1.433623857745303,1.1193983652633916,17.76989815499507,-0.43989815499507046
2015-02-04,2041.510009765625,18.33,-0.41647065724523813,1.1574733445426917,18.374319713076858,-0.04431971307685956
2015-02-05,2062.52001953125,16.85,1.0238810710909263,1.0692705158741864,16.97414321554104,-0.12414321554103935
2015-02-06,2055.469970703125,17.29,-0.3424027611878877,1.0468966313441859,16.6189688095679,0.6710311904320996
2015-02-09,2046.739990234375,18.55,-0.4256239310481469,0.9691700254948135,15.385097193584434,3.164902806415567
2015-02-10,2068.590087890625,17.23,1.061897955406188,0.9100623340669757,14.446791681049215,2.783208318950786
2015-02-11,2068.530029296875,16.96,-0.0029034010157857892,0.926836559554249,14.713074255499494,2.2469257445005066
2015-02-12,2088.47998046875,15.34,0.959829506591614,0.8505741646496295,13.502446267676559,1.8375537323234408
2015-02-13,2096.989990234375,14.69,0.4066459227779262,0.862849031327446,13.697303735312413,0.9926962646875861
2015-02-17,2100.340087890625,15.8,0.15962996977982868,0.806054921190048,12.795725187171808,3.004274812828193
2015-02-18,2099.679931640625,15.45,-0.031435862322926056,0.7469637245846357,11.857681521824938,3.592318478175061
2015-02-19,2097.449951171875,15.29,-0.10626217157181372,0.6973685056046226,11.070381827991508,4.2196181720084915
2015-02-20,2110.300048828125,14.3,0.610784272105569,0.6583018035630387,10.450217159118566,3.849782840881435
2015-02-23,2109.659912109375,14.56,-0.03033852119855851,0.6579787861654075,10.44508941689889,4.114910583101111
2015-02-24,2115.47998046875,13.69,0.2754972468831163,0.6224362834897653,9.880869678583307,3.809130321416692
2015-02-25,2113.860107421875,13.84,-0.07660169636025671,0.5965799051155837,9.470412396686068,4.369587603313931
2015-02-26,2110.739990234375,13.91,-0.14771186302544592,0.5731984183423545,9.099242800976604,4.810757199023396
2015-02-27,2104.5,13.34,-0.2960683048631729,0.558079096295754,8.859231004213399,4.480768995786601
2015-03-02,2117.389892578125,13.04,0.610623818113254,0.5592748486743294,8.878212984753345,4.161787015246654
2015-03-03,2107.780029296875,13.86,-0.4548872603817422,0.5810053833041396,9.223174527675075,4.636825472324924
2015-03-04,2098.530029296875,14.23,-0.43981612301546846,0.5978915623086497,9.491234309115399,4.738765690884602
2015-03-05,2101.0400390625,14.04,0.11953652510365842,0.6087475445509765,9.663567684618577,4.376432315381422
2015-03-06,2071.260009765625,15.2,-1.4275356362467129,0.5800083363243842,9.207346897551789,5.992653102448211
2015-03-09,2079.429931640625,15.06,0.3936662357975962,0.8289156606238927,13.158628175145813,1.9013718248541878
2015-03-10,2044.1600341796875,16.69,-1.7106820937141443,0.7764927732562732,12.326440637249789,4.3635593627502125
2015-03-11,2040.239990234375,16.87,-0.19195206764850425,1.0263112654945552,16.292186257455473,0.577813742544528
2015-03-12,2065.949951171875,15.42,1.2522702206037017,0.9424453784462765,14.960856573786003,0.4591434262139966
2015-03-13,2053.39990234375,16.0,-0.6093237090196268,0.9873497626460301,15.67369157400028,0.32630842599972
2015-03-16,2081.18994140625,15.61,1.3442909023855698,0.9448976431189955,14.999785068623545,0.6102149313764542
2015-03-17,2074.280029296875,15.66,-0.332569770778246,1.0079235991902007,16.000291104062487,-0.3402911040624872
2015-03-18,2099.5,13.97,1.2085101501629225,0.9352022828086338,14.845875995109246,-0.8758759951092454
2015-03-19,2089.27001953125,14.07,-0.48844891269501645,0.973300832483563,15.450671721621866,-1.3806717216218658
2015-03-20,2108.10009765625,13.02,0.8972382193259243,0.919659481963476,14.599141680827094,-1.5791416808270942
2015-03-23,2104.419921875,13.41,-0.17472566067135986,0.9074637443084582,14.405540347486115,-0.9955403474861146
2015-03-24,2091.5,13.62,-0.6158345701591017,0.8396251591312288,13.328636193445586,0.2913638065544131
2015-03-25,2061.050048828125,15.44,-1.466592652723886,0.8251801875249035,13.09932937805123,2.340670621948769
2015-03-26,2056.14990234375,15.8,-0.23803307374734572,0.9896326813009265,15.709931784145756,0.09006821585424518
2015-03-27,2061.02001953125,15.07,0.23657607295035632,0.9133703043631777,14.49930408153805,0.5706959184619507
2015-03-30,2086.239990234375,14.51,1.2162382647149528,0.8407855965023694,13.347057565622206,1.1629424343777934
2015-03-31,2067.889892578125,15.29,-0.8834686217531029,0.9042355310989051,14.354294051496687,0.9357059485033119
2015-04-01,2059.68994140625,15.11,-0.3973254201847354,0.9186322100062312,14.58283424406089,0.5271657559391087
2015-04-02,2066.9599609375,14.67,0.3523452303713981,0.8649575354605615,13.730775200759867,0.939224799240133
2015-04-06,2080.6201171875,14.74,0.6587072647165293,0.8044651060322473,12.7704876539432,1.969512346056801
2015-04-07,2076.330078125,14.78,-0.20640327085867938,0.7815840973817876,12.407262902130595,2.372737097869404
2015-04-08,2081.89990234375,13.98,0.26789415573471587,0.7346365602377743,11.661993854430436,2.318006145569564
2015-04-09,2091.179931640625,13.09,0.4447575873625986,0.6897957636411637,10.950168276122456,2.1398317238775437
2015-04-10,2102.06005859375,12.58,0.51893768994562,0.6645820168670382,10.549912454615498,2.030087545384502
2015-04-13,2092.429931640625,13.94,-0.4591806820961608,0.651636054534243,10.344401673725583,3.5955983262744162
2015-04-14,2095.840087890625,13.67,0.16284322585136124,0.6535161576155326,10.374247384879135,3.2957526151208647
2015-04-15,2106.6298828125,12.84,0.5134989044996097,0.6180570225545488,9.811351066418249,3.028648933581751
2015-04-16,2104.989990234375,12.6,-0.07787467579856155,0.6137184056960333,9.742477658968504,2.857522341031496
2015-04-17,2081.179931640625,13.89,-1.1375704189052982,0.5873877961145165,9.324492190039935,4.565507809960065
2015-04-20,2100.39990234375,13.3,0.9192748586536403,0.7499295398404627,11.904762379433818,1.3952376205661832
2015-04-21,2097.2900390625,13.25,-0.1481702504768201,0.7781420020514688,12.352621332732594,0.8973786672674056
2015-04-22,2107.9599609375,12.71,0.5074582853386467,0.7283391414842009,11.562025430888898,1.1479745691111027
2015-04-23,2112.929931640625,12.48,0.23549408425527218,0.7022758605434657,11.148283672571328,1.3317163274286727
2015-04-24,2117.68994140625,12.29,0.22502668247534885,0.661197993583679,10.496192750383774,1.7938072496162256
2015-04-27,2108.919921875,13.12,-0.41499132407345485,0.6263919014923452,9.943663167681686,3.176336832318313
2015-04-28,2114.760009765625,12.41,0.2765404437345964,0.6276762694987215,9.964051877702243,2.4459481222977573
2015-04-29,2106.85009765625,13.39,-0.3747348127572714,0.6009624535846382,9.539983196832898,3.8500168031671027
2015-04-30,2085.510009765625,14.55,-1.0180553033248607,0.6024496490820265,9.563591693455045,4.986408306544956
2015-05-01,2108.2900390625,12.7,1.086377656345583,0.7283610473125212,11.562373175132887,1.1376268248671124
2015-05-04,2114.489990234375,12.85,0.293643314776304,0.79482200911755,12.6174082361145,0.23259176388549996
2015-05-05,2089.4599609375,14.31,-1.1908003358530372,0.7418482206566211,11.776475414479135,2.5335245855208655
2015-05-06,2080.14990234375,15.15,-0.4465681140931821,0.864167927013965,13.718240555263005,1.4317594447369952
2015-05-07,2088.0,15.13,0.37667104694749654,0.8243710503475206,13.086484723563878,2.043515276436123
2015-05-08,2116.10009765625,12.86,1.3368147987361745,0.7715340269433308,12.247722979897565,0.6122770201024341
2015-05-11,2105.330078125,13.85,-0.5102556456082041,0.8817440019605929,13.997252095263466,-0.1472520952634664
2015-05-12,2099.1201171875,13.86,-0.29539964393672236,0.8459757827969155,13.429449218782997,0.4305507812170024
2015-05-13,2098.47998046875,13.76,-0.03050012906520294,0.7951950817230358,12.623330580125018,1.1366694198749823
2015-05-14,2121.10009765625,12.74,1.0721604261759943,0.7383111189107395,11.720325664989923,1.0196743350100768
2015-05-15,2122.72998046875,12.38,0.07681188278665374,0.7990882821659887,12.685133221182097,-0.3051332211820963
2015-05-18,2129.199951171875,12.73,0.3043312472570392,0.7402860423140261,11.751676602090908,0.978323397909092
2015-05-19,2127.830078125,12.85,-0.06435815978420578,0.6963651362982612,11.054453834044782,1.7955461659552174
2015-05-20,2125.85009765625,12.88,-0.0930949450793861,0.6557170746169183,10.409185859130899,2.470814140869102
2015-05-21,2130.820068359375,12.11,0.2335145908745062,0.6229082197218073,9.88836143401129,2.221638565988709
2015-05-22,2126.06005859375,12.13,-0.2236385149483766,0.5949065983516426,9.443849475299006,2.686150524700995
2015-05-26,2104.199951171875,14.06,-1.033520490750206,0.5815432105492008,9.231712270507556,4.828287729492445
2015-05-27,2123.47998046875,13.27,0.9120918929109934,0.718768610126297,11.410097955562344,1.8599020444376553
2015-05-28,2120.7900390625,13.31,-0.126756391748728,0.7532021747030365,11.95671384730356,1.353286152696441
2015-05-29,2107.389892578125,13.84,-0.633851518409756,0.7062125695075986,11.210776989990134,2.6292230100098664
2015-06-01,2111.72998046875,13.97,0.20573434991471018,0.7225446861454167,11.470041304031936,2.499958695968065
2015-06-02,2109.60009765625,14.24,-0.1009105165347357,0.6772089282396919,10.750358458528867,3.4896415414711335
2015-06-03,2114.070068359375,13.66,0.21166294697554378,0.6411897926353423,10.178572407037139,3.481427592962861
2015-06-04,2095.840087890625,14.71,-0.8660562215101031,0.6092127077886197,9.6709519220937,5.039048077906301
2015-06-05,2092.830078125,14.21,-0.1437215232732214,0.6966288509878514,11.058640174959164,3.151359825040837
2015-06-08,2079.280029296875,15.29,-0.6495560338305673,0.6596126691698689,10.47102650550597,4.8189734944940295
2015-06-09,2080.14990234375,14.47,0.0418265519003036,0.6895744321683392,10.946654747916025,3.523345252083976
2015-06-10,2105.199951171875,13.22,1.1970491752514079,0.6475632653508422,10.27974814979555,2.940251850204451
2015-06-11,2108.860107421875,12.85,0.1737116756528323,0.763564877526111,12.121216654785492,0.7287833452145076
2015-06-12,2094.110107421875,13.78,-0.7018874653102358,0.7110774265513804,11.288004201400499,2.4919957985995005
2015-06-15,2084.429931640625,15.39,-0.46332896217720076,0.7378669897785956,11.713275333588014,3.676724666411987
2015-06-16,2096.2900390625,14.81,0.5673730515754372,0.7228923263410112,11.475559921051573,3.334440078948427
2015-06-17,2100.43994140625,14.5,0.19776843950722878,0.7043416733959266,11.181077434948202,3.318922565051798
2015-06-18,2121.239990234375,13.19,0.9854000054009049,0.6616248151077869,10.502968332025768,2.6870316679742317
2015-06-19,2109.989990234375,13.96,-0.5317615237949269,0.7253895180054942,11.515201609773287,2.4447983902267136
2015-06-22,2122.85009765625,12.74,0.6076367981542319,0.7219947482740172,11.461311310966382,1.2786886890336184
2015-06-23,2124.199951171875,12.11,0.06356664251931932,0.7084467356182642,11.246243277488713,0.8637567225112868
2015-06-24,2108.580078125,13.26,-0.7380465718305196,0.663333948320293,10.5300999806524,2.7299000193475997
2015-06-25,2102.31005859375,14.01,-0.29780041565965476,0.7086490600424006,11.249455078151227,2.7605449218487728
2015-06-26,2101.489990234375,14.02,-0.03901557449221826,0.6810445678442564,10.811247349604153,3.208752650395846
2015-06-29,2057.639892578125,18.85,-2.1086969508611553,0.642010114076206,10.191594606203097,8.658405393796905
2015-06-30,2063.110107421875,18.23,0.2654962352467649,1.079891334110361,17.142743478178666,1.0872565218213346
2015-07-01,2077.419921875,16.09,0.6912096434636972,0.985413099033892,15.642947992254847,0.4470520077451532
2015-07-02,2076.780029296875,16.79,-0.030807018954703835,0.9345732637393125,14.835890626945197,1.954109373054802
2015-07-06,2068.760009765625,17.01,-0.38692326988973846,0.8577602771142038,13.616522266524187,3.393477733475814
2015-07-07,2081.340087890625,16.09,0.6062560593869115,0.8130290204691343,12.906435581038632,3.1835644189613674
2015-07-08,2046.6800537109373,19.66,-1.6792964912141883,0.7824001227016089,12.420216902489269,7.239783097510731
2015-07-09,2051.31005859375,19.97,0.22596476448200065,1.020807591199693,16.204818136567646,3.7651818634323533
2015-07-10,2076.6201171875,16.83,1.2262986385008112,0.9331113125367184,14.812682871079343,2.0173171289206557
2015-07-13,2099.60009765625,13.9,1.1005268507354948,0.9751790135715505,15.480486922077624,-1.5804869220776236
2015-07-14,2108.949951171875,13.37,0.4443273236500289,0.9843772541730748,15.626504464863446,-2.256504464863447
2015-07-15,2107.39990234375,13.23,-0.07352563007367863,0.911914697134011,14.476197033128273,-1.2461970331282721
2015-07-16,2124.2900390625,12.11,0.7982733444475087,0.8393646348870167,13.324500499281456,-1.2145004992814563
2015-07-17,2126.639892578125,11.95,0.11055716244507963,0.8285231795359549,13.152397731027936,-1.2023977310279363
2015-07-20,2128.280029296875,12.25,0.0770936624001628,0.7655546859639468,12.15280388448452,0.09719611551548013
2015-07-21,2119.2099609375,12.22,-0.4270796242723307,0.711712897990294,11.298091997756398,0.9219080022436028
2015-07-22,2114.14990234375,12.12,-0.2390565020189861,0.6973282294422418,11.069742463734967,1.0502575362650326
2015-07-23,2102.14990234375,12.64,-0.5692210211379667,0.6666637704275548,10.582959267887798,2.0570407321122026
2015-07-24,2079.64990234375,13.74,-1.076102069666085,0.6815339003397713,10.819015262153485,2.9209847378465152
2015-07-27,2067.639892578125,15.6,-0.579175506506413,0.7953468361969156,12.625739607714383,2.9742603922856166
2015-07-28,2093.25,13.44,1.231007380188931,0.7844861525466127,12.453331599673302,0.9866684003266979
2015-07-29,2108.570068359375,12.5,0.7292142927383338,0.866557858820799,13.756179546530722,-1.2561795465307224
2015-07-30,2108.6298828125,12.13,0.002836690402219233,0.8410534159795034,13.351309068018743,-1.2213090680187424
2015-07-31,2103.840087890625,12.12,-0.2274103801051197,0.7767932365593782,12.331210344318489,-0.21121034431848962
2015-08-03,2098.0400390625,12.56,-0.27606939449054124,0.7320223489214063,11.620494536324351,0.9395054636756495
2015-08-04,2093.320068359375,13.0,-0.22522391669328456,0.6984270392273793,11.087185528312794,1.9128144716872058
2015-08-05,2099.840087890625,12.51,0.3109838185491043,0.6664986515037371,10.580338086232764,1.9296619137672355
2015-08-06,2083.56005859375,13.77,-0.7783195922561603,0.6350998766195332,10.081897987338538,3.688102012661462
2015-08-07,2077.570068359375,13.39,-0.28790228563382314,0.6960069437662045,11.048767703876967,2.3412322961230334
2015-08-10,2104.179931640625,12.23,1.272683563202559,0.6697421711665404,10.63182736463472,1.5981726353652803
2015-08-11,2084.070068359375,13.71,-0.9603064680182349,0.797037001263622,12.652570146361306,1.0574298536386948
2015-08-12,2086.050048828125,13.61,0.09496036382143913,0.851642298013064,13.51940235915675,0.0905976408432494
2015-08-13,2083.389892578125,13.49,-0.12760258683810477,0.7852797091927436,12.465928920894731,1.0240710791052692
2015-08-14,2091.5400390625,12.83,0.390433227435949,0.7333602418646779,11.641732928376701,1.188267071623299
2015-08-17,2102.43994140625,13.02,0.5197891709402214,0.6961038321883939,11.050305759897174,1.9696942401028252
2015-08-18,2096.919921875,13.79,-0.2628982935632962,0.6772517236500953,10.751037814607962,3.0389621853920374
2015-08-19,2079.610107421875,15.25,-0.8289136409596942,0.6521030075970922,10.351814323795017,4.898185676204983
2015-08-20,2035.72998046875,19.14,-2.1325960454146475,0.718753225109965,11.409853725999556,7.730146274000445
2015-08-21,1970.8900146484373,28.03,-3.2369242521878228,1.125279459707891,17.86325763501724,10.16674236498276
2015-08-24,1893.2099609375,40.74,-4.021144434651891,1.6958319006459783,26.920496846875523,13.81950315312448
2015-08-25,1867.6099853515625,36.02,-1.3614249742656348,2.2621685871466446,35.91081303175421,0.10918696824579399
2015-08-26,1940.510009765625,30.32,3.8291299434532355,2.10597219658333,33.43127220105553,-3.1112722010555274
2015-08-27,1987.6600341796875,26.1,2.4007254489689878,2.4276053641754625,38.53704045008798,-12.437040450087977
2015-08-28,1988.8699951171875,26.05,0.060855115687630246,2.3667019192100165,37.57022823389391,-11.520228233893906
2015-08-31,1972.1800537109373,28.43,-0.8427078663983956,2.11476972113562,33.57092857376559,-5.140928573765592
2015-09-01,1913.8499755859373,31.4,-3.002264984242853,1.9289624823951106,30.621330100747628,0.7786698992523711
2015-09-02,1948.8599853515625,26.09,1.8127671423214586,2.136992618571316,33.92370613392247,-7.8337061339224725
2015-09-03,1951.1300048828125,25.61,0.11641156994190993,2.0383989630099193,32.35858037313718,-6.74858037313718
2015-09-04,1921.219970703125,27.8,-1.5448308754276496,1.8245209882978533,28.963372781123446,-1.1633727811234458
2015-09-08,1969.4100341796875,24.9,2.4773637197038845,1.7647913485816455,28.015194145592016,-3.1151941455920173
2015-09-09,1942.0400390625,26.23,-1.3995035769085007,1.8612599512749204,29.546585737905822,-3.3165857379058217
2015-09-10,1952.2900390625,24.37,0.5264075444936012,1.7738278828218847,28.15864467947357,-3.7886446794735704
2015-09-11,1961.050048828125,23.2,0.44770064449863867,1.60140336351281,25.421490291343574,-2.2214902913435743
2015-09-14,1953.030029296875,24.25,-0.40980412230444685,1.4469289159734342,22.969284458723884,1.2807155412761162
2015-09-15,1978.0899658203125,22.54,1.2749687631433027,1.3184628024341378,20.929948128780087,1.6100518712199126
2015-09-16,1995.31005859375,21.35,0.8667740715376127,1.2868763729866264,20.428529106044472,0.9214708939555294
2015-09-17,1990.199951171875,21.14,-0.25643444425602624,1.2066674082450417,19.155251264299384,1.9847487357006166
2015-09-18,1958.030029296875,22.28,-1.629623095438415,1.1014367928587083,17.484767032564232,4.795232967435769
2015-09-21,1966.969970703125,20.14,0.4555392033672945,1.220082208251354,19.368204612525606,0.7717953874743948
2015-09-22,1942.739990234375,22.44,-1.2394930019378414,1.115275275232309,17.704446129862824,4.735553870137178
2015-09-23,1938.760009765625,22.13,-0.2050744229593171,1.147234984011872,18.21179077829145,3.9182092217085476
2015-09-24,1932.239990234375,23.47,-0.33686518713071933,1.0474947359977838,16.628463426596362,6.841536573403637
2015-09-25,1931.3399658203125,23.62,-0.046590180122052516,0.9692827847806678,15.386887191754736,8.233112808245265
2015-09-28,1881.77001953125,27.63,-2.6001211162808957,0.8880445789873208,14.09727065483704,13.53272934516296
2015-09-29,1884.0899658203125,26.83,0.12320939129821795,1.3646343163500998,21.662898189642046,5.167101810357952
2015-09-30,1920.030029296875,24.5,1.8895898603564554,1.2312408342245402,19.545342308315025,4.954657691684975
2015-10-01,1923.8199462890625,22.55,0.19719386783378923,1.337197636367302,21.227354397427565,1.322645602572436
2015-10-02,1951.3599853515625,20.94,1.421379301640524,1.208033796732657,19.176942009094578,1.7630579909054234
2015-10-05,1987.050048828125,19.54,1.8124593518502152,1.2236681218013186,19.425129225382705,0.11487077461729456
2015-10-06,1979.9200439453125,19.4,-0.3594689344143198,1.3144779826980428,20.86669107653331,-1.466691076533312
2015-10-07,1995.8299560546875,18.4,0.8003519857552988,1.2005678451376476,19.05842370176953,-0.6584237017695322
2015-10-08,2013.4300537109373,17.42,0.877978014455838,1.1267573063408407,17.886717723017316,-0.4667177230173145
2015-10-09,2014.8900146484373,17.08,0.07248485605151345,1.073972580488861,17.048786177254954,0.031213822745044695
2015-10-12,2017.4599609375,16.17,0.1274664477333154,0.9773205704292467,15.514483083261439,0.6555169167385628
2015-10-13,2003.68994140625,17.67,-0.6848823690127404,0.8937411651750081,14.187701157085035,3.4822988429149664
2015-10-14,1994.239990234375,18.03,-0.47274309119389457,0.8785605443648491,13.94671627261752,4.083283727382481
2015-10-15,2023.8599853515625,16.05,1.4743551351354967,0.8391165166785555,13.320561744829444,2.7294382551705567
2015-10-16,2033.1099853515625,15.05,0.4560061373696911,0.9614305696931997,15.262237141580158,-0.21223714158015738
2015-10-19,2033.6600341796875,14.98,0.027050894387325997,0.8931560822165205,14.178413253058036,0.8015867469419646
2015-10-20,2030.77001953125,15.75,-0.14221010558941316,0.8211825081847511,13.035868185918686,2.7141318140813144
2015-10-21,2018.93994140625,16.7,-0.5842448911133502,0.7645021551706902,12.136095476127352,4.5639045238726474
2015-10-22,2052.510009765625,14.45,1.6490847012593512,0.7605851285251394,12.073914605829707,2.3760853941702926
2015-10-23,2075.14990234375,14.46,1.0969953969042656,0.9546447820290858,15.154516101926545,-0.6945161019265438
2015-10-26,2071.179931640625,15.29,-0.19149330010996835,0.9677106317947742,15.361930036813003,-0.07193003681300425
2015-10-27,2065.889892578125,15.43,-0.25573858650878023,0.8920563988000653,14.16095632001298,1.2690436799870195
2015-10-28,2090.35009765625,14.33,1.177048848814355,0.8312533527914456,13.195737887848825,1.1342621121511751
2015-10-29,2089.409912109375,14.61,-0.04498753806609912,0.8890682410967063,14.113520787045003,0.49647921295499664
2015-10-30,2079.360107421875,15.07,-0.4821481688424889,0.8189538314800002,13.000489040037483,2.0695109599625177
2015-11-02,2104.050048828125,14.15,1.1803876338814412,0.7911074565496764,12.55844154215568,1.5915584578443198
2015-11-03,2109.7900390625,14.54,0.27243529250675635,0.8603284049151766,13.657290031502619,0.8827099684973803
2015-11-04,2102.31005859375,15.51,-0.3551666939647369,0.7966356195291999,12.6461984088608,2.8638015911392003
2015-11-05,2099.929931640625,15.05,-0.11327897564985534,0.7591410057297643,12.050989867154495,2.9990101328455054
2015-11-06,2099.199951171875,14.33,-0.03476817800232013,0.7105952339147229,11.280349630596765,3.049650369403235
2015-11-09,2078.580078125,16.52,-0.9871290656502829,0.6667316862531097,10.584037398194823,5.935962601805176
2015-11-10,2081.719970703125,15.29,0.15094551534495793,0.7641200468135722,12.13002969400647,3.1599703059935287
2015-11-11,2075.0,16.06,-0.3233307321568901,0.711103214968244,11.288413579826862,4.771586420173136
2015-11-12,2045.969970703125,18.37,-1.408916333663246,0.6854841334779933,10.881723269180254,7.488276730819747
2015-11-13,2023.0400390625,20.08,-1.1270640432154977,0.8850761843286561,14.050148850477523,6.029851149522475
2015-11-16,2053.18994140625,18.16,1.4793302794234187,0.9511882178045533,15.09964484595353,3.0603551540464693
2015-11-17,2050.43994140625,18.84,-0.13402770182464607,1.0417869006112241,16.537854348852377,2.3021456511476224
2015-11-18,2083.580078125,16.85,1.6033229877171706,0.9533336960724812,15.133703257594915,1.7162967424050866
2015-11-19,2081.239990234375,16.99,-0.1123740328979217,1.0719019201399196,17.015915463257066,-0.025915463257067728
2015-11-20,2089.169921875,15.47,0.38029552801495115,0.9786321793231882,15.535304228965938,-0.06530422896593713
2015-11-23,2086.590087890625,15.62,-0.12356238416844079,0.9030805889191887,14.335959912779558,1.2840400872204416
2015-11-24,2089.139892578125,15.93,0.12212499449608671,0.8335528521648178,13.232241308740173,2.6977586912598266
2015-11-25,2088.8701171875,15.19,-0.012914061496704932,0.7699539618666783,12.22264022440884,2.9673597755911594
2015-11-27,2090.110107421875,15.12,0.05934415594808229,0.7164328862213452,11.373019488059477,3.7469805119405226
2015-11-30,2080.409912109375,16.13,-0.46518001396185227,0.6701001387885135,10.637509924465643,5.492490075534356
2015-12-01,2102.6298828125,14.67,1.0623938946739742,0.6689260610886583,10.618872018783541,4.0511279812164585
2015-12-02,2079.510009765625,15.91,-1.105659263944947,0.747072743544635,11.859412144163034,4.050587855836966
2015-12-03,2049.6201171875,18.11,-1.4477826444149855,0.8474257708328815,13.452467065266106,4.657532934733894
2015-12-04,2091.68994140625,14.81,2.0317856363851305,0.9995840377752376,15.867904670778435,-1.0579046707784343
2015-12-07,2077.070068359375,15.84,-0.7014043960397842,1.211867206737946,19.23779550637862,-3.397795506378621
2015-12-08,2063.590087890625,17.6,-0.651105262559426,1.1427100097043494,18.139959038051483,-0.5399590380514816
2015-12-09,2047.6199951171875,19.61,-0.7769086365692957,1.0790616612614177,17.129572830011586,2.4804271699884133
2015-12-10,2052.22998046875,19.34,0.2248856578594527,1.0420099540259413,16.54139521203893,2.7986047879610716
2015-12-11,2012.3699951171875,24.39,-1.9613867755815306,0.9514345749690035,15.103555644698536,9.286444355301464
2015-12-14,2021.93994140625,22.73,0.4744288064068236,1.2051082510329791,19.130500410871562,3.5994995891284383
2015-12-15,2043.4100341796875,20.95,1.0562580105914599,1.1034286265553752,17.516386412250508,3.433613587749491
2015-12-16,2073.070068359375,17.86,1.4410635650770942,1.0793733962260843,17.134521469160415,0.7254785308395846
2015-12-17,2041.8900146484373,18.94,-1.5154776635876388,1.1285050238713754,17.914461878704014,1.0255381212959875
2015-12-18,2005.550048828125,20.7,-1.7957495007106417,1.2138894828341673,19.269898144176096,1.430101855823903
2015-12-21,2021.1500244140625,18.7,0.7748306727155985,1.339266992733744,21.260204411345008,-2.5602044113450084
2015-12-22,2038.969970703125,16.6,0.8778095591568835,1.241815861733123,19.713215665687287,-3.113215665687285
2015-12-23,2064.2900390625,15.57,1.2341596527553733,1.1699850940170253,18.57293757852944,-3.0029375785294405
2015-12-24,2060.989990234375,15.74,-0.15999154038626173,1.1609934511169648,18.43019967258068,-2.6901996725806807
2015-12-28,2056.5,16.91,-0.21809364563063482,1.0575595315482176,16.788237102735305,0.12176289726469491
2015-12-29,2078.360107421875,16.08,1.057366417302319,0.9706518886758804,15.40862104230919,0.6713789576908091
2015-12-30,2063.360107421875,17.29,-0.7243398783778332,0.9734730584188853,15.453405723586936,1.836594276413063
2015-12-31,2043.93994140625,18.21,-0.9456485041468454,0.9486243243483402,15.058944299114296,3.1510557008857045
2016-01-04,2012.6600341796875,20.7,-1.5422041797806152,0.9641049700990098,15.304691931860058,5.395308068139942
2016-01-05,2016.7099609375,19.34,0.2010204139359928,1.1026389828739622,17.503851207418275,1.8361487925817244
2016-01-06,1990.260009765625,20.59,-1.3202163002625333,1.0034826474772889,15.929793181161621,4.660206818838379
2016-01-07,1943.0899658203125,24.99,-2.398581651934517,1.0795350542474138,17.137087710691674,7.852912289308325
2016-01-08,1922.030029296875,27.01,-1.089753744584776,1.4096211467295363,22.377041982384256,4.632958017615746
2016-01-11,1923.6700439453125,24.3,0.08529082958226297,1.357121349498258,21.543633538252575,2.756366461747426
2016-01-12,1938.6800537109373,22.47,0.7772514117774243,1.224525490469197,19.438739531045332,3.0312604689546667
2016-01-13,1890.280029296875,25.22,-2.528237507790898,1.1445775889073164,18.169605938800082,7.050394061199917
2016-01-14,1921.8399658203125,23.95,1.65580609343845,1.4870239082335501,23.605772728759842,0.3442272712401575
2016-01-15,1880.3299560546875,27.02,-2.1835772698162614,1.4852382060701907,23.57742558572057,3.442574414279431
2016-01-19,1881.3299560546875,26.05,0.05316801874286625,1.624822182434453,25.793252516536704,0.2567474834632968
2016-01-20,1859.3299560546875,27.59,-1.1762766025898763,1.4597185192048852,23.172313115829528,4.417686884170472
2016-01-21,1868.989990234375,26.69,0.5181988635948542,1.410806757671617,22.39586297261079,4.294137027389212
2016-01-22,1906.9000244140625,22.34,2.0080726882213185,1.2841834051438359,20.385779566840167,1.9542204331598327
2016-01-25,1877.0799560546875,24.15,-1.5761545172821023,1.402578309735147,22.265240411115137,1.8847595888848616
2016-01-26,1903.6300048828125,22.5,1.4045237830368151,1.4334925738326796,22.755989139715,-0.25598913971499826
2016-01-27,1882.949951171875,23.11,-1.092292230052827,1.4002832240738767,22.22880705573127,0.8811929442687294
2016-01-28,1893.3599853515625,22.42,0.5513350717590626,1.349822241649495,21.427763793289778,0.9922362067102242
2016-01-29,1940.239990234375,20.2,2.445865099455702,1.2333037473860833,19.578090039525616,0.6219099604743832
2016-02-01,1939.3800048828125,19.98,-0.044333484554215374,1.4762434437920395,23.43463816117977,-3.454638161179769
2016-02-02,1903.030029296875,21.98,-1.8920968718231457,1.3299861294609816,21.112875274314675,0.8671247256853256
2016-02-03,1912.530029296875,21.65,0.49796200215741493,1.445298240230484,22.94339828381489,-1.2933982838148914
2016-02-04,1915.449951171875,21.84,0.15255682925232605,1.313060495214448,20.84418916032448,0.9958108396755208
2016-02-05,1880.050048828125,23.38,-1.865415827635175,1.1863108615459077,18.832101103591498,4.547898896408501
2016-02-08,1853.43994140625,26.0,-1.4255057923056924,1.3362685354890294,21.21260537822676,4.787394621773242
2016-02-09,1852.2099609375,26.54,-0.06638406467605051,1.353517428961855,21.486423073347613,5.0535769266523864
2016-02-10,1851.8599853515625,26.29,-0.01889681307609692,1.222800137135105,19.41135039597099,6.8786496040290075
2016-02-11,1829.0799560546875,28.14,-1.2377447329256164,1.107712316859415,17.584387887679156,10.555612112320844
2016-02-12,1864.780029296875,25.4,1.9330015207046358,1.1410901517066319,18.114244589524283,7.285755410475716
2016-02-16,1895.5799560546875,24.11,1.638173774168461,1.282767652302786,20.363305187228057,3.746694812771942
2016-02-17,1926.8199462890625,22.31,1.6346110625641508,1.3226364285146535,20.996202388826593,1.3137976111734062
2016-02-18,1917.8299560546875,21.64,-0.4676632123934432,1.3526471974352896,21.47260857613357,0.16739142386643024
2016-02-19,1917.780029296875,20.53,-0.002603328180228459,1.2408095674803874,19.697241239656336,0.8327587603436655
2016-02-22,1945.5,19.38,1.4350731099076697,1.1232203175020228,17.830569765872177,1.549430234127822
2016-02-23,1921.27001953125,20.98,-1.2532577570788739,1.1606793677770957,18.425213754131228,2.5547862458687725
2016-02-24,1929.800048828125,20.72,0.4429960034632252,1.1848786539317462,18.80936551255419,1.910634487445808
2016-02-25,1951.699951171875,19.11,1.1284366730450301,1.0841332597532984,17.210081960166107,1.8999180398338922
2016-02-26,1948.050048828125,19.81,-0.1871865329564848,1.0751959384327616,17.068206382558813,2.7417936174411857
2016-02-29,1932.22998046875,20.55,-0.8154131091571593,0.9843830191646411,15.626595981267416,4.923404018732585
2016-03-01,1978.3499755859373,17.7,2.3588385401619227,0.9708394336962781,15.411598227210796,2.2884017727892036
2016-03-02,1986.449951171875,17.09,0.40859498611016676,1.2862644735267637,20.41881550325544,-3.3288155032554414
2016-03-03,1993.4000244140625,16.7,0.34926343203167676,1.170245814262148,18.577076384111564,-1.8770763841115645
2016-03-04,1999.989990234375,16.86,0.3300439865942195,1.0668565521103788,16.9358227287833,-0.07582272878330087
2016-03-07,2001.760009765625,17.35,0.08846228008634327,0.9765361256380024,15.502030408252084,1.8479695917479173
2016-03-08,1979.260009765625,18.67,-1.1303756056006087,0.892850319168908,14.17355941515346,4.4964405848465425
2016-03-09,1989.260009765625,18.34,0.5039672782814364,0.957611939249816,15.201618262567836,3.138381737432164
2016-03-10,1989.5699462890625,18.05,0.015579279712252259,0.8935015175808416,14.18389686946628,3.8661031305337215
2016-03-11,2022.18994140625,16.5,1.6262545588850763,0.8216132075887691,13.042705326995817,3.457294673004183
2016-03-14,2019.6400146484373,16.92,-0.1261768616611647,0.987846148931439,15.68157146199277,1.2384285380072324
2016-03-15,2015.9300537109373,16.84,-0.18386309343174645,0.9064932193857433,14.390133741965952,2.4498662580340476
2016-03-16,2027.219970703125,14.99,0.558472788177955,0.8392639339260706,13.322901921084764,1.6670980789152363
2016-03-17,2040.5899658203125,14.44,0.6573583068596456,0.7990046177821616,12.683805090262897,1.7561949097371023
2016-03-18,2049.580078125,14.02,0.43959672510256453,0.7769748653566403,12.33409361208939,1.6859063879106095
2016-03-21,2051.60009765625,13.79,0.09850919042930784,0.7363125172400613,11.688598847046967,2.1014011529530325
2016-03-22,2049.800048828125,14.17,-0.08777728967723775,0.6869299371692074,10.904674691249683,3.2653253087503167
2016-03-23,2036.7099609375,14.94,-0.640650953066757,0.6487315385349343,10.298293911646509,4.641706088353491
2016-03-24,2035.93994140625,14.74,-0.03781417793762287,0.6797853856768602,10.791258452382609,3.9487415476173915
2016-03-28,2037.050048828125,15.24,0.05451068880724108,0.6409174264444752,10.174248727797682,5.065751272202318
2016-03-29,2055.010009765625,13.82,0.8778012054237117,0.6066456734727073,9.63020151565246,4.1897984843475395
2016-03-30,2063.949951171875,13.56,0.4340879993566027,0.6636857449893737,10.53568457964309,3.02431542035691
2016-03-31,2059.739990234375,13.95,-0.20418423596204605,0.6422174158954261,10.194885420563024,3.7551145794369756
2016-04-01,2072.780029296875,13.1,0.6310959066599509,0.6185275228549432,9.818820027137997,3.2811799728620024
2016-04-04,2066.1298828125,14.12,-0.3213480045854311,0.6296413784546543,9.995247015281507,4.1247529847184925
2016-04-05,2045.1700439453125,15.42,-1.019629841179448,0.619080436244248,9.827597255085948,5.592402744914052
2016-04-06,2066.659912109375,14.09,1.0452797932012814,0.7396953936787183,11.742300345683445,2.347699654316555
2016-04-07,2041.9100341796875,16.16,-1.204807397000529,0.7945961559294011,12.613822927902582,3.546177072097418
2016-04-08,2047.5999755859373,15.36,0.27827026046169934,0.9037852702526358,14.34714638215066,1.0128536178493395
2016-04-11,2041.989990234375,16.26,-0.27435458896043485,0.8340443628453416,13.240043798904562,3.0199562010954395
2016-04-12,2061.719970703125,14.85,0.9615753881390354,0.7835402461586152,12.43831580127617,2.4116841987238296
2016-04-13,2082.419921875,13.84,0.9990069768557319,0.8114211374288373,12.880911229067205,0.9590887709327944
2016-04-14,2082.780029296875,13.72,0.01729124301323992,0.8395301132880048,13.327127387459658,0.39287261254034256
2016-04-15,2080.72998046875,13.62,-0.09847695761457942,0.7752758439622319,12.307122483598693,1.312877516401306
2016-04-18,2094.340087890625,13.35,0.6519725613798322,0.7236100674930037,11.486953708614909,1.863046291385091
2016-04-19,2100.800048828125,13.24,0.30797379028664196,0.7154602674207565,11.357579643258536,1.8824203567414646
2016-04-20,2102.39990234375,13.28,0.07612550492348547,0.6757391865750606,10.72702703291212,2.5529729670878787
2016-04-21,2091.47998046875,13.95,-0.5207562857292736,0.6357481946234603,10.0921897165918,3.857810283408199
2016-04-22,2091.580078125,13.22,0.004785857954114903,0.6500599372111658,10.319381586882045,2.9006184131179555
2016-04-25,2087.7900390625,14.08,-0.18136896207625597,0.6149514518720505,9.762051660189307,4.317948339810693
2016-04-26,2091.699951171875,13.96,0.1871000174236137,0.5944810304309555,9.437093793994375,4.522906206005626
2016-04-27,2095.14990234375,13.77,0.16479941117468755,0.5696619231293568,9.043102679898432,4.726897320101568
2016-04-28,2075.81005859375,15.22,-0.9273636061561064,0.5485854575491581,8.70852416124992,6.51147583875008
2016-04-29,2065.300048828125,15.7,-0.5075949230557875,0.6706062972976209,10.645544941700107,5.054455058299892
2016-05-02,2081.429931640625,14.68,0.7779606697244645,0.6752667961472757,10.719528067350243,3.9604719326497566
2016-05-03,2063.3701171875,15.6,-0.8714499388395858,0.6965027353282273,11.056638150928386,4.543361849071614
2016-05-04,2051.1201171875,16.05,-0.5954582705473221,0.7596831608806884,12.059596313362643,3.9904036866373573
2016-05-05,2050.6298828125,15.91,-0.02390366927933485,0.7584060937800339,12.039323501627397,3.870676498372603
2016-05-06,2057.139892578125,14.72,0.316961055355236,0.7068776728689757,11.221335178532277,3.498664821467724
2016-05-09,2058.68994140625,14.57,0.07532133076093572,0.6690819068398532,10.621345993386829,3.9486540066131717
2016-05-10,2084.389892578125,13.63,1.240636523603733,0.6301565741973028,10.003425494150909,3.626574505849092
2016-05-11,2064.4599609375,14.69,-0.9607522877868035,0.7628905683149035,12.1105123279078,2.579487672092199
2016-05-12,2064.110107421875,14.41,-0.016947926796451185,0.8266378199534613,13.122468575504673,1.2875314244953273
2016-05-13,2046.6099853515625,15.04,-0.8514434161752682,0.7648291730858802,12.141286724594485,2.8987132754055143
2016-05-16,2066.659912109375,14.68,0.9748976389612807,0.8061039346556129,12.796503251816478,1.8834967481835214
2016-05-17,2047.2099609375,15.57,-0.9455863552163102,0.8310923630127282,13.193182254340165,2.376817745659835
2016-05-18,2047.6300048828125,15.95,0.020515768640194665,0.8741154042472739,13.876151860853877,2.073848139146122
2016-05-19,2040.0400390625,16.33,-0.3713594522721131,0.8048927644801465,12.777276521338502,3.5527234786614965
2016-05-20,2052.320068359375,15.2,0.6001459222805039,0.7675522484646518,12.184514206115562,3.0154857938844373
2016-05-23,2048.0400390625,15.82,-0.20876365681017361,0.744476289721274,11.818194717519377,4.001805282480623
2016-05-24,2076.06005859375,14.42,1.3588637533989534,0.7036605105083649,11.170264309331314,3.249735690668686
2016-05-25,2090.5400390625,13.9,0.6950529651583714,0.8412031599165825,13.353686179325848,0.5463138206741522
2016-05-26,2090.10009765625,13.43,-0.02104660499284705,0.816041243468695,12.954253138740471,0.4757468612595286
2016-05-27,2099.06005859375,13.12,0.42776949394394137,0.7558658124310274,11.998997785369756,1.1210022146302432
2016-05-31,2096.949951171875,14.19,-0.10057686205895422,0.717754842836383,11.394004898743917,2.795995101256082
2016-06-01,2099.330078125,14.2,0.11343986539262829,0.6751503855045513,10.717680105686583,3.4823198943134166
2016-06-02,2105.260009765625,13.63,0.2820696166986103,0.6354102001238383,10.086824220248754,3.5431757797512464
2016-06-03,2099.1298828125,13.47,-0.29160622366948274,0.6076591668087808,9.646290223588492,3.8237097764115084
2016-06-06,2109.409912109375,13.65,0.4885328519363519,0.5982778995255761,9.497367222304574,4.152632777695427
2016-06-07,2112.1298828125,14.05,0.12886156291971318,0.5950751056926186,9.446524446408873,4.603475553591128
2016-06-08,2119.1201171875,14.08,0.3304101971955298,0.5688023624784462,9.029457577583914,5.050542422416086
2016-06-09,2115.47998046875,14.64,-0.17192355978936646,0.5563176937878351,8.831269606245566,5.808730393754434
2016-06-10,2096.070068359375,17.03,-0.9217532410166207,0.5461684394043208,8.6701551876965,8.359844812303502
2016-06-13,2079.06005859375,20.97,-0.8148298789709685,0.6676413901451532,10.59847849978515,10.371521500214849
2016-06-14,2075.320068359375,20.5,-0.18005050719720472,0.7270455506713951,11.541490313355125,8.958509686644875
2016-06-15,2071.5,20.14,-0.18424090638102797,0.687199318740322,10.908950991119404,9.231049008880596
2016-06-16,2077.989990234375,19.37,0.3128093111046226,0.6542536151109519,10.385954159691295,8.984045840308706
2016-06-17,2071.219970703125,19.41,-0.3263284144609635,0.6250643820932908,9.922589450538615,9.487410549461385
2016-06-20,2083.25,18.37,0.5791382778423504,0.6159445305512966,9.777816295494942,8.592183704505059
2016-06-21,2088.89990234375,18.48,0.2708390604209576,0.6203343698719302,9.847502834322517,8.632497165677483
2016-06-22,2085.449951171875,21.17,-0.16529289965756533,0.5945925527575595,9.43886415604533,11.731135843954672
2016-06-23,2113.320068359375,17.25,1.3275567071954875,0.5767025167751272,9.154868639112252,8.095131360887748
2016-06-24,2037.4100341796875,25.76,-3.6580792805582796,0.7522622019923516,11.941792243113602,13.8182077568864
2016-06-27,2000.5400390625,23.85,-1.8262246511702607,1.6783531002432837,26.643029492387928,-2.7930294923879266
2016-06-28,2036.0899658203125,18.75,1.7614121604087707,1.6955949203515632,26.91673490132765,-8.16673490132765
2016-06-29,2070.77001953125,16.64,1.6889242971254603,1.6697809242148929,26.50695041659318,-9.86695041659318
2016-06-30,2098.860107421875,15.63,1.347386314946597,1.6369821787625272,25.98628647390196,-10.356286473901958
2016-07-01,2102.949951171875,14.77,0.19467062930313972,1.5588945879704805,24.746684399606362,-9.976684399606363
2016-07-05,2088.550048828125,15.58,-0.6871028985598215,1.4024756461434218,22.263610677120703,-6.6836106771207024
2016-07-06,2099.72998046875,14.96,0.5338687058276115,1.3023575069772124,20.67428448935863,-5.714284489358629
2016-07-07,2097.89990234375,14.76,-0.08719578867335542,1.1911330411592418,18.908650831796503,-4.148650831796504
2016-07-08,2129.89990234375,13.2,1.5138186565992306,1.0814715760264504,17.167829040906422,-3.967829040906423
2016-07-11,2137.159912109375,13.54,0.3402819311999039,1.144995282892481,18.17623662525332,-4.636236625253321
2016-07-12,2152.139892578125,13.55,0.6984842307344863,1.0445860534227414,16.582289522178026,-3.0322895221780257
2016-07-13,2152.429931640625,13.04,0.01347586749824714,0.9848368187298561,15.633799826035185,-2.5937998260351858
2016-07-14,2163.75,12.82,0.5245422801696265,0.900416281628166,14.293665345729744,-1.473665345729744
2016-07-15,2161.739990234375,12.67,-0.0929379059870783,0.8469349920518525,13.444676193646005,-0.7746761936460054
2016-07-18,2166.889892578125,12.44,0.23794618218691,0.7843524304591247,12.451208827343565,-0.011208827343565986
2016-07-19,2163.780029296875,11.97,-0.14362045004157054,0.7306123443957938,11.598111408390874,0.37188859160912635
2016-07-20,2173.02001953125,11.77,0.42612083157642644,0.6880652481167966,10.922697193817985,0.8473028061820145
2016-07-21,2165.169921875,12.74,-0.3619069856525492,0.6614899746046334,10.50082780539775,2.2391721946022507
2016-07-22,2175.030029296875,12.02,0.4543626789510036,0.6491970176819268,10.305683164027082,1.7143168359729177
2016-07-25,2168.47998046875,12.87,-0.30160187399292937,0.6323534121303446,10.03829921520016,2.831700784799839
2016-07-26,2169.179931640625,13.05,0.0322732160719319,0.6191926660494877,9.82937884801207,3.220621151987931
2016-07-27,2166.580078125,12.83,-0.11992609468087778,0.5887565826949076,9.34622100337776,3.48377899662224
2016-07-28,2170.06005859375,12.72,0.16049204480923507,0.5690158413627839,9.03284644981264,3.687153550187361
2016-07-29,2173.60009765625,11.87,0.16299801176575812,0.5479451447812824,8.69835951117933,3.1716404888206693
2016-08-01,2170.840087890625,12.44,-0.12705941474910887,0.5307572658680045,8.425510392163984,4.0144896078360155
2016-08-02,2157.030029296875,13.37,-0.6381940812667075,0.5224144991517924,8.293073076300038,5.076926923699961
2016-08-03,2163.7900390625,12.86,0.3129042716071062,0.5869781587327335,9.317989398200455,3.5420106017995447
2016-08-04,2164.25,12.42,0.021254929948888446,0.569810130345139,9.045455396511223,3.3745446034887774
2016-08-05,2182.8701171875,11.39,0.8566697289380087,0.5480846623421104,8.700574283796193,2.6894257162038073
2016-08-08,2180.889892578125,11.5,-0.09075772915414504,0.6176216719270576,9.804440089457504,1.6955599105424959
2016-08-09,2181.739990234375,11.66,0.038971798655573764,0.5912062417211579,9.385108134859937,2.274891865140063
2016-08-10,2175.489990234375,12.05,-0.2868797063488415,0.5654664861583442,8.976502182699157,3.0734978173008436
2016-08-11,2185.7900390625,11.68,0.47234151024442284,0.5641081492614822,8.954939252944719,2.725060747055281
2016-08-12,2184.050048828125,11.55,-0.07963633869145781,0.5661633258961051,8.987564170597855,2.562435829402146
2016-08-15,2190.14990234375,11.81,0.27890162945221064,0.5484064343201709,8.705682255593096,3.104317744406904
2016-08-16,2178.14990234375,12.64,-0.5494142216478259,0.5362783740643888,8.513155267658663,4.126844732341338
2016-08-17,2182.219970703125,12.19,0.1866846006155498,0.579874990538478,9.205230098824472,2.984769901175527
2016-08-18,2187.02001953125,11.43,0.21972016963829333,0.5576169149487348,8.851894102784444,2.578105897215556
2016-08-19,2183.8701171875,11.34,-0.1441309568768645,0.5406352676290829,8.582318808824411,2.757681191175589
2016-08-22,2182.639892578125,12.27,-0.056348188332311366,0.5315115818031142,8.437484786409623,3.8325152135903764
2016-08-23,2186.89990234375,12.38,0.19498671783617638,0.5191671952714731,8.241523725307358,4.138476274692643
2016-08-24,2175.43994140625,13.45,-0.5254055259671375,0.5084180814428493,8.070886833278173,5.379113166721826
2016-08-25,2172.469970703125,13.63,-0.13661603966461655,0.5552580762644321,8.814448699534942,4.815551300465058
2016-08-26,2169.0400390625,13.65,-0.15800642387127084,0.5427958641893845,8.61661721591701,5.03338278408299
2016-08-29,2180.3798828125,12.94,0.5214428428674367,0.5342452891210265,8.480881044732223,4.459118955267776
2016-08-30,2176.1201171875,13.12,-0.19555914071229807,0.5490407709597738,8.71575203756841,4.4042479624315884
2016-08-31,2170.949951171875,13.42,-0.2378691105562325,0.5422239404950723,8.607538208732677,4.812461791267323
2016-09-01,2170.860107421875,13.48,-0.004138538941145242,0.5406383355462233,8.582367510499191,4.897632489500809
2016-09-02,2179.97998046875,11.98,0.41922415990347517,0.5247628219259858,8.330351544651787,3.6496484553482134
2016-09-06,2186.47998046875,12.02,0.2977242370004518,0.5293097916473671,8.402532451262081,3.6174675487379186
2016-09-07,2186.159912109375,11.94,-0.014639593829279818,0.5221445719160389,8.288788114272716,3.6512118857272835
2016-09-08,2181.300048828125,12.51,-0.22254881924705927,0.5100419196713654,8.096664466010493,4.413335533989507
2016-09-09,2127.81005859375,17.5,-2.4827742410836073,0.5137465017494193,8.155472883350239,9.344527116649761
2016-09-12,2159.0400390625,15.16,1.4570387233434623,1.1596965621049378,18.409612197757426,-3.2496121977574255
2016-09-13,2127.02001953125,17.85,-1.4941748278211264,1.1929078274464333,18.93682469067368,-1.08682469067368
2016-09-14,2125.77001953125,18.14,-0.05878493998130452,1.2571817497114464,19.957141575273212,-1.8171415752732116
2016-09-15,2147.260009765625,16.3,1.0058516449440447,1.1384249866549503,18.071936405946143,-1.7719364059461427
2016-09-16,2139.159912109375,15.37,-0.37794277955720545,1.100495903022014,17.469830869450227,-2.099830869450228
2016-09-19,2139.1201171875,15.53,-0.0018603233825409404,1.017595102673216,16.15382146218341,-0.6238214621834093
2016-09-20,2139.760009765625,15.92,0.02990934842346249,0.928973087030183,14.746990577722961,1.1730094222770386
2016-09-21,2163.1201171875,13.3,1.0858000333636042,0.851996647753925,13.5250274869055,-0.22502748690549979
2016-09-22,2177.179931640625,12.02,0.6478751917641468,0.8865930959319426,14.07422907565651,-2.05422907565651
2016-09-23,2164.68994140625,12.29,-0.5753292959718159,0.8477139822175204,13.457042279158738,-1.1670422791587391
2016-09-26,2146.10009765625,14.5,-0.8624850117916694,0.8262045763455973,13.115591046443573,1.3844089535564272
2016-09-27,2159.929931640625,13.1,0.6423495165297943,0.8546700123906724,13.567465834861268,-0.4674658348612688
2016-09-28,2171.3701171875,12.39,0.5282576603643285,0.8207450784957759,13.028924204880058,-0.6389242048800572
2016-09-29,2151.1298828125,14.02,-0.9365127730081468,0.7806554026877446,12.392520330904537,1.6274796690954627
2016-09-30,2168.27001953125,13.29,0.7936392588027807,0.8346946075368922,13.250366113375659,0.03963388662434042
2016-10-03,2161.199951171875,13.57,-0.32660231815277996,0.8241125237966868,13.082380741798996,0.48761925820100416
2016-10-04,2150.489990234375,13.63,-0.4967881786361872,0.7794324164839165,12.373106026791385,1.2568939732086157
2016-10-05,2159.72998046875,12.99,0.4287486231197235,0.7607049470207191,12.075816665480327,0.9141833345196737
2016-10-06,2160.77001953125,12.84,0.04814438526041798,0.7218650161316676,11.459251877052129,1.380748122947871
2016-10-07,2153.739990234375,13.48,-0.32587874416138973,0.6747632844051162,10.711535066238513,2.7684649337614875
2016-10-10,2163.659912109375,13.38,0.45953303173247306,0.6560549144265351,10.414548899846238,2.9654511001537625
2016-10-11,2136.72998046875,15.36,-1.2524577697756278,0.6384358876720121,10.13485552103347,5.225144478966529
2016-10-12,2139.179931640625,15.91,0.114593220639847,0.812793430395639,12.902695704563689,3.0073042954363114
2016-10-13,2132.550048828125,16.69,-0.3104076412233425,0.7521335249003233,11.939749557603973,4.750250442396029
2016-10-14,2132.97998046875,16.12,0.0201584159120749,0.7180933261047763,11.399378154050668,4.720621845949333
2016-10-17,2126.5,16.21,-0.3042618111839701,0.6718830728006883,10.66581312446716,5.544186875532841
2016-10-18,2139.60009765625,15.28,0.614150560569815,0.651540194739096,10.34287994665345,4.937120053346549
2016-10-19,2144.2900390625,14.41,0.21895721553502057,0.6530937945167641,10.367542578545262,4.042457421454738
2016-10-20,2141.340087890625,13.75,-0.13766711313802915,0.6193988030206009,9.832651170981558,3.917348829018442
2016-10-21,2141.159912109375,13.34,-0.00841451401552007,0.5952134565644385,9.448720698411899,3.891279301588101
2016-10-24,2151.330078125,13.02,0.4738594647427874,0.569661128245526,9.043090061508805,3.976909938491195
2016-10-25,2143.159912109375,13.46,-0.38049574647063267,0.5707176371699952,9.059861620741202,4.400138379258799
2016-10-26,2139.429931640625,14.24,-0.17419279211878802,0.5794828119380525,9.199004456546989,5.040995543453011
2016-10-27,2133.0400390625,15.36,-0.29911959060084925,0.5650620868932597,8.970082543384413,6.389917456615587
2016-10-28,2126.409912109375,16.19,-0.3113140139625159,0.5651305651413588,8.971169601872539,7.218830398127462
2016-10-31,2126.14990234375,17.06,-0.012228388419810443,0.5665631659759547,8.993911435090725,8.066088564909274
2016-11-01,2111.719970703125,18.56,-0.6810019108735688,0.5461752608639161,8.670263475010506,9.889736524989493
2016-11-02,2097.93994140625,19.32,-0.654688445345375,0.6124960421272014,9.723073238879495,9.596926761120505
2016-11-03,2088.659912109375,22.08,-0.4433213022609017,0.6552621475684576,10.401964116121476,11.678035883878522
2016-11-04,2085.179931640625,22.51,-0.166752027169359,0.6542400004526295,10.385738033690657,12.124261966309344
2016-11-07,2131.52001953125,18.71,2.1980199729465077,0.6257842061097711,9.934016302550646,8.775983697449355
2016-11-08,2139.56005859375,18.74,0.3764878397158,1.0492767019350746,16.65675125888552,2.0832487411144776
2016-11-09,2163.260009765625,14.38,1.1016119879656117,0.9635635084907567,15.296096495300498,-0.9160964953004971
2016-11-10,2167.47998046875,14.74,0.19488457160949935,0.9754800965566933,15.485266466293709,-0.7452664662937085
2016-11-11,2164.449951171875,14.17,-0.13989283477977565,0.8931868748638611,14.17890207118047,-0.008902071180470372
2016-11-14,2164.199951171875,14.48,-0.011550945718319383,0.8257741605149228,13.108758406953713,1.3712415930462871
2016-11-15,2180.389892578125,13.37,0.7452955022089647,0.7639816518740561,12.127832742450455,1.2421672575495446
2016-11-16,2176.93994140625,13.72,-0.15835165223760939,0.7606880079532228,12.075547766120106,1.6444522338798944
2016-11-17,2187.1201171875,13.35,0.4665469361198049,0.7141617525532838,11.33696635878022,2.0130336412197796
2016-11-18,2181.89990234375,12.85,-0.2389651365549028,0.6866260898497417,10.899851264586646,1.9501487354133538
2016-11-21,2198.179931640625,12.42,0.7433702070874126,0.6578139707189843,10.442473052798142,1.9775269472018575
2016-11-22,2202.93994140625,12.41,0.2163091103593473,0.6773919627767865,10.753264041727796,1.656735958272204
2016-11-23,2204.719970703125,12.43,0.08076981569082875,0.6396055732840691,10.15342370448327,2.2765762955167297
2016-11-25,2213.35009765625,12.34,0.39067456134240786,0.605469606596347,9.611532032772281,2.7284679672277186
2016-11-28,2201.719970703125,13.15,-0.5268389254735162,0.590926512939952,9.38066757812223,3.7693324218777704
2016-11-29,2204.659912109375,12.9,0.13344023532617655,0.6167037885525637,9.789869142608673,3.1101308573913276
2016-11-30,2198.81005859375,13.33,-0.2656930555156478,0.5868052500707874,9.315244558286226,4.014755441713774
2016-12-01,2191.080078125,14.07,-0.3521722966763896,0.5789250579705089,9.190150386801708,4.879849613198292
2016-12-02,2191.949951171875,14.12,0.03969277200850385,0.5822895000343716,9.243559248810502,4.876440751189497
2016-12-05,2204.7099609375,12.14,0.5804426926743211,0.5580939792447449,8.85946726370423,3.28053273629577
2016-12-06,2212.22998046875,11.79,0.3405084468874442,0.5756102872872187,9.137530033514548,2.6524699664854516
2016-12-07,2241.35009765625,12.22,1.307735874472371,0.5625955161829528,8.930926947240645,3.289073052759356
2016-12-08,2246.18994140625,12.64,0.21570150168708224,0.7382466345001755,11.719302006707165,0.9206979932928352
2016-12-09,2259.530029296875,11.75,0.5921418532969902,0.6907874669742966,10.965911078485398,0.7840889215146021
2016-12-12,2256.9599609375,12.64,-0.11380822905993071,0.6814277794008398,10.817330644473627,1.822669355526374
2016-12-13,2271.719970703125,12.72,0.6518483201237046,0.645334406335445,10.244366109822558,2.475633890177443
2016-12-14,2253.280029296875,13.19,-0.8150295461859081,0.653551199071876,10.374803650753508,2.8151963492464915
2016-12-15,2262.030029296875,12.79,0.3875707687553742,0.7168923247189202,11.380312848103353,1.4096871518966463
2016-12-16,2258.070068359375,12.2,-0.17521567509799496,0.6821876397860818,10.829393054136508,1.370606945863491
2016-12-19,2262.530029296875,11.71,0.19731727152114686,0.6494950443450722,10.310414190635576,1.3995858093644244
2016-12-20,2270.760009765625,11.45,0.36309124011522087,0.6156421876998791,9.773016751521768,1.6769832484782317
2016-12-21,2265.179931640625,11.27,-0.24603857246772165,0.596889036750617,9.475319709258153,1.7946802907418462
2016-12-22,2260.9599609375,11.43,-0.1864711222396842,0.5851505561660763,9.288977106879424,2.141022893120576
2016-12-23,2263.7900390625,11.44,0.125093253507913,0.5705913932169907,9.057857560116148,2.382142439883852
2016-12-27,2268.8798828125,11.99,0.22458489045487084,0.548551111067628,8.707978927758688,3.282021072241312
2016-12-28,2249.919921875,12.95,-0.8391640709771053,0.5334690841024882,8.468559172059507,4.481440827940492
2016-12-29,2249.260009765625,13.37,-0.029334773186828755,0.6391466787934732,10.146138980282464,3.2238610197175355
2016-12-30,2238.830078125,14.04,-0.46478346968550355,0.6066918627058431,9.630934746997218,4.409065253002781
2017-01-03,2257.830078125,12.85,0.8450766753157701,0.619171652789454,9.829045272850363,3.020954727149636
2017-01-04,2270.75,11.85,0.5705963770549438,0.6663978862371405,10.578738487215519,1.2712615127844806
2017-01-05,2269.0,11.67,-0.07709676024818535,0.6592129185226608,10.46468066071227,1.2053193392877297
2017-01-06,2276.97998046875,11.32,0.35107891805798985,0.625120862382673,9.923486047336707,1.3965139526632928
2017-01-09,2268.89990234375,11.56,-0.35549054715602324,0.6037069871436022,9.583551316404236,1.9764486835957644
2017-01-10,2268.89990234375,11.49,0.0,0.6022573426640909,9.56053892371077,1.9294610762892308
2017-01-11,2275.320068359375,11.26,0.2825642389102434,0.5752833115052871,9.132339453892156,2.127660546107844
2017-01-12,2270.43994140625,11.54,-0.21471123937297776,0.5583206716101946,8.863065893442812,2.676934106557187
2017-01-13,2274.639892578125,11.23,0.18481313951461686,0.5513111893278668,8.751793811812695,2.478206188187306
2017-01-17,2267.889892578125,11.87,-0.29719144562179167,0.53415419897007,8.479435033414314,3.3905649665856856
2017-01-18,2271.889892578125,12.48,0.17622004698090166,0.5406161881753209,8.58201593188558,3.89798406811442
2017-01-19,2263.68994140625,12.78,-0.36158376243191626,0.5251619683721275,8.336687798050905,4.4433122019490945
2017-01-20,2271.31005859375,11.54,0.33605840613004645,0.5417473235910744,8.599972149940909,2.9400278500590904
2017-01-23,2265.199951171875,11.77,-0.2693749646070387,0.5349860729801817,8.492640623931676,3.2773593760683237
2017-01-24,2280.070068359375,11.07,0.6543140528962432,0.5381577529183201,8.542989482059317,2.527010517940683
2017-01-25,2298.3701171875,10.81,0.7994052795968543,0.5721039205316185,9.081868186870333,1.728131813129668
2017-01-26,2296.679931640625,10.63,-0.07356549352630637,0.6232461738102595,9.893726288846903,0.7362737111530979
2017-01-27,2294.68994140625,10.58,-0.08668394897410892,0.5950813172092129,9.44662305117791,1.1333769488220895
2017-01-30,2280.89990234375,11.88,-0.6027673496096675,0.5724361496135373,9.087142160044694,2.792857839955307
2017-01-31,2278.8701171875,11.99,-0.08903016080328285,0.6161128481073794,9.780488253863028,2.2095117461369718
2017-02-01,2279.550048828125,11.81,0.02983189881167192,0.5898777979997344,9.364019744554147,2.4459802554458534
2017-02-02,2280.85009765625,11.93,0.05701468386902775,0.5644880425107353,8.960969871318373,2.969030128681627
2017-02-03,2297.419921875,10.97,0.7238496854554022,0.5432782702972243,8.624275175470705,2.345724824529295
2017-02-06,2292.56005859375,11.37,-0.21175975137088798,0.5880662046354617,9.335261591442304,2.034738408557695
2017-02-07,2293.080078125,11.29,0.022680346384529315,0.5749961997454618,9.127781696002277,2.1622183039977223
2017-02-08,2294.669921875,11.45,0.06930821486097472,0.5523263683038591,8.767909278452874,2.682090721547125
2017-02-09,2307.8701171875,10.88,0.5736063735960251,0.5332424283958863,8.464961124262095,2.415038875737906
2017-02-10,2316.10009765625,10.85,0.3559706822009012,0.5556497096026061,8.820665686042524,2.0293343139574755
2017-02-13,2328.25,11.07,0.5232133584011756,0.547765408619939,8.69550628807221,2.3744937119277907
2017-02-14,2337.580078125,10.74,0.39993271956726417,0.5597096855438194,8.88511580605866,1.8548841939413396
2017-02-15,2349.25,11.97,0.49798886657344,0.5549866301607678,8.810139626227024,3.159860373772977
2017-02-16,2347.219970703125,11.76,-0.08644916015505544,0.5620873772405455,8.922860491602183,2.837139508397817
2017-02-17,2351.159912109375,11.49,0.16771493272376148,0.5454177898961442,8.65823899617405,2.8317610038259495
2017-02-21,2365.3798828125,11.57,0.6029850020069283,0.528823554891321,8.394813682053302,3.1751863179466984
2017-02-22,2362.820068359375,11.74,-0.10827861468039046,0.5567973566951137,8.838884018840373,2.901115981159627
2017-02-23,2363.81005859375,11.71,0.041889897125901854,0.5422925806542285,8.608627837479151,3.1013721625208497
2017-02-24,2367.340087890625,11.47,0.1492250232031367,0.5252373683229934,8.337884735164051,3.1321152648359494
2017-02-27,2369.75,12.09,0.10174652677337193,0.5119360856067996,8.126733418052787,3.963266581947213
2017-02-28,2363.639892578125,12.92,-0.2581706115194926,0.5004304022026946,7.944086356346158,4.975913643653842
2017-03-01,2395.9599609375,12.54,1.3581211083725009,0.5099443226081789,8.095115160663203,4.444884839336796
2017-03-02,2381.919921875,11.81,-0.5877116972104801,0.722087217204014,11.462779209723012,0.3472207902769888
2017-03-03,2383.1201171875,10.96,0.05037503685345612,0.7275983163068744,11.55026519578381,-0.5902651957838092
2017-03-06,2375.31005859375,11.24,-0.32826227635656124,0.6795989156879387,10.788298333076629,0.45170166692337155
2017-03-07,2368.389892578125,11.45,-0.2917625902089327,0.6602340281190913,10.48089027303325,0.9691097269667495
2017-03-08,2362.97998046875,11.86,-0.22868279640642086,0.6408315959689022,10.172886211238021,1.6871137887619785
2017-03-09,2364.8701171875,12.3,0.07995756127661124,0.6193381910443456,9.831688985687697,2.468311014312304
2017-03-10,2372.60009765625,11.66,0.326333970585857,0.5885721615415939,9.343293408328753,2.316706591671247
2017-03-13,2373.469970703125,11.35,0.03665656191698119,0.5720516200461075,9.081037942401673,2.2689620575983263
2017-03-14,2365.449951171875,12.3,-0.3384748980891139,0.5496954692743539,8.726145051113322,3.5738549488866784
2017-03-15,2385.260009765625,11.63,0.8339879124686256,0.5577098307679664,8.85336909568775,2.776630904312251
2017-03-16,2381.3798828125,11.21,-0.16280347991832755,0.6197413904014353,9.83808957705354,1.3719104229464616
2017-03-17,2378.25,11.28,-0.13151792642318583,0.5971034415406358,9.478723279783898,1.8012767202161015
2017-03-20,2373.469970703125,11.34,-0.2011916080379983,0.5765375475017449,9.152249833084232,2.1877501669157677
2017-03-21,2344.02001953125,12.47,-1.2485594590102345,0.5648006130738794,8.965931775181806,3.5040682248181945
2017-03-22,2348.449951171875,12.81,0.18881028474631023,0.7673640657721881,12.181526898483728,0.6284731015162723
2017-03-23,2345.9599609375,13.12,-0.10608321448302149,0.7146648829858194,11.344953306789325,1.7750466932106743
2017-03-24,2343.97998046875,12.96,-0.08443522139387483,0.6728017839114705,10.68039721122221,2.2796027887777903
2017-03-27,2341.590087890625,12.5,-0.10201075858455866,0.6367721363199009,10.10844428710667,2.3915557128933305
2017-03-28,2358.570068359375,11.53,0.7225308829624133,0.6075989752975061,9.645334712969271,1.884665287030728
2017-03-29,2361.1298828125,11.42,0.10847362038299835,0.6356669932040752,10.090900684021008,1.3290993159789917
2017-03-30,2368.06005859375,11.54,0.2930810911704995,0.6023024914174752,9.561255637951525,1.9787443620484737
2017-03-31,2362.719970703125,12.37,-0.22575939382667443,0.5810451661118303,9.223806060168707,3.146193939831292
2017-04-03,2358.840087890625,12.38,-0.16434753080130093,0.570541648659092,9.057067889740473,3.3229321102595275
2017-04-04,2360.159912109375,11.79,0.05593660746612272,0.5570914363787365,8.84355238909139,2.94644761090861
2017-04-05,2352.949951171875,12.89,-0.3059536811522712,0.5372145695186309,8.528016909761504,4.361983090238496
2017-04-06,2357.489990234375,12.39,0.1927650293735539,0.5440301736720667,8.636211271509405,3.753788728490596
2017-04-07,2355.5400390625,12.87,-0.08274724629453445,0.5284941192285866,8.389584053033754,4.480415946966245
2017-04-10,2357.159912109375,14.05,0.06874501357838625,0.5179863157549002,8.222777844132265,5.8272221558677355
2017-04-11,2353.780029296875,15.07,-0.1434908291958692,0.5052587669309286,8.020734270206297,7.049265729793703
2017-04-12,2344.929931640625,15.77,-0.3767037418986874,0.5031899209009132,7.987892357628473,7.7821076423715265
2017-04-13,2328.949951171875,15.96,-0.6838020289804625,0.5271432967197377,8.36814041049094,7.5918595895090615
2017-04-17,2349.010009765625,14.66,0.8576465691107593,0.5997574836548517,9.520854892203742,5.139145107796258
2017-04-18,2342.18994140625,14.42,-0.2907602845833246,0.6546829267564211,10.392769270784427,4.027230729215573
2017-04-19,2338.169921875,14.93,-0.17178253968683777,0.6362152582141258,10.099604121235924,4.830395878764076
2017-04-20,2355.840087890625,14.15,0.7528850362973571,0.6112521106275988,9.703326438503806,4.446673561496194
2017-04-21,2348.68994140625,14.63,-0.30396881071155235,0.643628576450251,10.217286899891326,4.412713100108675
2017-04-24,2374.14990234375,10.84,1.078173658811199,0.6285511760074062,9.977940587956711,0.8620594120432887
2017-04-25,2388.610107421875,10.76,0.6072214211751081,0.72243205357197,11.468253317358746,-0.7082533173587464
2017-04-26,2387.449951171875,10.85,-0.04858214756868762,0.7087475412676013,11.251018419135368,-0.40101841913536873
2017-04-27,2388.77001953125,10.36,0.055276700029871506,0.6655912630363799,10.565933740869834,-0.20593374086983474
2017-04-28,2384.199951171875,10.82,-0.1914979471489886,0.6272983785554499,9.958053044950642,0.8619469550493584
2017-05-01,2388.330078125,10.11,0.17307918268940625,0.6053352907890814,9.609399835433265,0.500600164566734
2017-05-02,2391.169921875,10.59,0.11883435858113245,0.5782205888515652,9.17896728623141,1.4110327137685896
2017-05-03,2388.1298828125,10.68,-0.1272169395827305,0.5547508936327322,8.806397424858327,1.873602575141673
2017-05-04,2389.52001953125,10.46,0.0581933287869596,0.5417771214445782,8.600445176200758,1.8595548237992432
2017-05-05,2399.2900390625,10.57,0.40803594074780847,0.5246679739723309,8.328845880065382,2.2411541199346185
2017-05-08,2399.3798828125,9.77,0.003744527190807645,0.5280547371002786,8.382609077981579,1.3873909220184206
2017-05-09,2396.919921875,9.96,-0.1025774556793202,0.5143296051088098,8.1647293622158,1.795270637784201
2017-05-10,2399.6298828125,10.21,0.11299627174494731,0.5077031264088707,8.059537273967168,2.150462726032833
2017-05-11,2394.43994140625,10.6,-0.21651513741067774,0.4971166925590216,7.891482846540747,2.708517153459253
2017-05-12,2390.89990234375,10.4,-0.14795353407937029,0.5030331132008773,7.985403112560743,2.4145968874392576
2017-05-15,2402.320068359375,10.42,0.47651423030146134,0.5017563048339311,7.9651344080957855,2.4548655919042144
2017-05-16,2400.669921875,10.65,-0.06871330369859763,0.5182087620062751,8.226309068899564,2.4236909311004364
2017-05-17,2357.030029296875,15.59,-1.8345468171115265,0.5089938374503785,8.080026676548817,7.509973323451183
2017-05-18,2365.719970703125,14.66,0.368003862721622,0.9261835056505463,14.70270734616799,-0.04270734616799032
2017-05-19,2381.72998046875,12.04,0.674470320820042,0.857523782903601,13.612768037317618,-1.5727680373176192
2017-05-22,2394.02001953125,10.93,0.5146863296008775,0.8268553438554322,13.125921660397637,-2.1959216603976373
2017-05-23,2398.419921875,10.72,0.1836185172380489,0.7844625263679873,12.45295654571486,-1.7329565457148597
2017-05-24,2404.389892578125,10.02,0.24860338045762376,0.7290686262895306,11.573605643169515,-1.553605643169515
2017-05-25,2415.070068359375,9.99,0.4432112041977909,0.6842661822432828,10.862388892723967,-0.8723888927239667
2017-05-26,2415.820068359375,9.81,0.031050178530289685,0.6599038832086339,10.475649385055146,-0.6656493850551453
2017-05-30,2412.909912109375,10.38,-0.12053507295339827,0.622759620366289,9.886002492373175,0.49399750762682615
2017-05-31,2411.800048828125,10.41,-0.046007461995145604,0.5969871266959408,9.47687683886681,0.9331231611331905
2017-06-01,2430.06005859375,9.89,0.7542595584847156,0.5722875873696605,9.084783807535624,0.8052161924643766
2017-06-02,2439.070068359375,9.75,0.370087461804669,0.6148996075153036,9.7612286565403,-0.011228656540300364
2017-06-05,2436.10009765625,10.07,-0.12184071404286456,0.5968458217726555,9.474633692750558,0.5953663072494422
2017-06-06,2429.330078125,10.45,-0.27829086662043423,0.5757516424644274,9.139773977387103,1.3102260226128966
2017-06-07,2433.139892578125,10.39,0.15670287963471807,0.5713713579710086,9.070239116739309,1.3197608832606917
2017-06-08,2433.7900390625,10.16,0.026716903566459393,0.5497882607202496,8.727618069651127,1.432381930348873
2017-06-09,2431.77001953125,10.7,-0.08303338661868054,0.5315748408290106,8.438488992313836,2.2615110076861633
2017-06-12,2429.389892578125,11.46,-0.09792424797181454,0.5204878249410799,8.262488071386116,3.197511928613885
2017-06-13,2440.35009765625,10.42,0.45013588432301077,0.512370922378051,8.133636237798614,2.286363762201386
2017-06-14,2437.919921875,10.64,-0.09963269653177065,0.5231368845830973,8.30454058951185,2.3354594104881503
2017-06-15,2432.4599609375,10.9,-0.22421097968399195,0.51459798275747,8.16898972531062,2.73101027468938
2017-06-16,2433.14990234375,10.38,0.0283599150058933,0.5174883247149809,8.214872481451675,2.165127518548326
2017-06-19,2453.4599609375,10.37,0.831258320689443,0.5052573924342807,8.020712450748448,2.3492875492515513
2017-06-20,2437.030029296875,10.86,-0.671916044693166,0.5825002591883409,9.246904946658102,1.6130950533418975
2017-06-21,2435.610107421875,10.75,-0.05828141932715525,0.6366194591232518,10.106020611747445,0.6439793882525553
2017-06-22,2434.5,10.48,-0.045588597243817475,0.60556390289357,9.61302894008432,0.8669710599156808
2017-06-23,2438.300048828125,10.02,0.15596985554084952,0.5793541913661795,9.19696266826701,0.8230373317329889
2017-06-26,2439.070068359375,9.9,0.03157519397332109,0.5563378930374668,8.831590259392739,1.0684097406072617
2017-06-27,2419.3798828125,11.06,-0.8105586575672952,0.5368613575925895,8.522409844263057,2.537590155736943
2017-06-28,2440.68994140625,10.03,0.8769501646550992,0.6346394503277123,10.074588946547136,-0.04458894654713674
2017-06-29,2419.699951171875,11.44,-0.8637216844141982,0.6839069672672825,10.856686531761724,0.5833134682382752
2017-06-30,2423.409912109375,11.18,0.15320576108743822,0.7489546679433305,11.889286767834072,-0.7092867678340724
2017-07-03,2429.010009765625,11.22,0.23081679791472354,0.6982683409031806,11.08466627051692,0.1353337294830812
2017-07-05,2432.5400390625,11.07,0.14522240362886407,0.6576503911990819,10.43987630842267,0.6301236915773298
2017-07-06,2409.75,12.54,-0.9412987306865794,0.6211592255314804,9.86059701197868,2.6794029880213195
2017-07-07,2425.179931640625,11.19,0.6382712569615201,0.7221797861501061,11.464248696185935,-0.2742486961859356
2017-07-10,2427.429931640625,11.11,0.09273361035129213,0.7125045501826067,11.310659086710709,-0.20065908671070964
2017-07-11,2425.530029296875,10.89,-0.07829870660822635,0.6667573646119018,10.584445029503463,0.30555497049653724
2017-07-12,2443.25,10.3,0.7279050947821553,0.6314657251392901,10.024207621077776,0.2757923789222243
2017-07-13,2447.830078125,9.9,0.18728294734726703,0.6546860783247753,10.392819300381058,-0.4928193003810577
2017-07-14,2459.27001953125,9.51,0.4662616170009848,0.6196684160871883,9.83693114572798,-0.3269311457279809
2017-07-17,2459.139892578125,9.82,-0.005291423670694684,0.6097185374797609,9.678981719504772,0.1410182804952278
2017-07-18,2460.610107421875,9.89,0.05976786981110038,0.5815881545764051,9.232425734820959,0.6575742651790417
2017-07-19,2473.830078125,9.79,0.535825821605318,0.5573412924269044,8.847518730893496,0.9424812691065032
2017-07-20,2473.449951171875,9.58,-0.015367108860697698,0.5688031034270283,9.029469339778009,0.550530660221991
2017-07-21,2472.5400390625,9.36,-0.03679393292088662,0.5481013972142122,8.700839941655017,0.6591600583449821
2017-07-24,2469.909912109375,9.43,-0.10643009954085514,0.5318650880040835,8.443096523377728,0.9869034766222722
2017-07-25,2477.1298828125,9.43,0.2918907519897651,0.5220191814064257,8.28679760164149,1.1432023983585093
2017-07-26,2477.830078125,9.6,0.02826240061200025,0.5159013708621805,8.189680370031802,1.410319629968198
2017-07-27,2475.419921875,10.11,-0.09731616373942487,0.5039741296803767,8.000341286066956,2.109658713933044
2017-07-28,2472.10009765625,10.29,-0.1342015678115871,0.49911017287346215,7.923128365473822,2.366871634526177
2017-07-31,2470.300048828125,10.26,-0.07284108345597673,0.4976379327889759,7.899757278671434,2.360242721328566
2017-08-01,2476.35009765625,10.09,0.24461207749384428,0.49270344240738956,7.821424672292328,2.268575327707672
2017-08-02,2477.570068359375,10.28,0.049252740734750944,0.4895375945422368,7.771168395453174,2.5088316045468257
2017-08-03,2472.159912109375,10.44,-0.21860418349461952,0.4824419682493155,7.658528820049249,2.78147117995075
2017-08-04,2476.830078125,10.03,0.1887321417539667,0.4918150426447194,7.807321763271324,2.222678236728675
2017-08-07,2480.909912109375,9.93,0.16458446442806363,0.48619707460609146,7.718139285449011,2.2118607145509888
2017-08-08,2474.919921875,10.96,-0.24173522303856387,0.4808900752592091,7.633893282570013,3.3261067174299876
2017-08-09,2474.02001953125,11.11,-0.036367479271248726,0.4930321948267881,7.8266434551601645,3.283356544839835
2017-08-10,2438.2099609375,16.04,-1.458021840074153,0.4873686129902834,7.73673688074464,8.303263119255359
2017-08-11,2441.320068359375,15.51,0.12747571279874137,0.7901695004308509,12.543551950369059,2.966448049630941
2017-08-14,2465.840087890625,12.33,0.9993651246049673,0.7329463268994785,11.635162232005628,0.6948377679943718
2017-08-15,2464.610107421875,12.04,-0.049893232688358324,0.7804416613580357,12.389127292484702,-0.3491272924847024
2017-08-16,2468.110107421875,11.74,0.14190955233326363,0.7262854843107439,11.529424633933992,0.21057536606600813
2017-08-17,2430.010009765625,15.55,-1.555734248719176,0.6788783337189821,10.77685944894205,4.773140551057951
2017-08-18,2425.550048828125,14.26,-0.1837053661351895,0.9233620463219082,14.657918067860832,-0.3979180678608323
2017-08-21,2428.3701171875,13.19,0.11619757145657772,0.8536732181605134,13.551642217013441,-0.3616422170134417
2017-08-22,2452.510009765625,11.35,0.989169526062561,0.7871420610167009,12.495492839574123,-1.145492839574123
2017-08-23,2444.0400390625,12.25,-0.34595701326392003,0.8192198487934553,13.004711933972521,-0.754711933972521
2017-08-24,2438.969970703125,12.23,-0.20766167471384378,0.7770673235799587,12.33556134088277,-0.10556134088276892
2017-08-25,2443.050048828125,11.28,0.1671471668937663,0.7309199094144593,11.602993851699106,-0.3229938516991062
2017-08-28,2444.239990234375,11.32,0.04869534732963032,0.6832664296027368,10.846518311567175,0.473481688432825
2017-08-29,2446.300048828125,11.7,0.08424667620099413,0.6421946139924857,10.194523451575426,1.5054765484245731
2017-08-30,2457.590087890625,11.22,0.46045317880603065,0.6076363487755354,9.645927998540243,1.5740720014597578
2017-08-31,2471.64990234375,10.59,0.5704673584713937,0.5994461437560386,9.515912524530913,1.0740874754690868
2017-09-01,2476.550048828125,10.13,0.19805780423354236,0.6062391913376481,9.623748811801919,0.5062511881980818
2017-09-05,2457.85009765625,12.23,-0.7579458552145368,0.5797361409608482,9.203025930112144,3.0269740698878564
2017-09-06,2465.5400390625,11.63,0.31238424931441244,0.6522991099334172,10.354927351875626,1.2750726481243753
2017-09-07,2465.10009765625,11.55,-0.017845204485311683,0.6234204918037326,9.896493501205544,1.6535064987944565
2017-09-08,2461.429931640625,12.12,-0.14899601434583687,0.593281583875139,9.418053170208756,2.7019468297912432
2017-09-11,2488.110107421875,10.73,1.078097519714749,0.5745202585416513,9.12022636361845,1.6097736363815507
2017-09-12,2496.47998046875,10.58,0.33583025948829004,0.6859176168162511,10.888604603843374,-0.3086046038433743
2017-09-13,2498.3701171875,10.5,0.07568342480830381,0.6527968619705719,10.362828920504947,0.1371710794950527
2017-09-14,2495.6201171875,10.44,-0.11013238508281731,0.6165022517033417,9.786669844310332,0.6533301556896678
2017-09-15,2500.22998046875,10.17,0.18454775461593798,0.5912606933943964,9.385972528375099,0.7840274716249009
2017-09-18,2503.8701171875,10.15,0.14548619291288034,0.5669252765561099,8.999659762343901,1.1503402376560992
2017-09-19,2506.64990234375,10.18,0.11095796167319705,0.5458891157955591,8.665721062871944,1.514278937128056
2017-09-20,2508.239990234375,9.78,0.0634146702309657,0.5281243989044045,8.383714924839163,1.3962850751608364
2017-09-21,2500.60009765625,9.67,-0.3050565946915107,0.5135124531179296,8.15175747650854,1.5182425234914607
2017-09-22,2502.219970703125,9.59,0.06475839951667339,0.5255105370756046,8.342221154676228,1.2477788453237721
2017-09-25,2496.659912109375,10.21,-0.22245226998540701,0.5113812315956322,8.117925383687814,2.0920746163121873
2017-09-26,2496.840087890625,10.17,0.00721641258953909,0.5147887882528012,8.172018668647205,1.9979813313527952
2017-09-27,2507.0400390625,9.87,0.4076822401987812,0.5034987651861418,7.992795108663823,1.8772048913361763
2017-09-28,2510.06005859375,9.55,0.1203890628937998,0.5114610899761624,8.119193096177737,1.4308069038222637
2017-09-29,2519.360107421875,9.51,0.36982630684985196,0.5002468742357599,7.9411729401913504,1.5688270598086493
2017-10-02,2529.1201171875,9.45,0.3866518829712895,0.5050756133015404,8.017826796475816,1.432173203524183
2017-10-03,2534.580078125,9.51,0.21565111846602036,0.510508428393619,8.104070062391648,1.4059299376083523
2017-10-04,2537.739990234375,9.63,0.12459436611136354,0.5023051451208345,7.973846977547623,1.6561530224523775
2017-10-05,2552.070068359375,9.19,0.5630904031293404,0.4929185454123543,7.824839326636725,1.3651606733632748
2017-10-06,2549.330078125,9.65,-0.107421116523998,0.5237478291540141,8.314239033908796,1.335760966091204
2017-10-09,2544.72998046875,10.33,-0.1806063868014185,0.5155480931005376,8.184072259425582,2.145927740574418
2017-10-10,2550.639892578125,10.08,0.23197196304787226,0.5142793709930261,8.163931920349631,1.916068079650369
2017-10-11,2555.239990234375,9.85,0.18018829296631012,0.5061175527763565,8.034367072865084,1.8156329271349154
2017-10-12,2550.929931640625,9.91,-0.16881771203509643,0.4973657531941655,7.895436561552546,2.0145634384474542
2017-10-13,2553.169921875,9.61,0.08777220048461487,0.4989235988315463,7.920166594377765,1.6898334056222346
2017-10-16,2557.639892578125,9.91,0.17492225323056942,0.48985199572747173,7.776159359541388,2.1338406404586125
2017-10-17,2559.360107421875,10.31,0.06723529054335486,0.48413793477748635,7.685451454041827,2.6245485459581737
2017-10-18,2561.260009765625,10.07,0.07420595113298845,0.4779854736318487,7.587784161187758,2.482215838812242
2017-10-19,2562.10009765625,10.05,0.03279441150105811,0.473044187044625,7.5093436683888,2.540656331611201
2017-10-20,2575.2099609375,9.97,0.5103796185029985,0.4694713437906211,7.452626540047746,2.517373459952255
2017-10-23,2564.97998046875,11.07,-0.3980395312996876,0.4984229233350302,7.912218617269812,3.157781382730188
2017-10-24,2569.1298828125,11.16,0.16166008745583937,0.5267049907139599,8.361182518354335,2.7988174816456652
2017-10-25,2557.14990234375,11.23,-0.4673955687260367,0.5134365281108662,8.150552204386655,3.079447795613346
2017-10-26,2560.39990234375,11.3,0.12701392506020426,0.5488623527144887,8.712919735730125,2.5870802642698756
2017-10-27,2581.070068359375,9.8,0.8040609979727442,0.530758327687414,8.425527248024553,1.374472751975448
2017-10-30,2572.830078125,10.5,-0.3197577376741201,0.5945597401338013,9.438343271791362,1.0616567282086375
2017-10-31,2575.260009765625,10.18,0.09440129366797834,0.5908380723812228,9.379263627776973,0.8007363722230263
2017-11-01,2579.360107421875,10.2,0.15908441079037772,0.564964955957698,8.96854063758377,1.2314593624162296
2017-11-02,2579.85009765625,9.93,0.01899477696669649,0.5445856827866039,8.645029705317976,1.284970294682024
2017-11-03,2587.840087890625,9.14,0.3092289326314557,0.5274595377661548,8.373160581469962,0.7668394185300382
2017-11-06,2591.1298828125,9.4,0.12704438847759292,0.5214885089108863,8.278373436936574,1.1216265630634261
2017-11-07,2590.639892578125,9.89,-0.018912080508215467,0.5084652015074508,8.071634841114355,1.818365158885646
2017-11-08,2594.3798828125,9.78,0.1442613932060688,0.49913023165094034,7.923446788694689,1.85655321130531
2017-11-09,2584.6201171875,10.5,-0.3768981339369759,0.4907335608492562,7.790153772001887,2.7098462279981126
2017-11-10,2582.300048828125,11.29,-0.0898046976053557,0.517802875531783,8.219865820867378,3.070134179132621
2017-11-13,2584.840087890625,11.5,0.09831509112929737,0.5097574140438204,8.092148079187998,3.4078519208120017
2017-11-14,2578.8701171875,11.59,-0.23122805602824315,0.49864431219036365,7.915733056395334,3.6742669436046658
2017-11-15,2564.6201171875,13.13,-0.5540998742123548,0.5056961791946964,8.027677974628334,5.102322025371667
2017-11-16,2585.639892578125,11.76,0.8162652782972124,0.5586072969124215,8.867615929057719,2.8923840709422812
2017-11-17,2578.85009765625,11.43,-0.2629416978897403,0.6168178799645281,9.79168028762539,1.63831971237461
2017-11-20,2582.139892578125,10.65,0.1274869888790775,0.6028299151264045,9.569628229767844,1.0803717702321567
2017-11-21,2599.030029296875,9.73,0.6519838879752271,0.5752034261264964,9.131071312818134,0.598928687181866
2017-11-22,2597.080078125,9.88,-0.07505427033294154,0.5995587523563061,9.517700130641682,0.3622998693583188
2017-11-24,2602.419921875,9.67,0.20539842782323348,0.5755816042440187,9.137074704319637,0.5329252956803625
2017-11-27,2601.419921875,9.87,-0.038433158680373225,0.5547479471476586,8.806350650857848,1.0636493491421515
2017-11-28,2627.0400390625,10.03,0.9800332196793882,0.5373454914107699,8.530095230368147,1.4999047696318524
2017-11-29,2626.070068359375,10.7,-0.036929388279105524,0.6377690353281137,10.124269568254537,0.5757304317454626
2017-11-30,2647.580078125,11.28,0.8157586662811411,0.605778121324387,9.61642955224945,1.6635704477505495
2017-12-01,2642.219970703125,11.43,-0.20265829358052656,0.6509766573313163,10.33393406764065,1.09606593235935
2017-12-04,2639.43994140625,11.68,-0.10527105492865729,0.625611481987409,9.931274392111494,1.748725607888506
2017-12-05,2629.570068359375,11.33,-0.37463905259551566,0.5985265702160123,9.501314747136044,1.8286852528639557
2017-12-06,2629.27001953125,11.02,-0.01141121705305892,0.6005170694717837,9.532912943229826,1.4870870567701733
2017-12-07,2636.97998046875,10.16,0.2928067010109281,0.5741227074522309,9.113915435722154,1.0460845642778462
2017-12-08,2651.5,9.58,0.5491202035518228,0.5580144734225104,8.858205147903744,0.7217948520962558
2017-12-11,2659.989990234375,9.34,0.31968421216959086,0.5711258444290792,9.066341710086647,0.27365828991335306
2017-12-12,2664.110107421875,9.92,0.15477237220897777,0.5574078436218378,8.848575198360983,1.0714248016390169
2017-12-13,2662.85009765625,10.18,-0.047306897015086946,0.5382883745827938,8.545063036699524,1.6349369633004756
2017-12-14,2652.010009765625,10.49,-0.4079167730762556,0.5242841271476262,8.32275250062712,2.1672474993728805
2017-12-15,2675.81005859375,9.42,0.8934313410143169,0.547646803633186,8.693623492277005,0.7263765077229944
2017-12-18,2690.159912109375,9.53,0.5348478579596971,0.625164441710622,9.924177847721047,-0.394177847721048
2017-12-19,2681.469970703125,10.03,-0.3235498043117957,0.6219369654380096,9.872943250242882,0.1570567497571176
2017-12-20,2679.25,9.72,-0.08282360735725192,0.6131314503138396,9.73316003113665,-0.013160031136649764
2017-12-21,2684.570068359375,9.62,0.1983687012658386,0.5871263566922061,9.320341967873885,0.2996580321261142
2017-12-22,2683.340087890625,9.9,-0.04582716381138496,0.563977807730737,8.952870145289587,0.947129854710413
2017-12-26,2680.5,10.25,-0.10589757000589728,0.5451630830536068,8.654195650398568,1.5958043496014316
2017-12-27,2682.6201171875,10.47,0.07906283102423473,0.5327253263663053,8.456752384025785,2.0132476159742154
2017-12-28,2687.5400390625,10.18,0.18323190029194691,0.5172188385800143,8.210594521682266,1.969405478317734
2017-12-29,2673.610107421875,11.04,-0.5196632292747694,0.5064188473933134,8.039149976632068,3.0008500233679314
2018-01-02,2695.81005859375,9.77,0.8269078218397397,0.5527719364868424,8.774982454078655,0.9950175459213444
2018-01-03,2713.06005859375,9.15,0.6378433243936499,0.6147928428003347,9.759533819232676,-0.6095338192326754
2018-01-04,2723.989990234375,9.22,0.4020542855326603,0.627738369075506,9.965037677922407,-0.7450376779224062
2018-01-05,2743.14990234375,9.22,0.7009145888585699,0.6100109665427133,9.68362388696497,-0.46362388696496915
2018-01-08,2747.7099609375,9.52,0.16609637672972966,0.6339053386479223,10.062935284911504,-0.5429352849115041
2018-01-09,2751.2900390625,10.08,0.13020835172978806,0.6017670412726718,9.552755630415787,0.5272443695842135
2018-01-10,2748.22998046875,9.82,-0.11128458115203799,0.5743622617043344,9.117718241581597,0.7022817584184029
2018-01-11,2767.56005859375,9.88,0.7009025768881294,0.5567592087557555,8.838278439076944,1.0417215609230563
2018-01-12,2786.239990234375,10.16,0.6726926399094779,0.593888477635017,9.427687309973999,0.7323126900260011
2018-01-16,2776.419921875,11.66,-0.35307132616031467,0.617066006895658,9.795619180545474,1.8643808194545262
2018-01-17,2802.56005859375,11.91,0.9371006206502663,0.6125849461045332,9.724484545767002,2.1855154542329984
2018-01-18,2798.030029296875,12.22,-0.1617697497473536,0.6801308014184608,10.796741757289821,1.4232582427101796
2018-01-19,2810.300048828125,11.27,0.4375647986989861,0.6469315917178554,10.269720641739712,1.000279358260288
2018-01-22,2832.969970703125,11.03,0.803436438221361,0.6288829932373211,9.983208023183199,1.0467919768168006
2018-01-23,2839.1298828125,11.1,0.21720049682221187,0.6658279870065105,10.569691617395835,0.530308382604165
2018-01-24,2837.5400390625,11.47,-0.05601325472319729,0.6299634317083561,10.000359452190791,1.4696405478092096
2018-01-25,2839.25,11.58,0.060243939883264375,0.5999489779162609,9.523894769362851,2.056105230637149
2018-01-26,2872.8701171875,11.08,1.1771638106083948,0.5725210863137258,9.088490488359982,1.991509511640018
2018-01-29,2853.530029296875,13.84,-0.6754736284862339,0.7094297553614025,11.261848232133975,2.578151767866025
2018-01-30,2822.429931640625,14.79,-1.0958642805337426,0.7320129906706394,11.620345978698937,3.1696540213010618
2018-01-31,2823.81005859375,13.54,0.048886585869478694,0.8346662995802355,13.249916738495031,0.290083261504968
2018-02-01,2821.97998046875,13.47,-0.0648298352023069,0.7708002671490437,12.236074904271115,1.2339250957288854
2018-02-02,2762.1298828125,17.31,-2.1436680516699447,0.7185692443932333,11.406933122664537,5.903066877335462
2018-02-05,2648.93994140625,37.32,-4.184254093838113,1.1288148321798261,17.919379933133587,19.400620066866413
2018-02-06,2695.139892578125,29.98,1.7290573348937244,2.0194560751787143,32.057871351248615,-2.077871351248614
2018-02-07,2681.659912109375,27.73,-0.5014138223752518,1.9291387641337183,30.624128486593857,-2.894128486593857
2018-02-08,2581.0,33.46,-3.8259052245801506,1.7441154144549027,27.686973866652124,5.7730261333478765
2018-02-09,2619.550048828125,29.06,1.4825645199524118,2.2334701913409556,35.455240121784094,-6.395240121784095
2018-02-12,2656.0,25.61,1.3818665678186015,2.0774677086817976,32.978777483635305,-7.368777483635306
2018-02-13,2662.93994140625,24.97,0.26095219802773073,1.9335676186002413,30.69443437166176,-5.724434371661761
2018-02-14,2698.6298828125,19.26,1.3313439808896987,1.7334711858565364,27.51800197603573,-8.258001976035729
2018-02-15,2731.199951171875,19.13,1.1996861776776058,1.6372441159697917,25.99044459815918,-6.86044459815918
2018-02-16,2732.219970703125,19.46,0.037339964992089136,1.5401406635674066,24.44897507914413,-4.988975079144129
2018-02-20,2716.260009765625,20.6,-0.5858517106837269,1.385290119942889,21.990798906262338,-1.3907989062623365
2018-02-21,2701.330078125,20.02,-0.5511664483310419,1.2783283317151688,20.292833157638512,-0.27283315763851235
2018-02-22,2703.9599609375,18.72,0.09730774855780666,1.1837907157158358,18.79209502878758,-0.07209502878757945
2018-02-23,2747.300048828125,16.49,1.5901278245120665,1.072968824485722,17.032852044687193,-0.5428520446871943
2018-02-26,2779.60009765625,15.8,1.1688438620627295,1.154983096924226,18.334788257668276,-2.534788257668275
2018-02-27,2744.280029296875,18.59,-1.278831144146686,1.138372629774331,18.071105266232895,0.5188947337671053
2018-02-28,2713.830078125,19.85,-1.1157806083656574,1.1725374356746754,18.613454746251513,1.2365452537484884
2018-03-01,2677.669921875,22.47,-1.3413965854875975,1.1695940203448267,18.566729476443786,3.9032705235562126
2018-03-02,2691.25,19.59,0.5058785485198669,1.2086250232587457,19.186327439233786,0.40367256076621416
2018-03-05,2720.93994140625,18.73,1.0971617610525897,1.1084122820182893,17.595499490099904,1.1345005099000964
2018-03-06,2728.1201171875,18.36,0.26353829319969435,1.0896622804058973,17.297852442009205,1.0621475579907944
2018-03-07,2726.800048828125,17.76,-0.048399182571667865,0.9938209661675813,15.776418745208138,1.9835812547918632
2018-03-08,2738.969970703125,16.54,0.4453148208884983,0.9092796205551704,14.434366489248934,2.1056335107510655
2018-03-09,2786.570068359375,14.64,1.7229546741207358,0.8480920263229297,13.4630435432839,1.1769564567161002
2018-03-12,2783.02001953125,15.78,-0.1274797337997846,1.0306388748790067,16.360884926671602,-0.5808849266716027
2018-03-13,2765.31005859375,16.35,-0.6383910414315075,0.9434614499799997,14.976986209340904,1.3730137906590976
2018-03-14,2749.47998046875,17.23,-0.5740969825188458,0.9124855419890557,14.485258914270167,2.7447410857298333
2018-03-15,2747.330078125,16.59,-0.07822363990968029,0.8789182532884771,13.952394725739529,2.637605274260471
2018-03-16,2752.010009765625,15.8,0.17019979472321367,0.8112028226449278,12.877445589312687,2.9225544106873134
2018-03-19,2712.919921875,19.02,-1.4306040541374188,0.7515593398395561,11.930634652340064,7.089365347659935
2018-03-20,2716.93994140625,18.2,0.14807086617194543,0.9323465683722322,14.800542933824433,3.3994570661755663
2018-03-21,2711.929931640625,17.86,-0.1845692125629128,0.8551411849599657,13.574945467518942,4.285054532481057
2018-03-22,2643.68994140625,23.34,-2.548488697285478,0.7955462132487855,12.628904620292667,10.711095379707332
2018-03-23,2588.260009765625,24.87,-2.1189807311750464,1.3013247745074168,20.657890369642985,4.212109630357016
2018-03-26,2658.550048828125,21.03,2.679504070603489,1.478787874434762,23.475029745433147,-2.445029745433146
2018-03-27,2612.6201171875,22.5,-1.7427285645321255,1.7026756210740395,27.029137540646136,-4.529137540646136
2018-03-28,2605.0,22.87,-0.29209188994627766,1.6994803020768923,26.978413424090306,-4.108413424090305
2018-03-29,2640.8701171875,19.97,1.3675777493843633,1.5329147418183733,24.3342671274972,-4.3642671274972
2018-04-02,2581.8798828125,23.62,-2.259068234349648,1.4757734210287874,23.427176781127145,0.19282321887285647
2018-04-03,2614.449951171875,21.1,1.2535961315741417,1.6357687388080573,25.96702371179934,-4.867023711799337
2018-04-04,2644.68994140625,20.06,1.1500102346446717,1.5455851047982927,24.535402904291914,-4.475402904291915
2018-04-05,2662.840087890625,18.94,0.6839421401651613,1.4571233212114245,23.131115624867505,-4.191115624867503
2018-04-06,2604.469970703125,21.49,-2.216406705706575,1.335292365679846,21.19710916291195,0.29289083708804853
2018-04-09,2613.159912109375,21.77,0.33309949675937034,1.5266147443726807,24.234257768487332,-2.4642577684873324
2018-04-10,2656.8701171875,20.47,1.6588598996313486,1.3772147323202062,21.86260610192193,-1.3926061019219311
2018-04-11,2642.18994140625,20.24,-0.5540685772460918,1.3995853501542552,22.21772865070449,-1.977728650704492
2018-04-12,2663.989990234375,18.49,0.8216898697656738,1.2879180472894651,20.4450651729591,-1.9550651729591024
2018-04-13,2656.300048828125,17.41,-0.28907998267069246,1.2027753113116386,19.093466140913335,-1.6834661409133354
2018-04-16,2677.840087890625,16.56,0.80763368015635,1.0998050306861982,17.45886361112065,-0.8988636111206496
2018-04-17,2706.389892578125,15.25,1.0605071613866812,1.0430997497334775,16.55869518257097,-1.3086951825709683
2018-04-18,2708.639892578125,15.6,0.0831020407552785,1.0315214089459395,16.37489472065948,-0.7748947206594803
2018-04-19,2693.1298828125,15.96,-0.5742581795832535,0.9404659934148335,14.92943481053375,1.03056518946625
2018-04-20,2670.139892578125,16.88,-0.8573177188352155,0.9019583063431437,14.31814422919782,2.561855770802179
2018-04-23,2670.2900390625,16.34,0.005623011118416343,0.9123391811713991,14.482935508318945,1.8570644916810544
2018-04-24,2634.56005859375,18.02,-1.3470888006475334,0.8379577465253142,13.302166838916479,4.7178331610835205
2018-04-25,2639.39990234375,17.84,0.1835374232824094,0.9680003428802566,15.366529057718473,2.4734709422815264
2018-04-26,2666.93994140625,16.24,1.0380144187376317,0.8864934059627363,14.072646546456143,2.1673534535438552
2018-04-27,2669.909912109375,15.41,0.11130052713639316,0.9043316776270479,14.355820330314017,1.0541796696859826
2018-04-30,2648.050048828125,15.93,-0.822119254892062,0.8306359276256673,13.18593656719777,2.74406343280223
2018-05-01,2654.800048828125,15.49,0.2545802171026956,0.8508107079024672,13.50620127540447,1.9837987245955304
2018-05-02,2635.669921875,15.97,-0.7231951201402076,0.7878142591741585,12.506163654512454,3.4638363454875467
2018-05-03,2629.72998046875,15.9,-0.225621758506378,0.8006341950609157,12.709673827593367,3.1903261724066336
2018-05-04,2663.419921875,14.77,1.2729810028334398,0.7519388348195984,11.936658948386,2.833341051613999
2018-05-07,2672.6298828125,14.75,0.3451980554990186,0.8531053733723489,13.542627960456835,1.2073720395431646
2018-05-08,2671.919921875,14.71,-0.026567661173348966,0.7939897302791474,12.60419621914725,2.105803780852751
2018-05-09,2697.7900390625,13.42,0.9635647934868707,0.737189309125469,11.702517486729057,1.7174825132709426
2018-05-10,2723.070068359375,13.23,0.9327011603848412,0.776694181216138,12.329637889493016,0.9003621105069843
2018-05-11,2727.719970703125,12.65,0.17061392709614154,0.8010017669468465,12.715508850388039,-0.06550885038803855
2018-05-14,2730.1298828125,12.93,0.08830995101263284,0.7428658184236419,11.792629278236523,1.1373707217634763
2018-05-15,2711.449951171875,14.63,-0.6865655043990948,0.6924506135105944,10.992312711258812,3.637687288741189
2018-05-16,2722.4599609375,13.42,0.4052339847514297,0.7209919469281215,11.445392333112537,1.9746076668874633
2018-05-17,2720.1298828125,13.43,-0.08562387886099643,0.6869574668296748,10.905111711061334,2.5248882889386657
2018-05-18,2712.969970703125,13.42,-0.2635665254550723,0.6486630918382678,10.297207354021847,3.122792645978153
2018-05-21,2733.010009765625,13.08,0.7359604547933607,0.628761530403218,9.981279860467756,3.0987201395322437
2018-05-22,2724.43994140625,13.22,-0.3140688592875307,0.6539665370757444,10.381396937163126,2.8386030628368744
2018-05-23,2733.2900390625,12.58,0.32431452068992783,0.6379566727241641,10.127248219574167,2.4527517804258334
2018-05-24,2727.760009765625,12.53,-0.2025262957722873,0.6123501929878147,9.720757955568995,2.809242044431004
2018-05-25,2721.330078125,13.22,-0.2360003054185711,0.5939625587141727,9.428863310647808,3.791136689352193
2018-05-29,2689.860107421875,17.02,-1.1631572511792143,0.5818728171613465,9.236944613264876,7.783055386735123
2018-05-30,2724.010009765625,14.94,1.2615875351923656,0.7535076409486406,11.961562973622318,2.978437026377682
2018-05-31,2705.27001953125,15.43,-0.6903333243434062,0.8515541356802342,13.518002825510724,1.9119971744892759
2018-06-01,2734.6201171875,13.46,1.0790799709239352,0.8456004353206373,13.42349076231819,0.0365092376818108
2018-06-04,2746.8701171875,12.74,0.44695948983521916,0.8804624655551804,13.976908335514683,-1.2369083355146824
2018-06-05,2748.800048828125,12.4,0.0702346269576104,0.8238199953472333,13.077736996627005,-0.6777369966270044
2018-06-06,2772.35009765625,11.64,0.8530900637311767,0.7614279848210264,12.087294534728999,-0.44729453472899827
2018-06-07,2770.3701171875,12.13,-0.0714443621984806,0.7755263573667339,12.311099260609096,-0.18109926060909487
2018-06-08,2779.030029296875,12.18,0.31210289077518993,0.722803006603992,11.47414201418364,0.7058579858163601
2018-06-11,2782.0,12.35,0.10681370069400842,0.6821234181892101,10.828373567891775,1.5216264321082242
2018-06-12,2786.85009765625,12.34,0.17418672787039569,0.6412180240483704,10.179020566825333,2.160979433174667
2018-06-13,2775.6298828125,12.94,-0.4034254541411819,0.608065066808239,9.652733686322858,3.287266313677142
2018-06-14,2782.489990234375,12.12,0.24685005225038026,0.61172536055187,9.710839048149417,2.4091609518505823
2018-06-15,2779.659912109375,11.98,-0.10176203154941277,0.5862710583586686,9.306764527750035,2.6732354722499654
2018-06-18,2773.75,12.31,-0.21283911808867018,0.5659701607083854,8.984497768305886,3.3255022316941147
2018-06-19,2762.590087890625,13.35,-0.403151795139145,0.5572809160902763,8.846560286262749,4.503439713737251
2018-06-20,2767.320068359375,12.79,0.1710690224112632,0.5721606417520767,9.082768608330687,3.7072313916693123
2018-06-21,2749.760009765625,14.64,-0.6365728843220175,0.5508069737691534,8.743789637959544,5.896210362040456
2018-06-22,2754.8798828125,13.77,0.18602032551342518,0.6068369918925761,9.633238601413654,4.136761398586346
2018-06-25,2717.070068359375,17.33,-1.3819722967770787,0.5798388126677494,9.204655792931002,8.125344207068997
2018-06-26,2723.06005859375,15.92,0.22021505056963875,0.8151223901898741,12.939666795137773,2.9803332048622266
2018-06-27,2699.6298828125,17.91,-0.8641586313141048,0.7561895195074444,12.004136475900744,5.9058635240992565
2018-06-28,2716.31005859375,16.85,0.6159680019031555,0.802109886384055,12.7330997011109,4.116900298889101
2018-06-29,2718.3701171875,16.09,0.07581158875167304,0.774549798078406,12.295596862504539,3.794403137495461
2018-07-02,2726.7099609375,15.6,0.30632608342937573,0.7193681353445587,11.419615123355737,4.180384876644263
2018-07-03,2713.219970703125,16.14,-0.49596292805338393,0.6789195584307522,10.777513870953335,5.362486129046665
2018-07-05,2736.610107421875,14.97,0.858385674553741,0.6801518062946477,10.797075199362082,4.172924800637919
2018-07-06,2759.820068359375,13.37,0.844551760058021,0.714258731318475,11.338505848951119,2.0314941510488804
2018-07-09,2784.169921875,12.69,0.878429078534193,0.7377060134224148,11.71071991315552,0.9792800868444793
2018-07-10,2793.840087890625,12.64,0.3467249318822141,0.7615545424784408,12.089303575257176,0.5506964247428243
2018-07-11,2774.02001953125,13.63,-0.7119486371916395,0.7167059831146464,11.377354766840472,2.2526452331595284
2018-07-12,2798.2900390625,12.58,0.8710991580171523,0.7439328087795407,11.8095672250346,0.7704327749653999
2018-07-13,2801.31005859375,12.18,0.10786555366086858,0.7650597546707965,12.144947093778082,0.03505290622191737
2018-07-16,2798.429931640625,12.83,-0.10286646208985673,0.7113908776937002,11.292980084024984,1.5370199159750157
2018-07-17,2809.550048828125,12.06,0.39658243434432805,0.6699059790173448,10.63442773365089,1.4255722663491106
2018-07-18,2815.6201171875,12.1,0.21581820767373472,0.644046927914239,10.223928023497319,1.876071976502681
2018-07-19,2804.489990234375,12.87,-0.39608268490489706,0.611743933806994,9.711133889433988,3.158866110566011
2018-07-20,2801.830078125,12.86,-0.09488977712743818,0.613665750413027,9.741641782264212,3.1183582177357874
2018-07-23,2806.97998046875,12.62,0.1836362343230924,0.5881407113120294,9.336444348265577,3.2835556517344227
2018-07-24,2820.39990234375,12.41,0.4769518886053703,0.5643249291506446,8.958380527000502,3.4516194729994982
2018-07-25,2846.070068359375,12.29,0.9060435070372463,0.5668707787110399,8.998794635873635,3.2912053641263643
2018-07-26,2837.43994140625,12.14,-0.3036902748867476,0.6412661166511475,10.179784013226435,1.9602159867735658
2018-07-27,2818.820068359375,13.03,-0.6583834644844799,0.6266105736136061,9.947134479990801,3.0828655200091983
2018-07-30,2802.60009765625,14.26,-0.5770789315587166,0.6664105965122741,10.578940256578111,3.681059743421889
2018-07-31,2816.2900390625,12.83,0.48728372193025393,0.6825894519055907,10.835771623788462,1.994228376211538
2018-08-01,2813.360107421875,13.15,-0.1040893067570714,0.6628245147136854,10.522012972856906,2.627987027143094
2018-08-02,2827.219970703125,12.19,0.4914349582208821,0.6293445509919307,9.99053502538954,2.199464974610459
2018-08-03,2840.35009765625,11.64,0.4633432065348053,0.6202168179634177,9.845636755626126,1.7943632443738746
2018-08-06,2850.39990234375,11.27,0.35319826508013463,0.6098515964772632,9.681093965607317,1.5889060343926822
2018-08-07,2858.449951171875,10.93,0.28202017464860063,0.5913918475207418,9.388054535585479,1.5419454644145212
2018-08-08,2857.699951171875,10.85,-0.026241439329499627,0.5714416578284873,9.07135509237986,1.778644907620139
2018-08-09,2853.580078125,11.27,-0.14427146770401578,0.5505949815140229,8.74042436523786,2.529575634762139
2018-08-10,2833.280029296875,13.16,-0.7139312263245046,0.5395450882895926,8.5650127483239,4.5949872516761
2018-08-13,2821.929931640625,14.78,-0.4014037665980297,0.6147972654549393,9.759604026697986,5.020395973302014
2018-08-14,2839.9599609375,13.31,0.6368930016417806,0.616760500219711,9.79076941241492,3.5192305875850813
2018-08-15,2818.3701171875,14.64,-0.7631208581378779,0.6291221938731578,9.987005215558433,4.652994784441567
2018-08-16,2840.68994140625,13.45,0.7888214552638217,0.68858428027269,10.930936573859624,2.5190634261403755
2018-08-17,2850.1298828125,12.64,0.3317606375262905,0.7085393113786272,11.247712872124833,1.3922871278751678
2018-08-20,2857.050048828125,12.49,0.2425074902128621,0.6713727882941559,10.657712609054117,1.8322873909458828
2018-08-21,2862.9599609375,12.86,0.2066399954626874,0.6356027622232173,10.089881048810115,2.7701189511898843
2018-08-22,2861.820068359375,12.25,-0.03982310542438583,0.6043850158694825,9.59431468874686,2.6556853112531407
2018-08-23,2856.97998046875,12.41,-0.16926939235348826,0.5781782355437078,9.178294948312661,3.2317050516873387
2018-08-24,2874.68994140625,11.99,0.6179705928285095,0.5636400138008238,8.947507832891961,3.0424921671080387
2018-08-27,2896.739990234375,12.16,0.7641141407110474,0.5854520511176097,9.293763190859217,2.8662368091407835
2018-08-28,2897.52001953125,12.5,0.026924207759826402,0.6264081547526256,9.94392118018986,2.556078819810139
2018-08-29,2914.0400390625,12.25,0.5685242468912222,0.5948350005784625,9.442712895885442,2.8072871041145575
2018-08-30,2901.1298828125,13.53,-0.4440172044458457,0.6023733894013898,9.56238110855489,3.9676188914451096
2018-08-31,2901.52001953125,12.86,0.01344684673050267,0.6128262404112437,9.728314974136993,3.131685025863007
2018-09-04,2896.719970703125,13.16,-0.16556920488790539,0.5837660357059193,9.266998525943489,3.8930014740565113
2018-09-05,2888.60009765625,13.91,-0.28070628012661913,0.5679089216537212,9.015274644183664,4.894725355816336
2018-09-06,2878.050048828125,14.65,-0.36589910366187084,0.5653858655269203,8.975222369851426,5.674777630148574
2018-09-07,2871.679931640625,14.88,-0.22157978950136936,0.5734217733302687,9.102788451489245,5.777211548510756
2018-09-10,2877.1298828125,14.16,0.18960282146931462,0.5640367565769552,8.953805929212592,5.206194070787408
2018-09-11,2887.889892578125,13.22,0.37328656897148704,0.5447172998494682,8.647119061417765,4.5728809385822355
2018-09-12,2888.919921875,13.14,0.03566083498940387,0.5405405529958235,8.580815260633674,4.5591847393663265
2018-09-13,2904.179931640625,12.37,0.5268352159391476,0.5238865612478605,8.316441337623882,4.053558662376117
2018-09-14,2904.97998046875,12.07,0.02754439007661702,0.5418292042790235,8.601271965565862,3.468728034434138
2018-09-17,2888.800048828125,13.68,-0.558529099154903,0.5250595579915704,8.335062083659151,5.344937916340848
2018-09-18,2904.31005859375,12.79,0.5354652867625376,0.5733771784580094,9.102080529838766,3.6879194701612334
2018-09-19,2907.949951171875,11.75,0.12524880331721278,0.5812225268224689,9.226621574164929,2.5233784258350713
2018-09-20,2930.75,11.8,0.7810014185328562,0.5573089469595801,8.847005262518014,2.952994737481987
2018-09-21,2929.669921875,11.68,-0.03686009370067467,0.6089831387818246,9.667307627089453,2.0126923729105464
2018-09-24,2919.3701171875,12.2,-0.35218823140139577,0.5818815312073543,9.237082944456775,2.9629170555432243
2018-09-25,2915.56005859375,12.42,-0.13059484931181586,0.5846170067214462,9.280507272023538,3.139492727976462
2018-09-26,2905.969970703125,12.89,-0.3294699681159585,0.5662715307847626,8.989281869954029,3.9007181300459717
2018-09-27,2914.0,12.41,0.27594762285110264,0.5695867872544456,9.041909934861105,3.3680900651388956
2018-09-28,2913.97998046875,12.12,-0.0006870144138027001,0.5532838273502853,8.783108469617112,3.3368915303828874
2018-10-01,2924.590087890625,12.0,0.3634492342198037,0.5349962311674953,8.492801880156094,3.507198119843906
2018-10-02,2923.429931640625,12.05,-0.03967689102788441,0.5319166931298424,8.443915729352533,3.606084270647468
2018-10-03,2925.510009765625,11.61,0.07112667367188408,0.5188170169273623,8.235964816429131,3.374035183570868
2018-10-04,2901.610107421875,14.22,-0.8203035421010085,0.505925349321839,8.0313159376144,6.188684062385601
2018-10-05,2885.570068359375,14.82,-0.554331458462265,0.6165727024458707,9.787788215176802,5.032211784823199
2018-10-08,2884.429931640625,15.69,-0.03951947083491447,0.6406901273089046,10.170640465882043,5.519359534117957
2018-10-09,2880.340087890625,15.95,-0.14189098341548245,0.6082935574061156,9.656360862116244,6.293639137883755
2018-10-10,2785.679931640625,22.96,-3.341638904260158,0.5863496873330689,9.30801272402268,13.651987275977321
2018-10-11,2728.3701171875,24.98,-2.0787579972541437,1.5046425218125437,23.885459548614417,1.0945404513855834
2018-10-12,2767.1298828125,21.31,1.41062354083763,1.6151602392818953,25.639873923956834,-4.329873923956836
2018-10-15,2750.7900390625,21.3,-0.5922482291300213,1.5496554132367177,24.600017047616316,-3.300017047616315
2018-10-16,2809.919921875,17.62,2.1267828034901015,1.4202099577904579,22.545134146866545,-4.925134146866544
2018-10-17,2809.2099609375,17.4,-0.025269426266483208,1.5286489682191988,24.266550070940873,-6.866550070940875
2018-10-18,2768.780029296875,20.06,-1.4496490575340637,1.3757398473966373,21.839193029600718,-1.7791930296007195
2018-10-19,2767.780029296875,19.89,-0.03612351352799692,1.3888310827173247,22.0470099476797,-2.1570099476797004
2018-10-22,2755.8798828125,19.64,-0.430879709647769,1.2531980585577993,19.893902438717383,-0.2539024387173825
2018-10-23,2740.68994140625,20.71,-0.5527076180694479,1.1524845385288673,18.295124872766525,2.4148751272334756
2018-10-24,2656.10009765625,25.23,-3.135077386114027,1.0769393848232724,17.095882735999602,8.134117264000398
2018-10-25,2705.570068359375,24.22,1.8453717978713868,1.6373401153569505,25.9919685411858,-1.7719685411857995
2018-10-26,2658.68994140625,24.16,-1.7479138010003226,1.6379518700418585,26.00167984574367,-1.8416798457436698
2018-10-29,2641.25,24.7,-0.6581208295194152,1.6493680744742887,26.182906472810572,-1.4829064728105728
2018-10-30,2682.6298828125,23.35,1.554532297187805,1.5115141853528753,23.99454382554058,-0.6445438255405769
2018-10-31,2711.739990234375,21.23,1.07928787545708,1.4874453897335864,23.612463540147704,-2.382463540147704
2018-11-01,2740.3701171875,19.34,1.0502498868529386,1.399772193861539,22.220694702605552,-2.8806947026055525
2018-11-02,2723.06005859375,19.51,-0.6336721055880012,1.3227487167120329,20.997984908699195,-1.4879849086991932
2018-11-05,2738.31005859375,19.96,0.5584693697194609,1.2292974233930898,19.514491617783545,0.44550838221645606
2018-11-06,2755.449951171875,19.91,0.6239787744408254,1.129767129437902,17.934497183448048,1.975502816551952
2018-11-07,2813.889892578125,16.36,2.0987078560773753,1.0497131551101146,16.663679738246003,-0.3036797382460037
2018-11-08,2806.830078125,16.72,-0.25120689884907677,1.2625953955542617,20.04308053879082,-3.3230805387908227
2018-11-09,2781.010009765625,17.36,-0.9241585915372497,1.1496886606264964,18.250741687011878,-0.8907416870118787
2018-11-12,2726.219970703125,20.45,-1.98981509854681,1.120645101102991,17.789689472888096,2.6603105271119034
2018-11-13,2722.179931640625,20.02,-0.14830188221734986,1.322493030854784,20.993926021546972,-0.9739260215469727
2018-11-14,2701.580078125,21.25,-0.7596188818451033,1.197777899502089,19.01413468783106,2.23586531216894
2018-11-15,2730.199951171875,19.98,1.0538032742642756,1.1378213540286053,18.062354035070822,1.9176459649291786
2018-11-16,2736.27001953125,18.14,0.22208375374832556,1.1068874850867794,17.571294089216003,0.5687059107839971
2018-11-19,2690.72998046875,20.1,-1.678316123572099,1.0076368998661789,15.995739893388015,4.104260106611987
2018-11-20,2641.889892578125,22.48,-1.8317995556586197,1.1663110735679776,18.514614312009762,3.9653856879902385
2018-11-21,2649.929931640625,20.8,0.3038669310766906,1.3140856080195673,20.86046232161328,-0.06046232161327936
2018-11-23,2632.56005859375,21.52,-0.6576419711855408,1.1903772171251537,18.896652497221766,2.623347502778234
2018-11-26,2673.449951171875,18.9,1.5412975845366716,1.1197807960041826,17.775969054798104,1.1240309452018948
2018-11-27,2682.169921875,19.02,0.3256384364612508,1.1793895025484546,18.722227935740335,0.2977720642596644
2018-11-28,2743.7900390625,18.49,2.2714051303114324,1.0738411503029175,17.046699787734312,1.4433002122656866
2018-11-29,2737.800048828125,18.79,-0.21854945453938512,1.3250883392436335,21.035125264981467,-2.2451252649814677
2018-11-30,2760.169921875,18.07,0.8137547716617455,1.2025978603691858,19.09064919453147,-1.0206491945314689
2018-12-03,2790.3701171875,16.44,1.0882001794362495,1.129907908353326,17.93673197944837,-1.49673197944837
2018-12-04,2700.06005859375,20.74,-3.290022883855581,1.1056136715105696,17.55107292558015,3.1889270744198477
2018-12-06,2695.949951171875,21.19,-0.1523387914144081,1.7030221602047215,27.03463867880216,-5.844638678802159
2018-12-07,2633.080078125,23.23,-2.359633545632267,1.5314511587629451,24.31103346677069,-1.0810334667706911
2018-12-10,2637.719970703125,22.64,0.17606032229169344,1.6994567641562877,26.97803977118451,-4.3380397711845085
2018-12-11,2636.780029296875,21.76,-0.03564096753061463,1.5259197539093092,24.223225136909477,-2.4632251369094753
2018-12-12,2651.070068359375,21.46,0.5404871010351364,1.3734793579695654,21.80330887240878,-0.3433088724087803
2018-12-13,2650.5400390625,20.65,-0.019995031241482053,1.253113188375182,19.892555166335804,0.757444833664195
2018-12-14,2599.949951171875,21.63,-1.927121226870021,1.1341995507078224,18.004859689764544,3.625140310235455
2018-12-17,2545.93994140625,24.52,-2.09922848285764,1.3155227432834917,20.88327613666551,3.6367238633344883
2018-12-18,2546.159912109375,25.58,0.008639685378852846,1.483844187982642,23.55529623462389,2.0247037653761097
2018-12-19,2506.9599609375,25.58,-1.5515459175936108,1.3360196978996413,21.208655203956564,4.371344796043434
2018-12-20,2467.419921875,28.38,-1.5897809484104464,1.3774255352762184,21.865952495105404,6.514047504894595
2018-12-21,2416.6201171875,30.11,-2.080312049854083,1.4167405811973726,22.49005950084815,7.6199404991518485
2018-12-24,2351.10009765625,36.07,-2.748657287831424,1.551388060362407,24.627521968042746,11.442478031957254
2018-12-26,2467.699951171875,30.41,4.84031776708056,1.8105308511383589,28.741286238733213,1.6687137612667868
2018-12-27,2488.830078125,29.96,0.8526228968816163,2.5322347378735888,40.19798026591408,-10.237980265914082
2018-12-28,2485.739990234375,28.34,-0.12423539102313086,2.283242234508899,36.24534681257979,-7.90534681257979
2018-12-31,2506.85009765625,25.42,0.845662586220719,2.0425948792275657,32.42518847814091,-7.005188478140909
2019-01-02,2510.030029296875,23.22,0.12676930626263072,1.8547675199662044,29.44352158602363,-6.2235215860236295
2019-01-03,2447.889892578125,25.45,-2.5068331818915546,1.6624460866775501,26.390513480407957,-0.940513480407958
2019-01-04,2531.93994140625,21.38,3.3759399060347306,1.8281634054695854,29.021194361168774,-7.641194361168775
2019-01-07,2549.68994140625,21.4,0.6985975995229765,2.1206066559600383,33.66358704155141,-12.26358704155141
2019-01-08,2574.409912109375,20.47,0.9648587336497094,1.9138962185213924,30.382160576367216,-9.912160576367217
2019-01-09,2584.9599609375,19.98,0.4089671332821787,1.752241997223622,27.81597936874101,-7.835979368741011
2019-01-10,2596.639892578125,19.5,0.4508241374462152,1.5776846748332545,25.044967781319574,-5.544967781319574
2019-01-11,2596.260009765625,18.19,-0.01463085444823875,1.426311668226791,22.64199579718653,-4.45199579718653
2019-01-14,2582.610107421875,19.07,-0.5271394587249567,1.28576512384733,20.410888572841195,-1.3408885728411946
2019-01-15,2610.300048828125,18.6,1.0664618879761,1.1880622682938333,18.859903823788688,-0.2599038237886866
2019-01-16,2616.10009765625,19.04,0.221952052908847,1.1496691694961112,18.25043227490925,0.7895677250907482
2019-01-17,2635.9599609375,18.06,0.7562730706236032,1.044826382808845,16.586104632908256,1.4738953670917425
2019-01-18,2670.7099609375,17.8,1.3096912839855257,0.9913574298524545,15.737311318594527,2.062688681405474
2019-01-22,2632.89990234375,20.8,-1.4258476827971656,1.0356893705711299,16.441059060265367,4.358940939734634
2019-01-23,2638.699951171875,19.52,0.22004899194500993,1.1262425999397696,17.87854701220463,1.6414529877953683
2019-01-24,2642.330078125,18.89,0.13747801109778024,1.0244085498404338,16.261981582836622,2.6280184171633785
2019-01-25,2664.760009765625,17.42,0.8452867700517785,0.9346038873923583,14.83637676236637,2.583623237633631
2019-01-28,2643.85009765625,18.87,-0.7877775848708524,0.9119672450664073,14.477031205694459,4.392968794305542
2019-01-29,2640.0,19.13,-0.14573079351150042,0.9087551407684933,14.426040630749567,4.703959369250432
2019-01-30,2681.050048828125,17.66,1.5429609891559615,0.8393547033774095,13.32434284145407,4.33565715854593
2019-01-31,2704.10009765625,16.57,0.8560648809768701,0.9784428287872257,15.532298382393295,1.0377016176067055
2019-02-01,2706.530029296875,16.14,0.0898206584806438,0.9490898175287161,15.066333774267923,1.0736662257320777
2019-02-04,2724.8701171875,15.73,0.6753381117479584,0.869134838506753,13.797087830826918,1.9329121691730826
2019-02-05,2737.699951171875,15.57,0.4697370437350301,0.8364896330584392,13.278861260137823,2.291138739862177
2019-02-06,2731.610107421875,15.38,-0.22269157175083265,0.7885815263859182,12.518343643901154,2.8616563560988464
2019-02-07,2706.050048828125,16.37,-0.9401193202230651,0.7415999235367481,11.772533819896509,4.597466180103492
2019-02-08,2707.8798828125,15.72,0.06759725660128169,0.8068001949495777,12.807556041330075,2.9124439586699253
2019-02-11,2709.800048828125,15.97,0.0708851803818078,0.746884379309807,11.85642195463551,4.113578045364491
2019-02-12,2744.72998046875,15.43,1.280785290283859,0.6958568504975369,11.04638504710281,4.38361495289719
2019-02-13,2753.030029296875,15.65,0.3019431593711097,0.8165175324727654,12.961813992282261,2.6881860077177393
2019-02-14,2745.72998046875,16.22,-0.26551633836984223,0.7606493717205344,12.074934434940365,4.1450655650596335
2019-02-15,2775.60009765625,14.91,1.0820004664958027,0.7213596110217273,11.451228819658668,3.4587711803413317
2019-02-19,2779.760009765625,14.88,0.14976213265915916,0.7888280473947161,12.522257043594548,2.3577429564054526
2019-02-20,2784.699951171875,14.02,0.1775533560740783,0.7321065361606978,11.621830967316734,2.398169032683265
2019-02-21,2774.8798828125,14.46,-0.3532669325841731,0.6845073367214872,10.866217101385237,3.593782898614764
2019-02-22,2792.669921875,13.51,0.6390638694711015,0.6668571446981705,10.586028989267843,2.9239710107321564
2019-02-25,2796.110107421875,14.85,0.12311044497517187,0.6686156941068925,10.613945095690033,4.236054904309967
2019-02-26,2793.89990234375,15.17,-0.0790769672840419,0.6300238172485244,10.00131804292321,5.168681957076791
2019-02-27,2792.3798828125,14.7,-0.054419743629807726,0.6009352362193157,9.539551134552983,5.160448865447016
2019-02-28,2784.489990234375,14.78,-0.282950759895062,0.5758596402368832,9.141488388875503,5.638511611124496
2019-03-01,2803.68994140625,13.57,0.6871656588713471,0.5719453981301823,9.079351721761736,4.490648278238265
2019-03-04,2792.81005859375,14.63,-0.3888107395255247,0.602860731177056,9.570117419406321,5.05988258059368
2019-03-05,2789.64990234375,14.74,-0.11321734897071778,0.6057329099355645,9.615711843701936,5.124288156298064
2019-03-06,2771.449951171875,15.74,-0.654547360412483,0.5825605967747726,9.24786277614855,6.492137223851451
2019-03-07,2748.929931640625,16.59,-0.8158911138330893,0.6332819777840769,10.05303973797479,6.536960262025209
2019-03-08,2743.070068359375,16.05,-0.2133964131454391,0.702542990850743,11.152524234735553,4.897475765264447
2019-03-11,2783.300048828125,14.33,1.4559535563489767,0.669033226246895,10.620573212930973,3.7094267870690274
2019-03-12,2791.52001953125,13.77,0.29489657278052306,0.8444039258338695,13.404496763058285,0.3655032369417146
2019-03-13,2810.919921875,13.41,0.6925546757019063,0.7840254880136257,12.446018776920635,0.9639812230793652
2019-03-14,2808.47998046875,13.5,-0.08683993315958816,0.7693708591977422,12.213383756503902,1.2866162434960984
2019-03-15,2822.47998046875,12.88,0.49725194084304647,0.7181466421990578,11.400224520808743,1.4797754791912574
2019-03-18,2832.93994140625,13.1,0.3699096798908563,0.692887385727368,10.999246255249803,2.1007537447501967
2019-03-19,2832.570068359375,13.56,-0.013057007992678393,0.66095018919154,10.492258977611439,3.067741022388562
2019-03-20,2824.22998046875,13.91,-0.29486967407699183,0.6244577335259858,9.912959203084798,3.9970407969152024
2019-03-21,2854.8798828125,13.63,1.0794015494688836,0.6121333625821899,9.717315879589233,3.912684120410768
2019-03-22,2800.7099609375,16.48,-1.9156827134272802,0.7114847872695336,11.29447085232528,5.185529147674721
2019-03-25,2798.360107421875,16.33,-0.0839372833310037,1.0516903964195865,16.69506747096696,-0.365067470966963
2019-03-26,2818.4599609375,14.68,0.7157052947934339,0.9602634650727615,15.243709930102114,-0.5637099301021138
2019-03-27,2805.3701171875,15.15,-0.4655143276599105,0.9164240519154443,14.547780821078467,0.6022191789215334
2019-03-28,2815.43994140625,14.43,0.35830547152615466,0.869792112400638,13.807521730425767,0.6224782695742324
2019-03-29,2834.39990234375,13.71,0.6711706043324384,0.8089159464389409,12.841142554991293,0.8688574450087074
2019-04-01,2867.18994140625,13.4,1.1502195518044545,0.7867566630767505,12.489374836944691,0.9106251630553093
2019-04-02,2867.239990234375,13.36,0.0017455554858436528,0.8507732302818414,13.505606336621033,-0.14560633662103406
2019-04-03,2873.39990234375,13.74,0.214607242008924,0.7851359457756162,12.463646747398643,1.276353252601357
2019-04-04,2879.389892578125,13.58,0.2082465242994047,0.7304927018885066,11.596212142467788,1.9837878575322119
2019-04-05,2892.739990234375,12.82,0.462571762309949,0.6839964936206996,10.858107718563293,1.9618922814367075
2019-04-08,2895.77001953125,13.18,0.1046911750523627,0.6615094866516602,10.501137549541767,2.678862450458233
2019-04-09,2878.199951171875,14.28,-0.6085976435669771,0.6238911946625242,9.903965677440162,4.376034322559837
2019-04-10,2888.2099609375,13.3,0.34718377544997736,0.6554384151674197,10.404762277507789,2.8952377224922117
2019-04-11,2888.320068359375,13.02,0.003812234034228368,0.6283390795029226,9.974573660327852,3.0454263396721473
2019-04-12,2907.409912109375,12.01,0.6587578389545712,0.5968522119032567,9.474735132929053,2.5352648670709463
2019-04-15,2905.580078125,12.32,-0.0629567244356366,0.6171188878685714,9.79645863996597,2.523541360034031
2019-04-16,2907.06005859375,12.18,0.05092283251393326,0.5895697909445612,9.359130284133897,2.8208697158661025
2019-04-17,2900.449951171875,12.6,-0.22764008207385444,0.5639945305158616,8.953135611273595,3.6468643887264047
2019-04-18,2905.030029296875,12.09,0.15778468242499954,0.5570199923128094,8.842418249704822,3.2475817502951774
2019-04-22,2907.969970703125,12.42,0.10115058169324342,0.5380431267919759,8.541169848714972,3.878830151285028
2019-04-23,2933.679931640625,12.28,0.880235117499506,0.5216333979036002,8.280673478391165,3.9993265216088343
2019-04-24,2927.25,13.14,-0.21941686030357843,0.6043864816483951,9.59433795726574,3.5456620427342607
2019-04-25,2926.169921875,13.25,-0.03690417402726354,0.588863351850908,9.347915911184575,3.9020840888154247
2019-04-26,2939.8798828125,12.73,0.46743503233042105,0.5652706766890261,8.973393803738155,3.7566061962618456
2019-04-29,2943.030029296875,13.11,0.10709485042346145,0.5665153729490888,8.993152744309784,4.116847255690216
2019-04-30,2945.830078125,13.12,0.09509646987915232,0.544994922261745,8.65152618058534,4.46847381941466
2019-05-01,2923.72998046875,14.8,-0.7530445850291834,0.5272720029430245,8.370183558444959,6.429816441555042
2019-05-02,2917.52001953125,14.42,-0.2126244648682274,0.6149859244387946,9.762598895221261,4.657401104778739
2019-05-03,2945.639892578125,12.87,0.9592127478916801,0.5969194561444127,9.475802602164254,3.394197397835745
2019-05-06,2932.469970703125,15.44,-0.4481013189072236,0.6737958859636595,10.696178092069678,4.743821907930322
2019-05-07,2884.050048828125,19.32,-1.6649488088905429,0.6695840486673026,10.629317247776715,8.690682752223285
2019-05-08,2879.419921875,19.4,-0.16067153894203656,0.9508686861073705,15.094572437513042,4.3054275624869565
2019-05-09,2870.719970703125,19.1,-0.30259986619283197,0.8761262134299322,13.908072467041793,5.191927532958209
2019-05-10,2881.39990234375,16.04,0.3713394069919218,0.8211563349088017,13.035452698043738,3.0045473019562614
2019-05-13,2811.8701171875,20.55,-2.4426469138497886,0.7684773154341857,12.199199189000364,8.350800810999637
2019-05-14,2834.409912109375,18.06,0.7983987523216385,1.2526716507200342,19.885545973355853,-1.8255459733558546
2019-05-15,2850.9599609375,16.44,0.5821994327722457,1.1705496074117545,18.58189895085475,-2.141898950854749
2019-05-16,2876.320068359375,15.29,0.8855957116499447,1.0811008553876829,17.161944033210073,-1.8719440332100739
2019-05-17,2859.530029296875,15.96,-0.585443717404388,1.0371825067543394,16.464761862351313,-0.5047618623513124
2019-05-20,2840.22998046875,16.31,-0.677225797540526,0.9834769331568091,15.612212311808463,0.6977876881915357
2019-05-21,2864.360107421875,14.95,0.8459949093190922,0.9503322173163629,15.08605625947012,-0.13605625947012
2019-05-22,2856.27001953125,14.75,-0.28283923638996455,0.9248285421615073,14.681197967602573,0.06880203239742677
2019-05-23,2822.239990234375,16.92,-1.1985692241282209,0.8609339592762614,13.666902908971185,3.253097091028817
2019-05-24,2826.06005859375,15.85,0.13526437720372542,0.9492141830277658,15.068308015360895,0.7816919846391048
2019-05-28,2802.389892578125,17.5,-0.8410950000260264,0.8695364719935493,13.803463564772471,3.6965364352275287
2019-05-29,2783.02001953125,17.9,-0.693591016723083,0.8842688754135968,14.03733321875481,3.8626667812451885
2019-05-30,2788.860107421875,17.3,0.2096272674997124,0.8722268732092865,13.84617236003543,3.4538276399645707
2019-05-31,2752.06005859375,18.71,-1.3283205250453456,0.8046943501158735,12.774126790952048,5.935873209047953
2019-06-03,2744.449951171875,18.86,-0.2769070654307981,0.9407239610629619,14.933529919993237,3.9264700800067622
2019-06-04,2803.27001953125,16.97,2.1205927081077824,0.8740403304939613,13.874960101966359,3.09503989803364
2019-06-05,2826.14990234375,16.09,0.8128726978813283,1.1583299854465912,18.387918465844482,-2.2979184658444822
2019-06-06,2843.489990234375,15.93,0.611684067600482,1.0926273039480754,17.344920731553536,-1.4149207315535364
2019-06-07,2873.340087890625,16.3,1.0442979247259565,1.017065992335838,16.145422095970513,0.15457790402948746
2019-06-10,2886.72998046875,15.94,0.46492200747660917,1.00815089990788,16.003899391093324,-0.0638993910933241
2019-06-11,2885.719970703125,15.99,-0.03499414579515303,0.9336081194234629,14.820569435911043,1.169430564088957
2019-06-12,2879.840087890625,15.91,-0.20396578272370292,0.8570196756521323,13.604765582788676,2.3052344172113237
2019-06-13,2891.639892578125,15.82,0.40890105028497103,0.7982489655091995,12.671809482311508,3.1481905176884926
2019-06-14,2886.97998046875,15.28,-0.16128117861526903,0.7517453433216629,11.933587366079943,3.346412633920057
2019-06-17,2889.669921875,15.35,0.09313154323526973,0.706799212113979,11.220089652659878,4.129910347340122
2019-06-18,2917.75,15.15,0.9670489592970455,0.6619397685933504,10.50796806360989,4.64203193639011
2019-06-19,2926.4599609375,14.33,0.29807167930240297,0.721825569715027,11.458625684600866,2.871374315399134
2019-06-20,2954.179931640625,14.75,0.9427605335873501,0.6805275197898492,10.803039466197166,3.9469605338028337
2019-06-21,2950.4599609375,15.4,-0.1260016279728049,0.7305294162225646,11.596794964452602,3.803205035547398
2019-06-24,2945.35009765625,15.26,-0.17333884605870153,0.6870839003008314,10.907118780193784,4.352881219806216
2019-06-25,2917.3798828125,16.28,-0.954177564038794,0.6534423247595821,10.37307532462655,5.9069246753734514
2019-06-26,2913.780029296875,16.21,-0.12346956788036323,0.7473187460360624,11.863317312648348,4.346682687351652
2019-06-27,2924.919921875,15.82,0.3815885792590734,0.7010935915236987,11.12951573371685,4.69048426628315
2019-06-28,2941.760009765625,15.08,0.5740941840599589,0.668622623880493,10.614055102435566,4.465944897564434
2019-07-01,2964.330078125,14.06,0.7643018610953511,0.6614268164538232,10.499825200835886,3.5601747991641144
2019-07-02,2973.010009765625,12.93,0.2923847276989022,0.6836203439090964,10.85213652700751,2.0778634729924903
2019-07-03,2995.820068359375,12.57,0.7643095660683663,0.6482662090150458,10.290907034522577,2.279092965477423
2019-07-05,2990.409912109375,13.28,-0.18075342045484888,0.6735794410244427,10.69274213517944,2.5872578648205593
2019-07-08,2975.949951171875,13.96,-0.48471730101233845,0.6427201225869132,10.20286564189152,3.7571343581084804
2019-07-09,2979.6298828125,14.09,0.12357930584538934,0.6501104988426946,10.320184227899485,3.7698157721005146
2019-07-10,2993.070068359375,13.03,0.45005469360823724,0.6145247043986698,9.755277254066163,3.274722745933836
2019-07-11,2999.909912109375,12.93,0.2282619578949152,0.6038941354939988,9.58652220436479,3.3434777956352093
2019-07-12,3013.77001953125,12.39,0.46095343020660096,0.578966897638711,9.19081457094371,3.199185429056291
2019-07-15,3014.300048828125,12.68,0.017585372838446744,0.5766275688679362,9.153678877969979,3.526321122030021
2019-07-16,3004.0400390625,12.86,-0.340958455501017,0.5537594122495217,8.790658145841176,4.069341854158823
2019-07-17,2984.419921875,13.97,-0.6552665466093899,0.5611884316199713,8.908590172276924,5.061409827723077
2019-07-18,2995.110107421875,13.53,0.35755977088189894,0.6179749150554587,9.810047650278053,3.7199523497219467
2019-07-19,2976.610107421875,14.45,-0.6195889464843951,0.5983586318658096,9.498648808474684,4.951351191525315
2019-07-22,2985.030029296875,13.53,0.2824701686249931,0.6383262716326948,10.133115420355047,3.3968845796449525
2019-07-23,3005.469970703125,12.61,0.6824145139276538,0.6100932968445888,9.684930839989736,2.9250691600102634
2019-07-24,3019.56005859375,12.07,0.46771928134763385,0.6309813292161501,10.016518074185445,2.0534819258145554
2019-07-25,3003.669921875,12.74,-0.5276296483600618,0.6189772712773882,9.825959562007997,2.9140404379920035
2019-07-26,3025.860107421875,12.16,0.7360535770782661,0.6382158832780638,10.131363059551099,2.0286369404489015
2019-07-29,3020.969970703125,12.83,-0.16174219290565617,0.6611840309253272,10.495971100053932,2.334028899946068
2019-07-30,3013.179931640625,13.94,-0.25819853720445707,0.6312076048536496,10.0201100885729,3.9198899114270986
2019-07-31,2980.3798828125,16.12,-1.0945206952139408,0.6140587440530089,9.747880362893545,6.372119637106456
2019-08-01,2953.56005859375,17.87,-0.9039527568805994,0.7553770842627416,11.99123946621778,5.878760533782222
2019-08-02,2932.050048828125,17.61,-0.7309388539565198,0.8094287646855955,12.84928329228184,4.76071670771816
2019-08-05,2844.739990234375,24.59,-3.0230182169694864,0.8187753079325911,12.997655066579801,11.592344933420199
2019-08-06,2881.77001953125,20.17,1.2933023911166686,1.475125335497206,23.416888742257964,-3.246888742257962
2019-08-07,2883.97998046875,19.49,0.07665823338589561,1.4175600593439828,22.50306831313285,-3.0130683131328517
2019-08-08,2938.090087890625,16.91,1.8588462466865074,1.2775210128081065,20.28001736729767,-3.3700173672976703
2019-08-09,2918.64990234375,17.97,-0.6638593133657444,1.3643731870275768,21.658752890157512,-3.688752890157513
2019-08-12,2882.699951171875,21.09,-1.2393809115915033,1.2676483938407082,20.123294399837857,0.9667056001621432
2019-08-13,2926.320068359375,17.52,1.5018346267301474,1.266178157748503,20.0999551254267,-2.5799551254267
2019-08-14,2840.60009765625,22.1,-2.973035245453559,1.2838179727522434,20.379978507465196,1.720021492534805
2019-08-15,2847.60009765625,21.18,0.24612366981804357,1.7023295004144743,27.02364304551315,-5.843643045513151
2019-08-16,2888.679931640625,18.47,1.4323058172244885,1.5294599689448554,24.279424308339955,-5.809424308339956
2019-08-19,2923.64990234375,16.88,1.2033175564397425,1.4825770951568693,23.535181759593716,-6.655181759593717
2019-08-20,2900.510009765625,17.5,-0.7946215312115257,1.4113252411978152,22.404093643426016,-4.904093643426016
2019-08-21,2924.429931640625,15.8,0.8212979557352895,1.3210551045838432,20.97109964964764,-5.1710996496476405
2019-08-22,2922.949951171875,16.68,-0.05062029592783901,1.2308260754534421,19.538758216940575,-2.8587582169405756
2019-08-23,2847.110107421875,19.87,-2.6288881122837893,1.11525687414273,17.70415402162155,2.1658459783784494
2019-08-26,2878.3798828125,19.32,1.0923112730798046,1.499320002587067,23.80096717530059,-4.480967175300588
2019-08-27,2869.159912109375,20.31,-0.3208321800556746,1.4113031178463846,22.4037424461097,-2.093742446109701
2019-08-28,2887.93994140625,19.35,0.652415153056296,1.2824440550035376,20.3581682393556,-1.008168239355598
2019-08-29,2924.580078125,17.88,1.260748244109422,1.182545848215703,18.772333369864107,-0.892333369864108
2019-08-30,2926.4599609375,18.98,0.06425807598766653,1.1754254234994568,18.65930013169404,0.32069986830596164
2019-09-03,2906.27001953125,19.66,-0.6923009332685304,1.0656614344618847,16.916850824271023,2.743149175728977
2019-09-04,2937.780029296875,17.33,1.0783725278421308,1.0198680317065179,16.1899030920023,1.1400969079976981
2019-09-05,2976.0,16.27,1.2925912921759597,1.0158921260204423,16.126787545912677,0.14321245408732253
2019-09-06,2978.7099609375,15.0,0.09101908043769313,1.0510133832797912,16.684320220553634,-1.6843202205536336
2019-09-09,2978.429931640625,15.27,-0.009401467889968984,0.9573902040036502,15.19809832465832,0.0719016753416799
2019-09-10,2979.389892578125,15.2,0.032225242593053594,0.8770304706016863,13.922427104628039,1.2775728953719607
2019-09-11,3000.929931640625,14.61,0.7203672326387078,0.8072697411082496,12.815009855519545,1.7949901444804546
2019-09-12,3009.570068359375,14.22,0.2875016278233389,0.7918308934045811,12.5699257461997,1.6500742538003
2019-09-13,3007.389892578125,13.74,-0.07246768769650913,0.7390214085711173,11.731601163791005,2.008398836208995
2019-09-16,2997.9599609375,14.67,-0.31405129163566414,0.6919374312159705,10.984166194885914,3.685833805114086
2019-09-17,3005.699951171875,14.44,0.2578425372462334,0.6688772066655733,10.61809647885997,3.8219035211400296
2019-09-18,3006.72998046875,13.95,0.0342633284267535,0.6342097390708272,10.067767491819438,3.882232508180561
2019-09-19,3006.7900390625,14.05,0.0019974521929810862,0.6012383749354077,9.544363312486192,4.5056366875138085
2019-09-20,2992.070068359375,15.32,-0.4907599104880589,0.5743948586896879,9.118235702682012,6.201764297317988
2019-09-23,2991.780029296875,14.91,-0.009694061782816732,0.5983539651541139,9.49857472672316,5.411425273276841
2019-09-24,2966.60009765625,17.05,-0.8451988963551926,0.5722894437097874,9.084813276021572,7.965186723978428
2019-09-25,2984.8701171875,15.96,0.6139685241963733,0.6665605487010171,10.581320673777894,5.378679326222107
2019-09-26,2977.6201171875,16.07,-0.24318710096125074,0.6649467203644841,10.555701943154602,5.514298056845398
2019-09-27,2961.7900390625,17.22,-0.5330534579129242,0.6403122693332516,10.164642156475162,7.0553578435248365
2019-09-30,2976.739990234375,16.24,0.5034910215249155,0.6554881184036152,10.405551291921759,5.83444870807824
2019-10-01,2940.25,18.56,-1.233412694541336,0.6425818778781163,10.200671075174236,8.359328924825762
2019-10-02,2887.610107421875,20.56,-1.8065404187643352,0.810213525432823,12.861740982936933,7.698259017063066
2019-10-03,2910.6298828125,19.12,0.7940304773866202,1.0743861182038488,17.055350884964575,2.064649115035426
2019-10-04,2952.010009765625,17.04,1.4116785239259855,1.020335382249793,16.19732205187788,0.8426779481221196
2019-10-07,2938.7900390625,17.86,-0.4488352273681606,1.07810423490523,17.1143741577888,0.7456258422112008
2019-10-08,2893.06005859375,20.28,-1.5683159552110304,1.0042662239509021,15.942232072055912,4.337767927944089
2019-10-09,2919.39990234375,18.64,0.9063296514845831,1.1368982320793095,18.04769992842509,0.5923000715749112
2019-10-10,2938.1298828125,17.57,0.6395202411782819,1.0859338848467235,17.2386659973761,0.3313340026239011
2019-10-11,2970.27001953125,15.58,1.0879579673789053,1.013885912776951,16.094939897997225,-0.5149398979972251
2019-10-14,2966.14990234375,14.57,-0.13880816732187995,1.0127312159861448,16.076609654708278,-1.506609654708278
2019-10-15,2995.679931640625,13.54,0.9906445376488549,0.9284314726990406,14.738392716762693,-1.1983927167626938
2019-10-16,2989.68994140625,13.68,-0.20015445531935683,0.9291046321487365,14.749078791742223,-1.069078791742223
2019-10-17,2997.949951171875,13.79,0.2759021969774622,0.8594493516977717,13.643335494287951,0.1466645057120477
2019-10-18,2986.199951171875,14.25,-0.3927045709799515,0.7960267815475812,12.636533405532237,1.6134665944677629
2019-10-21,3006.719970703125,14.0,0.6848114105334702,0.7623582628031977,12.102062239874906,1.8979377601250942
2019-10-22,2995.989990234375,14.46,-0.35750492583765947,0.750908726676443,11.920306488564249,2.539693511435752
2019-10-23,3004.52001953125,14.01,0.2843103345830045,0.7215806482213135,11.454737676422265,2.5552623235777343
2019-10-24,3010.2900390625,13.71,0.19186046591705974,0.6796058524738063,10.788408451138451,2.9215915488615494
2019-10-25,3022.550048828125,12.65,0.4064429510655998,0.6406636206081004,10.170219685051617,2.4797803149483837
2019-10-28,3039.419921875,13.11,0.5565819916117931,0.6209290287241622,9.856942750950092,3.253057249049908
2019-10-29,3036.889892578125,13.2,-0.08327519564801378,0.621300138361169,9.862833933802047,3.337166066197952
2019-10-30,3046.77001953125,12.33,0.32480894008575234,0.5938982726930703,9.42784280170012,2.9021571982998804
2019-10-31,3037.56005859375,13.22,-0.3027438634539692,0.5762791194946528,9.148147415652755,4.071852584347246
2019-11-01,3066.909912109375,12.3,0.9615930559647268,0.574416496352977,9.118579189938105,3.181420810061896
2019-11-04,3078.27001953125,12.83,0.3697245805312832,0.6586787475098013,10.456200958766635,2.373799041233365
2019-11-05,3074.6201171875,13.1,-0.11864027118200227,0.6326750350573614,10.0434048208851,3.0565951791149004
2019-11-06,3076.780029296875,12.62,0.07022505922886779,0.6050714998040211,9.605212283365843,3.0147877166341566
2019-11-07,3085.179931640625,12.73,0.27263752442809874,0.576729055420646,9.155289927049303,3.5747100729506975
2019-11-08,3093.080078125,12.07,0.25574031451167656,0.5589107805630587,8.872433582657077,3.197566417342923
2019-11-11,3087.010009765625,12.69,-0.19643954133385932,0.5434489584404602,8.626984765743202,4.063015234256797
2019-11-12,3091.840087890625,12.68,0.15634233012633558,0.5378260313922857,8.537723566084834,4.142276433915166
2019-11-13,3094.0400390625,13.0,0.07112815701173503,0.522337122792238,8.291844764671618,4.708155235328382
2019-11-14,3096.6298828125,13.05,0.08366926144560694,0.5087813404220989,8.076653390801807,4.9733466091981935
2019-11-15,3120.4599609375,12.05,0.76660287779724,0.4977954428274737,7.902257673016602,4.147742326983399
2019-11-18,3122.030029296875,12.46,0.05030263228107401,0.5638030489497281,8.95009593564574,3.509904064354261
2019-11-19,3120.179931640625,12.86,-0.05927700996934959,0.5427672288823646,8.616162644510466,4.243837355489534
2019-11-20,3108.4599609375,12.78,-0.3763256420940664,0.5284213202246326,8.388428404672823,4.391571595327177
2019-11-21,3103.5400390625,13.13,-0.1584006086188694,0.546264185475602,8.671675109458228,4.458324890541773
2019-11-22,3110.2900390625,12.34,0.21725739423761325,0.5370622833351667,8.52559944154416,3.8144005584558407
2019-11-25,3133.639892578125,11.87,0.7479251887467342,0.5238128213339227,8.315270752780009,3.5547292472199903
2019-11-26,3140.52001953125,11.54,0.21931636449394887,0.5785055004572742,9.183490117757463,2.356509882242536
2019-11-27,3153.6298828125,11.75,0.416573562529976,0.5577034208124253,8.853267340798089,2.896732659201911
2019-11-29,3140.97998046875,12.62,-0.40192862299885945,0.5550354958001806,8.810915344204279,3.8090846557957203
2019-12-02,3113.8701171875,14.91,-0.8668483693965001,0.5702602176300512,9.052600310656121,5.857399689343879
2019-12-03,3093.199951171875,15.96,-0.666022525804344,0.6702331548365202,10.639621488766082,5.320378511233919
2019-12-04,3112.760009765625,14.8,0.6303657608770052,0.70051537612216,11.120336848776658,3.679663151223343
2019-12-05,3117.429931640625,14.52,0.14991269266300122,0.6941380753088903,11.019100336850089,3.5008996631499105
2019-12-06,3145.909912109375,13.62,0.9094246030425523,0.6518802849438172,10.34827871128358,3.271721288716419
2019-12-09,3135.9599609375,15.86,-0.3167833684475596,0.7029081248583118,11.158320557410988,4.701679442589011
2019-12-10,3132.52001953125,15.68,-0.10975361689826713,0.6781265235479341,10.764924832467718,4.915075167532281
2019-12-11,3141.6298828125,14.99,0.29039375293500314,0.6423784888071471,10.197442373767199,4.792557626232801
2019-12-12,3168.570068359375,13.94,0.853866737555542,0.61389392277675,9.745263906247025,4.194736093752974
2019-12-13,3168.800048828125,12.63,0.007257915021519068,0.6642269777345647,10.544276383114171,2.0857236168858293
2019-12-16,3191.449951171875,12.14,0.7122360942542372,0.6267602334735789,9.949510256615222,2.190489743384779
2019-12-17,3192.52001953125,12.29,0.033523602846052825,0.648524612872146,10.295009068584818,1.994990931415181
2019-12-18,3191.139892578125,12.58,-0.043239364052283236,0.6132031734412478,9.734298600486893,2.845701399513107
2019-12-19,3205.3701171875,12.5,0.44493788218655794,0.5855911036493379,9.295970581367978,3.2040294186320217
2019-12-20,3221.219970703125,12.51,0.4932595804334028,0.580174533954487,9.209985203138231,3.3000147968617686
2019-12-23,3224.010009765625,12.61,0.08657687142985537,0.5812865906675597,9.227638556177773,3.3823614438222265
2019-12-24,3223.3798828125,12.67,-0.01954673024684439,0.5570477398934723,8.84285872889233,3.8271412711076707
2019-12-26,3239.909912109375,12.65,0.5115062410053994,0.5385944705385719,8.549922159357394,4.100077840642607
2019-12-27,3240.02001953125,13.43,0.0033984139657050605,0.5510772197265121,8.748079659535493,4.681920340464506
2019-12-30,3221.2900390625,14.82,-0.5797596079348821,0.5330935157354324,8.462597209062313,6.357402790937687
2019-12-31,3230.780029296875,13.78,0.29416906441905866,0.5831522261326741,9.257254601044544,4.522745398955456
2020-01-02,3257.85009765625,12.47,0.8343895362315834,0.5654559631548235,8.97633513519699,3.4936648648030104
2020-01-03,3234.85009765625,14.02,-0.7084909364953873,0.6253478756806072,9.92708977172054,4.092910228279459
2020-01-06,3246.280029296875,13.85,0.3527145194272663,0.6749650994677722,10.7147387810382,3.1352612189617997
2020-01-07,3237.179931640625,13.79,-0.2807175084594604,0.6448655510422775,10.236923262782973,3.553076737217026
2020-01-08,3253.050048828125,13.45,0.4890473485641422,0.6272654908327683,9.957530968538224,3.4924690314617752
2020-01-09,3274.699951171875,12.54,0.6633214116906316,0.6182845004099385,9.814962165423061,2.7250378345769377
2020-01-10,3265.35009765625,12.56,-0.2859262487506342,0.634282397596229,10.068920910152489,2.4910790898475117
2020-01-13,3288.1298828125,12.32,0.6951994045934384,0.6191816770981725,9.829204403817972,2.4907955961820285
2020-01-14,3283.14990234375,12.39,-0.1515680836895683,0.6399767373526775,10.159315751410114,2.2306842485898866
2020-01-15,3289.2900390625,12.42,0.1868450243687647,0.6130298622530556,9.731547370666604,2.688452629333396
2020-01-16,3316.81005859375,12.32,0.8331747422232638,0.5849924568701681,9.28646735836286,3.033532641637141
2020-01-17,3329.6201171875,12.1,0.38547232474837045,0.6391608216431198,10.146363491060432,1.9536365089395673
2020-01-21,3320.7900390625,12.85,-0.2655500369584729,0.617912359044286,9.809054604386603,3.040945395613397
2020-01-22,3321.75,12.91,0.02890342966814785,0.6039623928335075,9.587605756037759,3.3223942439622416
2020-01-23,3325.5400390625,12.98,0.11403261933580211,0.5761579012557962,9.146223135766476,3.833776864233524
2020-01-24,3295.469970703125,14.56,-0.908328942619363,0.5529967884187257,8.77855186784011,5.781448132159891
2020-01-27,3243.6298828125,18.23,-1.5855752356843666,0.6687561589527447,10.616174905990464,7.613825094009536
2020-01-28,3276.239990234375,16.28,1.000338350035257,0.9263965302349826,14.706089006609357,1.573910993390644
2020-01-29,3273.39990234375,16.39,-0.08672501435853519,0.9290919017323465,14.748876702647097,1.6411232973529035
2020-01-30,3283.659912109375,15.49,0.31294569302104946,0.8545391610139921,13.56538863365283,1.92461136634717
2020-01-31,3225.52001953125,18.84,-1.7864443571362187,0.7935148167614882,12.596657200775315,6.243342799224685
2020-02-03,3248.919921875,17.97,0.722842576123206,1.0585714738266796,16.804301188395083,1.1656988116049156
2020-02-04,3297.590087890625,16.05,1.4869315917506398,0.9991447224334975,15.860930755930156,0.18906924406984515
2020-02-05,3334.68994140625,15.15,1.1187778658973357,1.0783480220584518,17.118244158870343,-1.968244158870343
2020-02-06,3345.780029296875,14.96,0.33201550570023386,1.0690142174716957,16.97007460453456,-2.0100746045345588
2020-02-07,3327.7099609375,15.47,-0.5415491009459927,0.9784848427992936,15.532965334158366,-0.06296533415836514
2020-02-10,3352.090087890625,15.04,0.7299690120573743,0.9296660621406017,14.757991216564513,0.2820087834354865
2020-02-11,3357.75,15.18,0.1687048686003223,0.8928430174056695,14.173443503255491,1.0065564967445084
2020-02-12,3379.449951171875,13.74,0.6441853105203066,0.8214628905106224,13.040319117356326,0.6996808826436745
2020-02-13,3373.93994140625,14.15,-0.16317763599893453,0.7936978044238157,12.599562039860384,1.5504379601396163
2020-02-14,3380.159912109375,13.68,0.18418360984853166,0.742283212014064,11.783380688204673,1.8966193117953267
2020-02-18,3370.2900390625,14.83,-0.2924213986148061,0.6932822446869166,11.005514446909272,3.824485553090728
2020-02-19,3386.14990234375,14.38,0.4694748284284955,0.6679197800286243,10.602897802180234,3.777102197819767
2020-02-20,3373.22998046875,15.56,-0.38228174279968385,0.6490759188638109,10.30376077988629,5.256239220113711
2020-02-21,3337.75,17.08,-1.0573809232820253,0.6416016453039051,10.185110365464032,6.894889634535966
2020-02-24,3225.889892578125,25.03,-3.4088079420440565,0.7639716589979784,12.12767411046055,12.902325889539451
2020-02-25,3128.2099609375,27.85,-3.074790437535313,1.5908808406442267,25.254450419292006,2.5955495807079956
2020-02-26,3116.389892578125,27.56,-0.3785697323529291,1.9238250333748386,30.539775625862156,-2.979775625862157
2020-02-27,2978.760009765625,39.16,-4.5168136352262245,1.7333543749245564,27.516147659977136,11.64385234002286
2020-02-28,2954.219970703125,40.11,-0.8272463109652683,2.4366325957636046,38.680343308945645,1.4296566910543547
2020-03-02,3090.22998046875,33.42,4.501086876941329,2.2078379544589555,35.04834097576767,-1.6283409757676708
2020-03-03,3003.3701171875,36.82,-2.851048492291497,2.6749985351829966,42.46428528933764,-5.644285289337638
2020-03-04,3130.1201171875,31.99,4.133634936063402,2.6704392503730885,42.39190888675765,-10.40190888675765
2020-03-05,3023.93994140625,39.62,-3.451078243998218,2.9019164897365015,46.066496143921825,-6.446496143921827
2020-03-06,2972.3701171875,41.94,-1.7200943652385448,2.962705363147838,47.03148959307892,-5.091489593078926
2020-03-09,2746.56005859375,54.46,-7.901041294037192,2.742789137954575,43.540427746302214,10.919572253697787
2020-03-10,2882.22998046875,47.3,4.821505242585911,4.074288201085918,64.67732009806836,-17.377320098068367
2020-03-11,2741.3798828125,53.9,-5.010289280860558,4.11294902221325,65.2910416071752,-11.391041607175204
2020-03-12,2480.639892578125,75.47,-9.994485240247286,4.211154520552414,66.85000556308276,8.619994436917239
2020-03-13,2711.02001953125,57.83,8.880840694923542,5.565064273429846,88.34265658551438,-30.512656585514378
2020-03-16,2386.1298828125,82.69,-12.765219747281709,6.118740986721082,97.13200192609169,-14.442001926091692
2020-03-17,2529.18994140625,75.91,5.822631263569189,7.558412796362548,119.98608339326154,-44.07608339326154
2020-03-18,2398.10009765625,76.45,-5.322227233208032,7.121330757129734,113.04762112320354,-36.59762112320354
2020-03-19,2409.389892578125,72.0,0.46967609704013924,6.708441955302907,106.49321459066023,-34.49321459066023
2020-03-20,2304.919921875,66.04,-4.432762405336721,5.971085257893124,94.78803989729509,-28.748039897295087
2020-03-23,2237.39990234375,61.59,-2.973150100957689,5.6237363563404275,89.27404702721574,-27.68404702721574
2020-03-24,2447.330078125,61.67,8.968323251796306,5.157777198279188,81.87717470715728,-20.20717470715728
2020-03-25,2475.56005859375,63.95,1.14689904208225,5.851794774973756,92.89436218780642,-28.94436218780642
2020-03-26,2630.070068359375,61.0,6.054383107424677,5.225943152816609,82.95927568868139,-21.959275688681387
2020-03-27,2541.469970703125,65.54,-3.4267845541626762,5.252333072376839,83.3782026743336,-17.838202674333587
2020-03-30,2626.64990234375,57.08,3.2966590569975196,4.8891873318139485,77.61344275912285,-20.53344275912285
2020-03-31,2584.590087890625,53.54,-1.614231078841577,4.546410953844849,72.17203645064056,-18.632036450640562
2020-04-01,2470.5,57.06,-4.514636273278683,4.106681186128731,65.19154279394627,-8.131542793946267
2020-04-02,2526.89990234375,50.91,2.257265705696021,4.110180589566345,65.24709410134433,-14.337094101344334
2020-04-03,2488.64990234375,46.8,-1.5252860825945014,3.7672242908195193,59.8028316390607,-13.002831639060702
2020-04-06,2663.679931640625,45.24,6.796824414483105,3.419611019250786,54.28464202508213,-9.044642025082126
2020-04-07,2659.409912109375,46.7,-0.16043390483631015,4.099808756868642,65.0824463615958,-18.382446361595797
2020-04-08,2749.97998046875,43.35,3.3489371191285144,3.6528810638822256,57.98768918357649,-14.63768918357649
2020-04-09,2789.820068359375,41.67,1.4383470303699575,3.517923384535531,55.84530244115798,-14.175302441157982
2020-04-13,2761.6298828125,41.17,-1.0156059444677012,3.183855768781816,50.5421434469703,-9.372143446970298
2020-04-14,2846.06005859375,37.76,3.011455957230691,2.873705971632029,45.6186680523575,-7.858668052357501
2020-04-15,2783.360107421875,40.84,-2.2276732672368738,2.8294723669397195,44.91648134671076,-4.076481346710757
2020-04-16,2799.550048828125,40.11,0.5799837839541411,2.6944049249222037,42.77235217591086,-2.6623521759108613
2020-04-17,2874.56005859375,38.15,2.6440932021320585,2.413608392379413,38.31484541120599,-0.16484541120598806
2020-04-20,2823.159912109375,43.83,-1.8042845615347858,2.397049113812391,38.0519750133321,5.778024986667901
2020-04-21,2736.56005859375,45.41,-3.1155115236330744,2.2753504910682953,36.12006926925242,9.289930730747578
2020-04-22,2799.31005859375,41.98,2.2671300582136844,2.415922875726531,38.35158669530643,3.6284133046935665
2020-04-23,2797.800048828125,41.38,-0.05395676601960275,2.335840847986041,37.08032391598376,4.299676084016241
2020-04-24,2836.739990234375,35.93,1.3822090566839584,2.0881515176007914,33.14837769236285,2.78162230763715
2020-04-27,2878.47998046875,33.29,1.4606868181735955,1.9426846266435474,30.839162387563142,2.4508376124368567
2020-04-28,2863.389892578125,33.57,-0.5256170190484077,1.8290669681539218,29.035537974109047,4.534462025890953
2020-04-29,2939.510009765625,31.23,2.623670404507372,1.6581102090990243,26.321683557679957,4.908316442320043
2020-04-30,2912.429931640625,34.15,-0.9255143319054859,1.8154996517444209,28.820163503040657,5.3298364969593415
2020-05-01,2830.7099609375,37.19,-2.846021101477625,1.678510558588631,26.645529066129775,10.544470933870222
2020-05-04,2842.739990234375,35.97,0.42408225788497234,1.9224958525622122,30.518675534596266,5.451324465403733
2020-05-05,2868.43994140625,33.61,0.8999935197779863,1.7278598876346967,27.428925378272492,6.181074621727507
2020-05-06,2848.419921875,34.12,-0.700388039904265,1.5862486565899672,25.180916777084107,8.93908322291589
2020-05-07,2881.18994140625,31.44,1.14389557548904,1.4607735664621384,23.189061471814206,8.250938528185795
2020-05-08,2929.800048828125,27.98,1.6730795065226012,1.3854302845181883,21.993023949915514,5.986976050084486
2020-05-11,2930.18994140625,27.57,0.013306936679136072,1.4086539353642975,22.36168797795831,5.208312022041689
2020-05-12,2870.1201171875,33.04,-2.0713365772047965,1.2699880398456846,20.160435128748418,12.879564871251581
2020-05-13,2820.0,35.28,-1.761699662428029,1.445195491283112,22.941767194841574,12.338232805158427
2020-05-14,2852.5,32.61,1.1458917804072044,1.5029671427596238,23.85886373065966,8.75113626934034
2020-05-15,2863.699951171875,31.89,0.3918675203722799,1.4209177918625595,22.55637066441222,9.33362933558778
2020-05-18,2953.909912109375,29.3,3.1015208770073244,1.286828861624406,20.42777488655116,8.872225113448842
2020-05-19,2922.93994140625,30.53,-1.0539747711598935,1.695488186562916,26.915040554960164,3.614959445039837
2020-05-20,2971.610107421875,27.99,1.6513990613415075,1.5905817709998513,25.249702835869773,2.740297164130226
2020-05-21,2948.510009765625,29.53,-0.7803968309953113,1.5670460267336626,24.87608447837487,4.65391552162513
2020-05-22,2955.449951171875,28.16,0.2350945686812267,1.4518320074608406,23.047118623110336,5.112881376889664
2020-05-26,2991.77001953125,28.01,1.2214285021459936,1.3091566655575528,20.78221778572706,7.227782214272942
2020-05-27,3036.1298828125,27.62,1.4718447490315256,1.2711622813344645,20.179075634499092,7.4409243655009085
2020-05-28,3029.72998046875,28.59,-0.21101393249196576,1.2822318703354165,20.354799912172382,8.235200087827618
2020-05-29,3044.31005859375,27.51,0.48007935523077805,1.164967057684848,18.493278721300474,9.016721278699528
2020-06-01,3055.72998046875,28.23,0.3744216478363427,1.0691477779214034,16.97219481094408,11.257805189055919
2020-06-02,3080.820068359375,26.84,0.8177307282400292,0.9805796106169,15.566218742357215,11.273781257642785
2020-06-03,3122.8701171875,25.66,1.3556670812562288,0.9457262465284851,15.012938739965604,10.647061260034397
2020-06-04,3112.35009765625,25.81,-0.3374389083608875,1.0109239110066055,16.04791957759362,9.762080422406378
2020-06-05,3193.929931640625,24.52,2.587401282163704,0.938117334936868,14.89215101304983,9.62784898695017
2020-06-08,3232.389892578125,25.81,1.196965640580494,1.3369456864914615,21.2233548171416,4.586645182858398
2020-06-09,3207.179931640625,27.57,-0.7829743419721424,1.290265065963651,20.48232293936502,7.087677060634981
2020-06-10,3190.139892578125,27.57,-0.532725573518178,1.2178704061018324,19.33309334190413,8.236906658095869
2020-06-11,3002.10009765625,40.79,-6.0752692996288715,1.1305812713618473,17.947421285824074,22.842578714175925
2020-06-12,3041.31005859375,36.09,1.2976286605210774,2.713490670040934,43.07532898693402,-6.9853289869340145
2020-06-15,3066.590087890625,34.4,0.8277860818175498,2.4724009092943358,39.24814768345665,-4.848147683456652
2020-06-16,3124.739990234375,33.67,1.8784852866710722,2.229375046041309,35.39023170551086,-1.7202317055108551
2020-06-17,3113.489990234375,33.47,-0.36067962326296055,2.1243161013833816,33.72247266210421,-0.2524726621042106
2020-06-18,3115.340087890625,32.94,0.059404340380275755,1.9088248848000609,30.301655649314863,2.6383443506851343
2020-06-19,3097.739990234375,35.12,-0.5665513565674019,1.7100522769206188,27.146238321910293,7.973761678089705
2020-06-22,3117.860107421875,31.77,0.6474093296658268,1.5571740678261798,24.719371989041385,7.050628010958615
2020-06-23,3131.2900390625,31.37,0.4298169191484291,1.4192714553922336,22.53023588316331,8.83976411683669
2020-06-24,3050.330078125,33.84,-2.619526559566232,1.2870237622370493,20.43086883785973,13.409131162140273
2020-06-25,3083.760009765625,32.22,1.0899827728216849,1.6018144430531533,25.428015976740465,6.791984023259534
2020-06-26,3009.050048828125,34.73,-2.4525204274830514,1.4974388883096468,23.771105411906106,10.95889458809389
2020-06-29,3053.239990234375,31.78,1.457888811353314,1.6981150970485506,26.956741466128666,4.823258533871336
2020-06-30,3100.2900390625,30.43,1.5292349435755526,1.624842136625983,25.793569279507114,4.636430720492886
2020-07-01,3115.860107421875,28.62,0.50095639758716,1.5751874055871067,25.005324861027113,3.6146751389728884
2020-07-02,3130.010009765625,27.68,0.4530970476816165,1.4264545787910003,22.644264432062265,5.035735567937735
2020-07-06,3179.719970703125,27.94,1.5756930832163007,1.2943751227680482,20.547568068437727,7.392431931562275
2020-07-07,3145.320068359375,29.43,-1.0877477869643215,1.3195483534629613,20.94718071712651,8.48281928287349
2020-07-08,3169.93994140625,28.08,0.7796986263430838,1.2832062044578043,20.370266986862717,7.709733013137281
2020-07-09,3152.050048828125,29.26,-0.5659591476195658,1.1945661874483058,18.963150339568706,10.296849660431295
2020-07-10,3185.0400390625,27.29,1.0411809774444336,1.113873500469072,17.682193645356914,9.607806354643085
2020-07-13,3155.219970703125,32.19,-0.9406645216058607,1.0855814860927409,17.233071840583897,14.956928159416101
2020-07-14,3197.52001953125,29.52,1.3317300582903258,1.0714931294251713,17.00942611184009,12.510573888159911
2020-07-15,3226.56005859375,27.76,0.9041056936354153,1.1011293502310888,17.479886532153625,10.280113467846377
2020-07-16,3215.570068359375,28.0,-0.3411915214114103,1.0560969810252874,16.76501983295406,11.23498016704594
2020-07-17,3224.72998046875,25.68,0.2844562587583255,0.9769442382293543,15.508508994793871,10.171491005206128
2020-07-20,3251.840087890625,24.46,0.8371797255140478,0.8971318988544503,14.241527385552166,10.218472614447835
2020-07-21,3257.300048828125,24.84,0.16776293345603932,0.8805396428909423,13.978133487738344,10.861866512261656
2020-07-22,3276.02001953125,24.32,0.573063059447243,0.8108764542515966,12.87226465168541,11.447735348314591
2020-07-23,3235.659912109375,26.08,-1.2396378412246278,0.7770042217131401,12.334559629801573,13.745440370198425
2020-07-24,3215.6298828125,25.84,-0.6209640024275487,0.9000355479225343,14.287621385524695,11.552378614475305
2020-07-27,3239.409912109375,24.74,0.7367928821482295,0.8747652596159644,13.886467995016169,10.85353200498383
2020-07-28,3218.43994140625,25.44,-0.6494435418646916,0.8487188954035199,13.472994781434924,11.967005218565077
2020-07-29,3258.43994140625,24.1,1.235178335174325,0.8372746563925584,13.291323119230595,10.808676880769406
2020-07-30,3246.219970703125,24.76,-0.3757301763455345,0.9056606463342961,14.376917054511411,10.38308294548859
2020-07-31,3271.1201171875,24.46,0.7641236242175609,0.8521103267501341,13.526832085025065,10.933167914974936
2020-08-03,3294.610107421875,24.28,0.7155362664359899,0.8339696651434597,13.238858009648437,11.041141990351564
2020-08-04,3306.510009765625,23.76,0.3605423026133536,0.8127839644700188,12.902545437652968,10.857454562347034
2020-08-05,3327.77001953125,22.99,0.6409160435516981,0.760728016367514,12.076182880007494,10.913817119992505
2020-08-06,3349.159912109375,22.65,0.6407126020665288,0.7438801751363038,11.808731691850998,10.841268308149
2020-08-07,3351.280029296875,22.21,0.06328292699571136,0.7302568951424474,11.592468826422525,10.617531173577476
2020-08-10,3360.469970703125,22.13,0.27384652733921655,0.6817808475190501,10.822935427093528,11.307064572906471
2020-08-11,3333.68994140625,24.03,-0.8001055401377855,0.6457559590742636,10.25105805209103,13.77894194790897
2020-08-12,3380.35009765625,22.28,1.3899502293613253,0.7081797736976408,11.24200538837975,11.03799461162025
2020-08-13,3373.429931640625,22.13,-0.20492726761567326,0.8521078690841731,13.526793070787434,8.603206929212565
2020-08-14,3372.85009765625,22.05,-0.017189739627809786,0.794137297862291,12.606538781906687,9.443461218093313
2020-08-17,3381.989990234375,21.35,0.2706177507423746,0.7371017297997812,11.701127208034492,9.648872791965509
2020-08-18,3389.780029296875,21.51,0.2300740419816094,0.6919970370886533,10.9851124087807,10.5248875912193
2020-08-19,3374.85009765625,22.54,-0.4414123345181764,0.6523590382459757,10.355878684344756,12.184121315655243
2020-08-20,3385.510009765625,22.72,0.3153654768345504,0.6516876469412879,10.345220677797064,12.374779322202935
2020-08-21,3397.159912109375,22.54,0.34351999829738133,0.6231020614614418,9.891438576231952,12.648561423768047
2020-08-24,3431.280029296875,22.37,0.9993615364901842,0.6014924904913123,9.548397271877372,12.82160272812263
2020-08-25,3443.6201171875,22.03,0.3589899745540137,0.6858431679796457,10.88742276520104,11.142577234798962
2020-08-26,3478.72998046875,23.27,1.0144001344842835,0.6543210886826403,10.387025269435835,12.882974730564165
2020-08-27,3484.550048828125,24.47,0.16716460318093596,0.7262854475422301,11.52942405025193,12.94057594974807
2020-08-28,3508.010009765625,22.96,0.6710002849569463,0.679347814928437,10.784312232094663,12.175687767905337
2020-08-31,3500.31005859375,26.41,-0.21973751755091087,0.682989824638728,10.842127343890137,15.567872656109863
2020-09-01,3526.64990234375,26.12,0.7496831420706229,0.6533049397694678,10.370894405520257,15.749105594479744
2020-09-02,3580.840087890625,26.57,1.5249050143870235,0.6749739025538131,10.714878525696806,15.855121474303195
2020-09-03,3455.06005859375,33.6,-3.5757594142186377,0.8670425515532021,13.763873805124035,19.836126194875966
2020-09-04,3426.9599609375,30.75,-0.8166280754274169,1.6918844943447036,26.85783371449411,3.8921662855058905
2020-09-08,3331.840087890625,31.46,-2.8148829086466876,1.562083872276227,24.79731271840608,6.6626872815939215
2020-09-09,3398.9599609375,28.81,1.9944760662180983,1.8350675059061432,29.130793557859242,-0.32079355785924335
2020-09-10,3339.18994140625,29.71,-1.7741245925396498,1.821334892526762,28.912795078742196,0.797204921257805
2020-09-11,3340.969970703125,26.87,0.0532930158087197,1.799472035804089,28.56573298771642,-1.6957329877164184
2020-09-14,3383.5400390625,25.85,1.26613350250242,1.6135904088410709,25.61495363827507,0.23504636172492965
2020-09-15,3401.199951171875,25.59,0.5205785930499474,1.5286539969035622,24.26662989883036,1.3233701011696404
2020-09-16,3385.489990234375,26.04,-0.46296468921518397,1.386863517344943,22.0157758156982,4.024224184301801
2020-09-17,3357.010009765625,26.46,-0.8447949528552101,1.2699906807327683,20.160477051531203,6.299522948468798
2020-09-18,3319.469970703125,25.83,-1.1245576947828795,1.2085320937130217,19.184852228429172,6.6451477715708265
2020-09-21,3281.06005859375,27.78,-1.1638564027299125,1.1996775694473671,19.04429101332092,8.735708986679082
2020-09-22,3315.570068359375,26.86,1.0463016398377434,1.1993240944914152,19.03867977235209,7.8213202276479095
2020-09-23,3236.919921875,28.58,-2.40073389143749,1.156041578410082,18.35159113034192,10.228408869658079
2020-09-24,3246.590087890625,28.51,0.2983005554629159,1.4574128326896298,23.135711477105684,5.374288522894318
2020-09-25,3298.4599609375,26.38,1.585043922418805,1.3155559424308636,20.883803156791625,5.496196843208374
2020-09-28,3351.60009765625,26.19,1.5982191853854744,1.3377586005226079,21.23625942732373,4.953740572676271
2020-09-29,3335.469970703125,26.27,-0.4824282704444016,1.3575056626928967,21.549734321084024,4.720265678915975
2020-09-30,3363.0,26.37,0.8219842568379931,1.2460916726327207,19.781092059448138,6.588907940551863
2020-10-01,3380.800048828125,26.7,0.5278949564294422,1.167447341723402,18.532652009781373,8.167347990218627
2020-10-02,3348.419921875,27.63,-0.962381286637104,1.0744421806604476,17.056240848872864,10.573759151127135
2020-10-05,3408.60009765625,27.96,1.7813109002901228,1.0660799525798998,16.92349459342768,11.03650540657232
2020-10-06,3360.969970703125,29.48,-1.4072064387523397,1.1936067500675946,18.947919743321304,10.532080256678697
2020-10-07,3419.43994140625,28.06,1.7247163770241158,1.2399624129457536,19.683793078332247,8.376206921667752
2020-10-08,3446.830078125,26.36,0.797821289486933,1.3077433948275192,20.759782808405806,5.600217191594194
2020-10-09,3477.139892578125,25.0,0.8755095180752903,1.2171876598331222,19.322255080890745,5.677744919109255
2020-10-12,3534.219970703125,25.07,1.6282530158324704,1.1490720149589513,18.24095274051166,6.829047259488341
2020-10-13,3511.929931640625,26.07,-0.6326891629163001,1.2194844680585648,19.358715781133117,6.711284218866883
2020-10-14,3488.669921875,26.4,-0.6645172084059681,1.1416460163025086,18.123068666424174,8.276931333575824
2020-10-15,3483.340087890625,26.97,-0.15289235142130764,1.0796960822583919,17.139643951118654,9.830356048881345
2020-10-16,3483.81005859375,27.41,0.013491045663016621,0.9868308377783653,15.66545389710647,11.74454610289353
2020-10-19,3426.919921875,29.18,-1.646466351494169,0.9021407493530245,14.321040422193342,14.858959577806658
2020-10-20,3443.1201171875,29.35,0.4716195320000338,1.0874251196838323,17.262338616528414,12.087661383471588
2020-10-21,3435.56005859375,28.65,-0.2198114011569885,1.0019247328681804,15.90506205344417,12.74493794655583
2020-10-22,3453.489990234375,28.11,0.5205354003491536,0.9228947087802195,14.650499314379037,13.459500685620963
2020-10-23,3465.389892578125,27.55,0.3439838320389299,0.8655140267658223,13.739609226362806,13.810390773637195
2020-10-26,3400.969970703125,32.46,-1.8764472985321135,0.8044718861042632,12.770595284249751,19.68940471575025
2020-10-27,3390.679931640625,33.35,-0.3030205350446735,1.0916506128239598,17.329416240620734,16.020583759379267
2020-10-28,3271.030029296875,40.28,-3.5925542108577346,1.0048393405469755,15.951330015968637,24.328669984031364
2020-10-29,3310.110107421875,37.59,1.1876524939998134,1.7569660981030188,27.890972145312602,9.699027854687401
2020-10-30,3269.9599609375,38.02,-1.22037134452615,1.6397818692431658,26.030730182460307,11.989269817539697
2020-11-02,3310.239990234375,37.13,1.2242950890591686,1.5653908835204606,24.8498098944169,12.280190105583102
2020-11-03,3369.159912109375,35.55,1.7642737684077758,1.483024940264532,23.54229108027823,12.007708919721768
2020-11-04,3443.43994140625,29.57,2.180752565509181,1.5018307211486084,23.840823596856062,5.7291764031439385
2020-11-05,3510.449951171875,27.58,1.9273265776702075,1.600833698730249,25.412447143271606,2.167552856728392
2020-11-06,3509.43994140625,24.86,-0.02877565853740549,1.6244290238463668,25.78701131743739,-0.9270113174373904
2020-11-09,3550.5,25.75,1.1631974746343587,1.45999491717392,23.176700797563225,2.5732992024367753
2020-11-10,3545.530029296875,24.8,-0.14007752208673452,1.3872746260627609,22.022301964273137,2.777698035726864
2020-11-11,3572.659912109375,23.45,0.7622728362992603,1.2541402735762863,19.908859638440184,3.5411403615598154
2020-11-12,3537.010009765625,25.35,-1.0028651547070666,1.1681835400437042,18.54433879580823,6.805661204191772
2020-11-13,3585.14990234375,23.1,1.3518546706293932,1.1476389725743907,18.218203897905084,4.881796102094917
2020-11-16,3626.909912109375,22.45,1.1580734922832292,1.1638600585834034,18.475705655356506,3.974294344643493
2020-11-17,3609.530029296875,22.71,-0.48034437846471434,1.1437990677002414,18.157247297774223,4.552752702225778
2020-11-18,3567.7900390625,23.84,-1.1631210647481183,1.0628619508632995,16.87241039986346,6.967589600136542
2020-11-19,3581.8701171875,23.11,0.3938675690733362,1.0923842968020687,17.341063112702667,5.768936887297333
2020-11-20,3557.5400390625,23.7,-0.6815737372919628,1.0016139650041544,15.900128766542068,7.799871233457932
2020-11-23,3577.590087890625,22.66,0.5620108181849659,0.9657632939796559,15.331017007348393,7.328982992651607
2020-11-24,3635.409912109375,21.64,1.6032458814033035,0.9052771444210566,14.370829150372915,7.269170849627086
2020-11-25,3629.64990234375,21.25,-0.15856747555105244,1.0384160859643372,16.484344325224235,4.765655674775765
2020-11-27,3638.35009765625,20.84,0.23941110259020348,0.9513887955224506,15.102828918514113,5.7371710814858865
2020-11-30,3621.6298828125,20.57,-0.4606140636973066,0.8735729886547721,13.867541280263856,6.7024587197361445
2020-12-01,3662.449951171875,20.77,1.1208140661594257,0.8336679549403123,13.234068508655204,7.535931491344796
2020-12-02,3669.010009765625,21.17,0.1789564528603904,0.8795280564934013,13.962075051513047,7.207924948486955
2020-12-03,3666.719970703125,21.28,-0.062435208029398837,0.8102256510988469,12.861933471917615,8.418066528082386
2020-12-04,3699.1201171875,20.79,0.8797463715186638,0.7520081514468405,11.937759315730426,8.852240684269573
2020-12-07,3691.9599609375,21.3,-0.1937513438964089,0.7727638201255056,12.267245341442027,9.032754658557973
2020-12-08,3702.25,20.68,0.27832711701716306,0.7264122652045282,11.531437218229678,9.148562781770321
2020-12-09,3672.820068359375,22.27,-0.7980964948473002,0.6833683803993942,10.8481367302907,11.4218632697093
2020-12-10,3668.10009765625,22.52,-0.12859345277718148,0.7351603374156047,11.670308559360139,10.84969144063986
2020-12-11,3663.4599609375,23.31,-0.12657980842316618,0.6911072884079186,10.97098808634927,12.33901191365073
2020-12-14,3647.489990234375,24.72,-0.43687882451468596,0.6540705339961863,10.383047837094761,14.336952162905238
2020-12-15,3694.6201171875,22.89,1.2838482022218045,0.6524435086325698,10.35721961016122,12.53278038983878
2020-12-16,3701.169921875,22.5,0.17712256203239463,0.7884443443483414,12.516165946566515,9.983834053433485
2020-12-17,3722.47998046875,21.93,0.5741142808982858,0.7323069544437493,11.625012508927602,10.304987491072398
2020-12-18,3709.409912109375,21.57,-0.3517296952148641,0.7127659843540533,11.314809225521879,10.255190774478121
2020-12-21,3694.919921875,25.16,-0.39139284869094126,0.6897097317648001,10.948802562424362,14.211197437575638
2020-12-22,3687.260009765625,24.23,-0.20752446917704503,0.6753381661540531,10.720661031084253,13.509338968915747
2020-12-23,3690.010009765625,23.31,0.0745533271818033,0.6460643723287226,10.255953960725039,13.05404603927496
2020-12-24,3703.06005859375,21.53,0.35303499794867577,0.6108697219990366,9.697256207211678,11.832743792788323
2020-12-28,3735.360107421875,21.7,0.868470753841244,0.5922095463860523,9.401035102655186,12.298964897344813
2020-12-29,3727.0400390625,23.08,-0.2229864827279826,0.6514017296343902,10.34068188125958,12.739318118740417
2020-12-30,3732.0400390625,22.77,0.134064809508061,0.6275367149212212,9.961836517463924,12.808163482536076
2020-12-31,3756.070068359375,22.75,0.6418204711703623,0.5958270606455083,9.458461361223689,13.291538638776311
2021-01-04,3700.64990234375,26.97,-1.4864762712026192,0.6137129347318707,9.742390810104867,17.227609189895134
2021-01-05,3726.860107421875,25.34,0.705763138336124,0.865491038280603,13.739244295473355,11.600755704526645
2021-01-06,3748.139892578125,25.07,0.5693603382475487,0.837209008623936,13.290280993211189,11.779719006788811
2021-01-07,3803.7900390625,22.37,1.47382601077517,0.7984010721325445,12.674224100100327,9.695775899899674
2021-01-08,3824.679931640625,21.56,0.5476837393516121,0.9334790402942603,14.818520368259131,6.741479631740868
2021-01-11,3799.610107421875,24.08,-0.6576327616620858,0.8767953257683593,13.918694296121648,10.16130570387835
2021-01-12,3801.18994140625,23.33,0.04157020305690651,0.8610079921564167,13.66807814450958,9.661921855490418
2021-01-13,3809.840087890625,22.21,0.22730563867252584,0.7934318942474167,12.595340846673386,9.614659153326615
2021-01-14,3795.5400390625,23.25,-0.376051306874281,0.7379541966758829,11.714659700165004,11.535340299834996
2021-01-15,3768.25,24.34,-0.7216000798278444,0.7128678361826756,11.316426073176551,13.023573926823449
2021-01-19,3798.909912109375,23.24,0.8103457635762368,0.7427351876480084,11.790555578961138,11.44944442103886
2021-01-20,3851.85009765625,21.58,1.3839417376511065,0.7539791962304907,11.969048681653483,9.610951318346515
2021-01-21,3853.070068359375,21.32,0.03166731613131191,0.8811474435231523,13.987782023655557,7.3322179763444435
2021-01-22,3841.469970703125,21.91,-0.30151526629378367,0.8108123822007138,12.871247539409655,9.038752460590345
2021-01-25,3855.360107421875,23.19,0.3609317513017629,0.766183629149368,12.162788048028998,11.027211951971003
2021-01-26,3849.6201171875,23.02,-0.1489943161153917,0.7214995484111262,11.453450256847484,11.566549743152516
2021-01-27,3750.77001953125,37.21,-2.6013315126100167,0.680715217066614,10.806019068093669,26.403980931906332
2021-01-28,3787.3798828125,30.21,0.9713298778759594,1.2673291287769244,20.11822622407136,10.09177377592864
2021-01-29,3714.239990234375,33.09,-1.9500377654791734,1.2024309277874843,19.087999221950092,14.002000778049911
2021-02-01,3773.860107421875,30.24,1.5924300234678057,1.3682362126032679,21.720076520046877,8.519923479953121
2021-02-02,3826.31005859375,25.56,1.3802528814311543,1.3802570387974595,21.91090122002705,3.649098779972949
2021-02-03,3830.169921875,22.91,0.10082606153449802,1.3534126399291269,21.484759599023256,1.4252404009767439
2021-02-04,3871.739990234375,21.77,1.0794847643921912,1.2213058048378251,19.387628606162828,2.382371393837172
2021-02-05,3886.830078125,20.87,0.38899196077633036,1.178722722244676,18.711643126562848,2.158356873437153
2021-02-08,3915.590087890625,21.24,0.7372107476289358,1.0759979425724044,17.080937803582447,4.159062196417551
2021-02-09,3911.22998046875,21.63,-0.1114145421722057,1.0152938073330346,16.117289531202818,5.512710468797181
2021-02-10,3909.8798828125,21.99,-0.034524452239104164,0.9296417155346095,14.75760472617617,7.232395273823828
2021-02-11,3916.3798828125,21.25,0.1661074814588659,0.8535930894199747,13.550370212691435,7.699629787308565
2021-02-12,3934.830078125,19.97,0.46999709261612566,0.7877322698708228,12.504862114671692,7.465137885328307
2021-02-16,3932.590087890625,21.46,-0.05694345154143576,0.7478467463301393,11.871699057470126,9.588300942529875
2021-02-17,3931.330078125,21.5,-0.03204533489178374,0.6988643686410377,11.094127917530118,10.405872082469882
2021-02-18,3913.969970703125,22.49,-0.4425614227242747,0.6567764826065305,10.42600343959571,12.063996560404288
2021-02-19,3906.7099609375,22.05,-0.18566190956654793,0.6553388178722522,10.403181219462182,11.646818780537819
2021-02-22,3876.5,23.45,-0.7762892893710571,0.6279730011863334,9.968762347211443,13.481237652788556
2021-02-23,3881.3701171875,23.11,0.125552961152664,0.6904553742448892,10.96063926984005,12.14936073015995
2021-02-24,3925.429931640625,21.34,1.1287667670986323,0.6484113205696632,10.293210609037855,11.046789390962145
2021-02-25,3829.340087890625,28.89,-2.4783394424172656,0.7478201909696442,11.871277504191053,17.018722495808948
2021-02-26,3811.14990234375,27.95,-0.47615322937986093,1.254837090886175,19.919921270307448,8.030078729692551
2021-03-01,3901.820068359375,23.35,2.3512173225693545,1.1573677445957047,18.372643365887726,4.977356634112276
2021-03-02,3870.2900390625,24.1,-0.8113678739508856,1.400925492590105,22.239002752344465,1.8609972476555363
2021-03-03,3819.719970703125,26.67,-1.3152335894801581,1.3141461989872405,20.861424173406242,5.80857582659376
2021-03-04,3768.469970703125,28.57,-1.3508038064390604,1.3162081952079152,20.894157348631804,7.675842651368196
2021-03-05,3841.93994140625,24.66,1.9308356338710198,1.3241693000764423,21.02053597049237,3.6394640295076286
2021-03-08,3821.35009765625,25.47,-0.537364322402567,1.4145815133190562,22.455785360829754,3.0142146391702447
2021-03-09,3875.43994140625,24.03,1.4055400743931301,1.299471976626112,20.628478115101387,3.4015218848986137
2021-03-10,3898.81005859375,22.56,0.6012203770987767,1.2929112174055475,20.52432929124506,2.035670708754939
2021-03-11,3939.340087890625,21.91,1.0341825500656654,1.1875948426149006,18.852483671171516,3.057516328828484
2021-03-12,3943.340087890625,20.69,0.10148833275316349,1.1447322331221454,18.172060839604878,2.517939160395123
2021-03-15,3968.93994140625,20.03,0.6470939539413578,1.0389298640729299,16.49250029985067,3.5374997001493327
2021-03-16,3962.7099609375,19.79,-0.15709169785971255,0.9748915888643472,15.475924196302131,4.314075803697868
2021-03-17,3974.1201171875,19.23,0.2875244650159203,0.8966017211764072,14.233111075831488,4.996888924168513
2021-03-18,3915.4599609375,21.58,-1.4870560065947558,0.8282709914427153,13.148394369157995,8.431605630842004
2021-03-19,3913.10009765625,20.95,-0.06028856737536614,0.997005479885446,15.826971333273,5.123028666726999
2021-03-22,3940.590087890625,18.88,0.7000556898342225,0.9123210727356115,14.482648045812587,4.397351954187412
2021-03-23,3910.52001953125,20.3,-0.7660118119334314,0.8749651834254661,13.889641687102783,6.410358312897218
2021-03-24,3889.139892578125,21.2,-0.5482336600348248,0.8759838061555801,13.905811821644859,7.2941881783551406
2021-03-25,3909.52001953125,19.81,0.5226583432728305,0.8457910163809749,13.426516142859702,6.3834838571402965
2021-03-26,3974.5400390625,18.86,1.649441865871637,0.8009959030739326,12.715415764291338,6.1445842357086615
2021-03-29,3971.090087890625,20.74,-0.08683896263868007,0.9805264984063392,15.565375612152865,5.174624387847134
2021-03-30,3958.550048828125,19.61,-0.3162829409649959,0.8988376581960801,14.268605475639031,5.341394524360968
2021-03-31,3972.889892578125,19.4,0.36159535924209507,0.8413936825701612,13.35671063268881,6.043289367311189
2021-04-01,4019.8701171875,17.33,1.175583042767414,0.7850017946562149,12.461517164398423,4.868482835601576
2021-04-05,4077.909912109375,17.91,1.43349877622434,0.8548660483946338,13.570577809948249,4.339422190051751
2021-04-06,4073.93994140625,18.12,-0.09740049407973572,0.9626655659403389,15.281842099220327,2.838157900779674
2021-04-07,4079.949951171875,17.16,0.1474145698107776,0.8837796378536735,14.029566813261276,3.130433186738724
2021-04-08,4097.169921875,16.95,0.421175094059123,0.8133303350059657,12.91121880102382,4.03878119897618
2021-04-09,4128.7998046875,16.69,0.769028813568795,0.76532007871849,12.149079609921003,4.540920390078998
2021-04-12,4127.990234375,16.91,-0.019609807474019192,0.76526423702859,12.148193150575414,4.761806849424586
2021-04-13,4141.58984375,16.65,0.32890718770630656,0.7125973645027727,11.312132468366297,5.337867531633702
2021-04-14,4124.66015625,16.99,-0.4096104320730376,0.6745831317713091,10.708675231835992,6.281324768164007
2021-04-15,4170.419921875,16.57,1.1033101401119794,0.6653362200878676,10.56188505957741,6.00811494042259
2021-04-16,4185.47021484375,16.25,0.3602323390516915,0.7536702663484973,11.964144571811616,4.285855428188384
2021-04-19,4163.259765625,17.29,-0.5320689893757446,0.7109553240801914,11.286065884761104,6.003934115238895
2021-04-20,4134.93994140625,18.68,-0.6825561005078029,0.7105949762688585,11.280345540595464,7.399654459404536
2021-04-21,4173.419921875,17.5,0.9263020919853204,0.7341250254275362,11.653873491061379,5.846126508938621
2021-04-22,4134.97998046875,18.71,-0.9253337860554822,0.7674209022852156,12.182429150156883,6.5275708498431175
2021-04-23,4180.169921875,17.33,1.08694098955322,0.822650545873518,13.059172561757169,4.270827438242829
2021-04-26,4187.6201171875,17.64,0.17806845645829128,0.8646216116654759,13.725442575832274,3.914557424167727
2021-04-27,4186.72021484375,17.56,-0.02149189814453223,0.7974195215874761,12.658642468251381,4.9013575317486175
2021-04-28,4183.18017578125,17.28,-0.08458975873963936,0.7399933847683162,11.74703080757938,5.532969192420621
2021-04-29,4211.47021484375,17.61,0.67400415367036,0.6932166865042669,11.004473743023093,6.605526256976907
2021-04-30,4181.169921875,18.61,-0.7220713417121161,0.6943497614841206,11.022460750703988,7.587539249296011
2021-05-03,4192.66015625,18.31,0.2744321649512216,0.7288180243042518,11.569627459982874,6.740372540017125
2021-05-04,4164.66015625,19.48,-0.6700737489847342,0.6852037360738249,10.877272098382068,8.602727901617932
2021-05-05,4167.58984375,19.15,0.070321644711413,0.712583350049149,11.311909995812004,7.838090004187995
2021-05-06,4201.6201171875,18.39,0.8132299498631923,0.6668084072891086,10.585255306884305,7.804744693115696
2021-05-07,4232.60009765625,16.69,0.7346291419187523,0.6961060727490508,11.050341327694946,5.639658672305055
2021-05-10,4188.43017578125,19.66,-1.04904805031385,0.7056428462613368,11.201732913835688,8.458267086164312
2021-05-11,4152.10009765625,21.84,-0.8711750141781494,0.8054397955517274,12.785960370387473,9.054039629612527
2021-05-12,4063.0400390625,27.59,-2.168278235830279,0.8404809349479226,13.342221213379556,14.247778786620444
2021-05-13,4112.5,23.13,1.2099644578093205,1.2011819276827695,19.06817195996268,4.0618280400373195
2021-05-14,4173.85009765625,18.81,1.4807778563623586,1.1820243054922064,18.764054135797306,0.04594586420269309
2021-05-17,4163.2900390625,19.72,-0.2533258183960996,1.214647305000954,19.281928198124078,0.4380718018759211
2021-05-18,4127.830078125,21.34,-0.8553772384033209,1.1081948261204984,17.59204748473983,3.7479525152601703
2021-05-19,4115.68017578125,22.18,-0.29477518113782963,1.0768323802559208,17.094184091153437,5.085815908846563
2021-05-20,4159.1201171875,20.67,1.0499429334508648,0.9915926954642639,15.741046044399885,4.928953955600116
2021-05-21,4155.85986328125,20.15,-0.07841880752526009,0.9888024416520551,15.69675213830876,4.4532478616912385
2021-05-24,4197.0498046875,18.4,0.9862497481215371,0.9057282792949168,14.377990694476813,4.022009305523186
2021-05-25,4188.1298828125,18.84,-0.2127545400828268,0.9104814296715295,14.453444617520471,4.3865553824795285
2021-05-26,4195.990234375,17.36,0.18750575506114586,0.8442517344047724,13.402080799019888,3.957919200980111
2021-05-27,4200.8798828125,16.74,0.1164636089862725,0.7801795541309184,12.384966469245992,4.355033530754007
2021-05-28,4204.10986328125,16.76,0.07685864528870212,0.7243252315964989,11.4983065868016,5.261693413198401
2021-06-01,4202.0400390625,17.9,-0.049245475863024524,0.6767299184976847,10.742754414611298,7.157245585388701
2021-06-02,4208.1201171875,17.48,0.14458890369013488,0.6387201946872978,10.139368754984092,7.340631245015908
2021-06-03,4192.85009765625,18.04,-0.36353030560487554,0.6053262899290833,9.609256951210421,8.430743048789578
2021-06-04,4229.89013671875,16.42,0.8795303383015707,0.6045130064683734,9.596346476515777,6.823653523484225
2021-06-07,4226.52001953125,16.42,-0.07970562694215033,0.6624931450360022,10.51675264230184,5.903247357698161
2021-06-08,4227.259765625,17.07,0.01750095494408299,0.6279656789421922,9.968646110189226,7.101353889810774
2021-06-09,4219.5498046875,17.89,-0.1825532590615353,0.5962810188684667,9.465667724605055,8.424332275394946
2021-06-10,4239.18017578125,16.1,0.464145477646305,0.5793348420895926,9.196655508023625,6.903344491976377
2021-06-11,4247.43994140625,15.65,0.19465389328079397,0.577273366847262,9.163930603072885,6.486069396927116
2021-06-14,4255.14990234375,16.39,0.18135563851373604,0.5557457458027352,8.822190213456931,7.567809786543069
2021-06-15,4246.58984375,17.02,-0.20137199542773487,0.5376638772991355,8.535149449657553,8.484850550342447
2021-06-16,4223.7001953125,18.15,-0.5404703747025508,0.5336362789101359,8.47121330734873,9.678786692651268
2021-06-17,4221.85986328125,17.75,-0.04358105436725879,0.576334257257352,9.149022700500456,8.600977299499544
2021-06-18,4166.4501953125,20.7,-1.3211355687284154,0.5552043949666319,8.813596535350735,11.886403464649264
2021-06-21,4224.7900390625,17.89,1.3905163512319518,0.783149192006537,12.432108009062821,5.4578919909371795
2021-06-22,4246.43994140625,16.66,0.5111406378990324,0.9026304975949082,14.328814934511673,2.3311850654883273
2021-06-23,4241.83984375,16.32,-0.10838705186486663,0.8476408988391478,13.45588211649386,2.8641178835061396
2021-06-24,4266.490234375,15.97,0.5794429545916913,0.7855432120944815,12.470111899781186,3.499888100218815
2021-06-25,4280.7001953125,15.62,0.33250631646861706,0.7568448209735367,12.01453906417908,3.6054609358209184
2021-06-28,4290.60986328125,15.76,0.23122888604731884,0.7118826832379002,11.300787255005119,4.459212744994881
2021-06-29,4291.7998046875,16.02,0.02772977426861445,0.6691080353812339,10.621760771122512,5.398239228877488
2021-06-30,4297.5,15.83,0.13272784229076962,0.6305209585290884,10.009209916092228,5.820790083907772
2021-07-01,4319.93994140625,15.48,0.5208041432254618,0.598292750193334,9.497602969346719,5.982397030653281
2021-07-02,4352.33984375,15.07,0.7472095894691222,0.5989223913933632,9.507598213529585,5.562401786470415
2021-07-06,4343.5400390625,16.44,-0.2023902770021735,0.6333954504816782,10.054841061205483,6.385158938794518
2021-07-07,4358.1298828125,16.2,0.3353346553662817,0.6111540933858056,9.70177046302792,6.4982295369720795
2021-07-08,4320.81982421875,19.0,-0.8597881009555053,0.5911188883832516,9.383721443610188,9.616278556389812
2021-07-09,4369.5498046875,16.18,1.121482590241385,0.6827529741457897,10.838367458876832,5.341632541123168
2021-07-12,4384.6298828125,16.17,0.3445232695593603,0.7699630873664176,12.222785087226237,3.947214912773765
2021-07-13,4369.2099609375,17.12,-0.3523011181165714,0.7236398032153964,11.487425748573946,5.632574251426055
2021-07-14,4374.2998046875,16.33,0.1164256565468591,0.698664498478807,11.09095507706753,5.239044922932468
2021-07-15,4360.02978515625,17.01,-0.32675735627449853,0.6552295990771518,10.401447424840203,6.608552575159798
2021-07-16,4327.16015625,18.45,-0.7567415006812794,0.6402997592591059,10.164443565204728,8.285556434795271
2021-07-19,4258.490234375,22.5,-1.5996781399984172,0.6954030191903839,11.039180698447398,11.460819301552602
2021-07-20,4323.06005859375,19.73,1.5048806004799076,0.9459426832101718,15.016374565771613,4.713625434228387
2021-07-21,4358.68994140625,17.91,0.8208041662143728,1.0437829883490624,16.56954125934869,1.3404587406513109
2021-07-22,4367.47998046875,17.69,0.201463920924283,0.9981620001035061,15.845330522572231,1.8446694774277699
2021-07-23,4411.7900390625,17.2,1.00943323862559,0.9129306040058424,14.492324054756677,2.707675945243322
2021-07-26,4422.2998046875,17.58,0.237936692272811,0.92001807992802,14.604834247036118,2.97516575296388
2021-07-27,4401.4599609375,19.36,-0.47235833821765993,0.8465398005397343,13.438402722878156,5.921597277121844
2021-07-28,4400.64013671875,18.31,-0.018627923155278836,0.812629575621195,12.900094590657831,5.4099054093421675
2021-07-29,4419.14990234375,17.7,0.41973318452726005,0.7529010614177946,11.95193382208831,5.748066177911689
2021-07-30,4395.259765625,18.24,-0.5420713608261352,0.7146406293327362,11.344568291982666,6.895431708017332
2021-08-02,4387.16015625,19.46,-0.184450567006067,0.7149488312332902,11.349460845477447,8.110539154522554
2021-08-03,4423.14990234375,18.04,0.8169961338918341,0.6773717996481899,10.752943961984279,7.28705603801572
2021-08-04,4402.66015625,17.97,-0.46431506612965023,0.7047803268838161,11.188040843192324,6.781959156807675
2021-08-05,4429.10009765625,17.28,0.5987485990420538,0.696425331200048,11.055409398486713,6.224590601513288
2021-08-06,4436.52001953125,16.15,0.1673864548529025,0.6867790193059358,10.902278944442001,5.247721055557998
2021-08-09,4432.35009765625,16.72,-0.09403502649565354,0.6460475966345676,10.25568765483621,6.464312345163789
2021-08-10,4436.75,16.79,0.09921869538640493,0.6149109077454198,9.761408042132173,7.028591957867826
2021-08-11,4442.41015625,16.06,0.12749307180150993,0.5849494849687277,9.28578520057541,6.774214799424589
2021-08-12,4460.830078125,15.59,0.41378077354785603,0.5604155522381539,8.896321092450494,6.693678907549506
2021-08-13,4468.0,15.45,0.1606016320923942,0.5569104269009283,8.840678952712032,6.609321047287967
2021-08-16,4479.7099609375,16.12,0.2617422261993241,0.5380236043877168,8.54085994015499,7.579140059845011
2021-08-17,4448.080078125,17.91,-0.7085743507136755,0.5268582837484823,8.363615969836724,9.546384030163276
2021-08-18,4400.27001953125,21.57,-1.0806652845255726,0.604869978128573,9.602013225943693,11.967986774056307
2021-08-19,4405.7998046875,21.67,0.12559032561583194,0.7458912007485347,11.840655733751865,9.829344266248137
2021-08-20,4441.669921875,18.56,0.8108603890741861,0.6952694420666866,11.037060227346496,7.522939772653503
2021-08-23,4479.52978515625,17.15,0.8487667984411473,0.7173828876576465,11.388100293333121,5.761899706666878
2021-08-24,4486.22998046875,17.22,0.1494618801961778,0.7408274239613741,11.760270769310454,5.459729230689545
2021-08-25,4496.18994140625,16.79,0.22176574032517493,0.6913133449354047,10.974259132315769,5.81574086768423
2021-08-26,4470.0,18.84,-0.5841949827603443,0.6514730119701747,10.341813453259725,8.498186546740275
2021-08-27,4509.3701171875,16.39,0.87690715404527,0.6722540272144624,10.671701843226689,5.7182981567733115
2021-08-30,4528.7900390625,16.19,0.4297324106874001,0.7117500322061182,11.298681485157612,4.891318514842389
2021-08-31,4522.68017578125,16.48,-0.1350026915892144,0.6813260695457479,10.815716050578882,5.664283949421119
2021-09-01,4524.08984375,16.11,0.031164006095174557,0.6463602182252388,10.260650368736524,5.849349631263475
2021-09-02,4536.9501953125,16.41,0.2838605754405421,0.6114233308756134,9.7060444756778,6.7039555243222
2021-09-03,4535.43017578125,16.41,-0.033508726118114396,0.5879819004237663,9.333923303570575,7.076076696429425
2021-09-07,4520.02978515625,18.14,-0.340135245232176,0.5644304807727514,8.960056107055946,9.179943892944054
2021-09-08,4514.06982421875,17.96,-0.13194368138158552,0.5694318570218685,9.039450493665319,8.920549506334682
2021-09-09,4493.27978515625,18.8,-0.4616247150002195,0.5539862750326126,8.794259480875942,10.005740519124059
2021-09-10,4458.580078125,20.95,-0.7752552286277137,0.5783000728891953,9.18022905621202,11.769770943787979
2021-09-13,4468.72998046875,19.37,0.22739003463705387,0.6550225042554442,10.398159896463918,8.971840103536083
2021-09-14,4443.0498046875,19.46,-0.5763213966258007,0.6213337644660506,9.863367731668506,9.596632268331495
2021-09-15,4480.7001953125,18.18,0.8438294222079534,0.6479685051996157,10.286181132962678,7.8938188670373215
2021-09-16,4473.75,18.69,-0.1552344712765219,0.6874746056812233,10.913321035828254,7.776678964171747
2021-09-17,4432.990234375,20.81,-0.9152630275798046,0.6526449972987391,10.360418143577313,10.449581856422686
2021-09-20,4357.72998046875,25.71,-1.7123077726381553,0.7379169414690508,11.714068292091085,13.995931707908916
2021-09-21,4354.18994140625,24.36,-0.08126886585468895,1.004037088272501,15.93859465592666,8.421405344073339
2021-09-22,4395.64013671875,20.87,0.9474585224218401,0.9189673480806083,14.588154396058917,6.281845603941084
2021-09-23,4448.97998046875,18.63,1.2061680369937378,0.9146583106460463,14.519750547407405,4.110249452592594
2021-09-24,4455.47998046875,17.75,0.14599428113637458,0.9572791566100914,15.19633550193573,2.55366449806427
2021-09-27,4443.10986328125,18.76,-0.27802439201884965,0.8766259083253839,13.916004877590433,4.843995122409568
2021-09-28,4352.6298828125,23.25,-2.0574317739892933,0.8197367316237276,13.01291719452768,10.23708280547232
2021-09-29,4359.4599609375,22.56,0.15679543362843162,1.1552765837290795,18.339447216260602,4.220552783739397
2021-09-30,4307.5400390625,23.14,-1.1981202945015923,1.048561225225161,16.64539341822578,6.494606581774221
2021-10-01,4357.0400390625,21.15,1.1425952113334858,1.088169730201557,17.27415894204943,3.87584105795057
2021-10-04,4300.4599609375,22.96,-1.3070952048643392,1.0807242753991686,17.15596601122008,5.804033988779921
2021-10-05,4345.72021484375,21.3,1.0469517498600922,1.134286572726035,18.00624112147721,3.293758878522791
2021-10-06,4363.5498046875,21.0,0.4094399349623856,1.103010059110549,17.509741860054998,3.490258139945002
2021-10-07,4399.759765625,19.54,0.8264039225066355,1.0116085246689632,16.058787482562156,3.481212517437843
2021-10-08,4391.33984375,18.77,-0.19155566024213755,0.9723298604016137,15.43525801766892,3.3347419823310798
2021-10-11,4361.18994140625,20.0,-0.6889441644339911,0.8960225091307636,14.223916369656612,5.776083630343388
2021-10-12,4350.64990234375,19.85,-0.2419705686554252,0.8809843501379914,13.985192996429863,5.864807003570139
2021-10-13,4363.7998046875,18.64,0.3017955870230793,0.8209484564391306,13.032152729641691,5.6078472703583095
2021-10-14,4438.259765625,16.86,1.6919162285711664,0.7644040908148663,12.134538752739413,4.725461247260586
2021-10-15,4471.3701171875,16.3,0.743252063718991,0.9688484802821291,15.379992821576277,0.9200071784237238
2021-10-18,4486.4599609375,16.31,0.3369087801804227,0.9267691982389036,14.712004927769152,1.5979950722308462
2021-10-19,4519.6298828125,15.7,0.7366142784235308,0.8563699469882995,13.594451460003645,2.105548539996354
2021-10-20,4536.18994140625,15.49,0.3657333598560797,0.8337290040316816,13.235037632936383,2.2549623670636176
2021-10-21,4549.77978515625,15.01,0.2991393168359835,0.7787607178809652,12.362443142034994,2.6475568579650055
2021-10-22,4544.89990234375,15.43,-0.10731292246628499,0.7285277212357631,11.565019041638514,3.8649809583614854
2021-10-25,4566.47998046875,15.24,0.47369594408532834,0.6845130528801786,10.866307842591349,4.373692157408652
2021-10-26,4574.7900390625,15.98,0.18181414322437917,0.6630211100238722,10.525133826654962,5.454866173345039
2021-10-27,4551.68017578125,16.98,-0.5064370371105298,0.6264829139936366,9.945107946349376,7.0348920536506245
2021-10-28,4596.419921875,16.53,0.9781288424184353,0.6407061247741217,10.170894417769475,6.3591055822305265
2021-10-29,4605.3798828125,16.26,0.19474372317169752,0.7088444254042541,11.252556407124791,5.007443592875211
2021-11-01,4613.669921875,16.41,0.17984589459025813,0.6653274068290055,10.561745153430273,5.848254846569727
2021-11-02,4630.64990234375,16.03,0.36736071203886667,0.628360045825032,9.974906490373108,6.055093509626893
2021-11-03,4660.56982421875,15.1,0.644049461288887,0.6076135150915069,9.645565525043512,5.4544344749564875
2021-11-04,4680.06005859375,15.44,0.4173222342817695,0.6231199641991744,9.891722773382918,5.548277226617081
2021-11-05,4697.52978515625,16.48,0.37258500452850285,0.6076420499458575,9.646018501813368,6.833981498186633
2021-11-08,4701.7001953125,17.22,0.08873940607010411,0.5911451098709826,9.384137696823442,7.835862303176556
2021-11-09,4685.25,17.78,-0.35049109263987077,0.5651974748430059,8.972231760457673,8.807768239542328
2021-11-10,4646.7099609375,18.73,-0.8259842163861109,0.5713151003426734,9.069346054575758,9.660653945424242
2021-11-11,4649.27001953125,17.66,0.05507883329887164,0.6614893843112543,10.500818434780859,7.159181565219141
2021-11-12,4682.85009765625,16.29,0.719669756412955,0.6238593290965209,9.903459827261976,6.386540172738023
2021-11-15,4682.7998046875,16.49,-0.0010739878016252646,0.6475289047931452,10.279202692852094,6.210797307147905
2021-11-16,4700.89990234375,16.37,0.3857779057126365,0.6129587919973076,9.730419165332666,6.639580834667335
2021-11-17,4688.669921875,17.11,-0.2605015482895823,0.5965774553286596,9.47037350752427,7.639626492475729
2021-11-18,4704.5400390625,17.59,0.3379064740171245,0.5862653821233078,9.30667442030715,8.28332557969285
2021-11-19,4697.9599609375,17.91,-0.13996446049873157,0.5710315637636502,9.064845050921646,8.845154949078355
2021-11-22,4682.93994140625,19.17,-0.3202258316960638,0.5558031892017232,8.82310209914604,10.346897900853962
2021-11-23,4690.7001953125,19.38,0.1655761383194232,0.5602659329616907,8.893945960069315,10.486054039930684
2021-11-24,4701.4599609375,18.58,0.22912237766679056,0.5409005252015445,8.586529642245072,9.993470357754926
2021-11-26,4594.6201171875,28.62,-2.2987011159321113,0.527468002605169,8.37329495662348,20.246705043376522
2021-11-29,4655.27001953125,22.96,1.3113836082823127,1.0976056291045582,17.42394919341156,5.536050806588442
2021-11-30,4567.0,27.19,-1.9143381187848973,1.117518677680632,17.7400590396762,9.4499409603238
2021-12-01,4513.0400390625,31.12,-1.188554145795706,1.3009165051046312,20.65140929379686,10.468590706203141
2021-12-02,4577.10009765625,27.95,1.4094638396057846,1.2840887769691693,20.38427739113704,7.565722608862959
2021-12-03,4538.43017578125,30.67,-0.8484455141738678,1.281378281219961,20.34124960504442,10.32875039495558
2021-12-06,4591.669921875,27.18,1.1662599309685717,1.2184617995908862,19.342481422498246,7.837518577501754
2021-12-07,4686.75,21.89,2.049560318625332,1.189154529745911,18.877242936801846,3.012757063198155
2021-12-08,4701.2099609375,19.9,0.3080535586585498,1.3447417085474715,21.347112830596263,-1.4471128305962644
2021-12-09,4667.4501953125,21.58,-0.7206988232523415,1.217278331079502,19.323694442304653,2.2563055576953452
2021-12-10,4712.02001953125,18.69,0.9503769118209604,1.1494595135808323,18.247104090432924,0.4428959095670777
2021-12-13,4668.97021484375,20.31,-0.9178158342793452,1.1020120087499066,17.49389830175393,2.8161016982460687
2021-12-14,4634.08984375,21.89,-0.7498722854624162,1.0811314478690326,17.162429673795913,4.727570326204088
2021-12-15,4709.85009765625,19.29,1.6216267351891744,1.0400644563587067,16.510511394016373,2.7794886059836266
2021-12-16,4668.669921875,20.57,-0.8781863311112303,1.137996201502941,18.065129652677584,2.5048703473224165
2021-12-17,4620.64013671875,21.57,-1.0340964584054646,1.104393374035751,17.53170130371681,4.038298696283189
2021-12-20,4568.02001953125,22.87,-1.1453398323256536,1.1017542848479487,17.489807061644946,5.380192938355055
2021-12-21,4649.22998046875,21.01,1.762175538519628,1.1191817168165363,17.766458967521224,3.2435410324787775
2021-12-22,4696.56005859375,18.63,1.0128728029126677,1.2270534893622715,19.478870269359664,-0.848870269359665
2021-12-23,4725.7900390625,17.96,0.6204412685251626,1.174326815447304,18.641860269528063,-0.6818602695280624
2021-12-27,4791.18994140625,17.68,1.3744051573606697,1.0874010225276078,17.26195608603237,0.4180439139676295
2021-12-28,4786.35009765625,17.54,-0.10106653988870562,1.1214995956061853,17.80325415260084,-0.2632541526008403
2021-12-29,4793.06005859375,16.95,0.1400913401857551,1.021295062236613,16.21255649937787,0.7374435006221276
2021-12-30,4778.72998046875,17.33,-0.2994233841905114,0.9319336538589144,14.793988119134623,2.5360118808653755
2021-12-31,4766.18017578125,17.22,-0.26296343734735217,0.8681490612990036,13.781439102787996,3.438560897212003
2022-01-03,4796.56005859375,16.6,0.6353824170387767,0.811492908571043,12.882050560628729,3.7179494393712726
2022-01-04,4793.5400390625,16.91,-0.06298202522039276,0.7844980674799139,12.45352074337572,4.456479256624281
2022-01-05,4700.580078125,19.73,-1.9583264304500858,0.730136790502439,11.590562224369922,8.139437775630078
2022-01-06,4696.0498046875,19.61,-0.0964233740180731,1.0751535307118285,17.067533180859265,2.542466819140735
2022-01-07,4677.02978515625,18.76,-0.4058441082335662,0.9809525791465405,15.572139434214908,3.187860565785094
2022-01-10,4670.2900390625,19.4,-0.14420705375393084,0.9182175718294258,14.576252067061489,4.82374793293851
2022-01-11,4713.06982421875,18.41,0.911828645239865,0.8473916046839454,13.451924694466054,4.958075305533946
2022-01-12,4726.35009765625,17.62,0.2813792014666916,0.8523661429177706,13.53089304079056,4.089106959209442
2022-01-13,4659.02978515625,20.31,-1.4346029234399538,0.7902124472146747,12.544233709426704,7.7657662905732945
2022-01-14,4662.85009765625,19.19,0.08196442695904693,0.9583353630558881,15.213102259468059,3.9768977405319426
2022-01-18,4577.10986328125,22.79,-1.8559105398008313,0.8771096362288539,13.923683819999258,8.86631618000074
2022-01-19,4532.759765625,23.85,-0.9736790941460072,1.1291489162214345,17.924683352880134,5.9253166471198675
2022-01-20,4482.72998046875,25.59,-1.1098742304332276,1.1116609725070812,17.647070852819688,7.942929147180312
2022-01-21,4397.93994140625,28.85,-1.909599532463524,1.1205585185219757,17.788315017024676,11.061684982975326
2022-01-24,4410.1298828125,29.9,0.27679047582704897,1.3017758573932818,20.66505108846304,9.234948911536957
2022-01-25,4356.4501953125,31.16,-1.224659055686672,1.1788245243438005,18.713259184786217,12.446740815213783
2022-01-26,4349.93017578125,31.96,-0.14977569258860512,1.193711991085365,18.949590392685767,13.010409607314234
2022-01-27,4326.509765625,30.49,-0.5398635199970414,1.0856134718212729,17.23357959828309,13.256420401716909
2022-01-28,4431.85009765625,27.66,2.405596791473563,1.0192056096102606,16.179387467224394,11.480612532775606
2022-01-31,4515.5498046875,24.83,1.870982622298456,1.3290864093037542,21.098592659601223,3.731407340398775
2022-02-01,4546.5400390625,21.96,0.683956034831823,1.4053537623594443,22.30929935563233,-0.34929935563232917
2022-02-02,4589.3798828125,22.09,0.9378400448323276,1.2906708160194404,20.48876402181744,1.6012359781825616
2022-02-03,4477.43994140625,24.35,-2.469347172011993,1.217899880093576,19.33356122701792,5.016438772982081
2022-02-04,4500.52978515625,23.22,0.5143678439862853,1.515795741709877,24.062511425610186,-0.8425114256101871
2022-02-07,4483.8701171875,22.86,-0.3708580927828109,1.3753284937345303,21.832662992655735,1.027337007344265
2022-02-08,4521.5400390625,21.44,0.8366113466633962,1.2539820464185554,19.90634786018011,1.5336521398198926
2022-02-09,4587.18017578125,19.96,1.4412842079265076,1.1756655226232942,18.663111587124106,1.2968884128758944
2022-02-10,4504.080078125,23.91,-1.828182448505622,1.202216462286699,19.08459468767081,4.825405312329192
2022-02-11,4418.64013671875,27.36,-1.9151682638085532,1.3385688035540593,21.249121001719878,6.110878998280121
2022-02-14,4401.669921875,28.33,-0.3847990755629027,1.4567896293502014,23.12581843079157,5.20418156920843
2022-02-15,4471.06982421875,25.7,1.5643717646064204,1.3255258255587299,21.042070144931902,4.657929855068097
2022-02-16,4475.009765625,24.29,0.08808197202831991,1.3416837571739921,21.298569357462934,2.9914306425370647
2022-02-17,4380.259765625,28.11,-2.1400504136936505,1.2110020264749686,19.224061195488147,8.885938804511852
2022-02-18,4348.8701171875,27.75,-0.7191961663865598,1.4222811419074781,22.57801317542492,5.171986824575079
2022-02-22,4304.759765625,28.81,-1.0194735435016256,1.3223969937346411,20.9924014795278,7.817598520472199
2022-02-23,4225.5,31.02,-1.8583735748787689,1.2754646811613561,20.24737411439543,10.772625885604569
2022-02-24,4288.7001953125,30.32,1.4846105252724229,1.3980724229452477,22.193711675823828,8.126288324176173
2022-02-25,4384.64990234375,27.59,2.2126080551265304,1.3848944187917551,21.984517345225925,5.605482654774075
2022-02-28,4373.93994140625,30.15,-0.24455914631271725,1.522572581110627,24.170090415986635,5.979909584013363
2022-03-01,4306.259765625,33.32,-1.5594467786611332,1.3760854121319634,21.84467869971,11.475321300290002
2022-03-02,4386.5400390625,30.74,1.8471046780650369,1.4097963069602544,22.379822564844666,8.360177435155332
2022-03-03,4363.490234375,30.48,-0.5268520744245109,1.4613863030749432,23.198788363994197,7.2812116360058035
2022-03-04,4328.8701171875,31.98,-0.7965684543002283,1.3390022543649895,21.25600182002768,10.72399817997232
2022-03-07,4201.08984375,36.45,-2.9962586814415104,1.2603446095957382,20.007350419386686,16.442649580613317
2022-03-08,4170.7001953125,35.13,-0.7260043975698238,1.6954076567166405,26.913762183281982,8.21623781671802
2022-03-09,4277.8798828125,32.45,2.537359812214035,1.5568799431612557,24.714702904734345,7.735297095265658
2022-03-10,4259.52001953125,30.23,-0.43010499202473795,1.7224252522979484,27.34265321686833,2.887346783131669
2022-03-11,4204.31005859375,30.75,-1.3046278933238398,1.559531359497826,24.7567928342263,5.9932071657737005
2022-03-14,4173.10986328125,31.77,-0.7448675095533375,1.511649759222714,23.99669599400381,7.773304005996188
2022-03-15,4262.4501953125,29.83,2.1182629724146196,1.4010705499113514,22.24130546593167,7.588694534068328
2022-03-16,4357.85986328125,26.67,2.213692164839287,1.5127024134201543,24.013406361341662,2.6565936386583395
2022-03-17,4411.669921875,25.67,1.227220506870097,1.6161167505034941,25.655058068868392,0.014941931131609465
2022-03-18,4463.1201171875,23.87,1.159481441188781,1.5258087741549828,24.221463387926413,-0.35146338792641174
2022-03-21,4461.18017578125,23.53,-0.04347548543019997,1.4417261592537258,22.886693256249973,0.6433067437500277
2022-03-22,4511.60986328125,22.94,1.124069955407414,1.2996867307866926,20.631887231712863,2.3081127682871383
2022-03-23,4456.240234375,23.57,-1.2348630252494885,1.2493320358042905,19.832531230105175,3.737468769894825
2022-03-24,4520.16015625,21.67,1.42420122816187,1.2509085769218702,19.857558044477877,1.8124419555221252
2022-03-25,4543.06005859375,20.81,0.5053380704236332,1.257772300498072,19.966516278381004,0.8434837216189948
2022-03-28,4575.52001953125,19.63,0.7119551020043247,1.1508042328308314,18.268450846745118,1.361549153254881
2022-03-29,4631.60009765625,18.9,1.2182044101392009,1.0756883892926492,17.076023797607906,1.8239762023920925
2022-03-30,4602.4501953125,19.33,-0.6313588999089959,1.0836797074368634,17.20288204035104,2.1271179596489596
2022-03-31,4530.41015625,20.56,-1.57763352268816,1.0274804769332109,16.31074691363588,4.249253086364117
2022-04-01,4545.85986328125,19.63,0.3404420961462762,1.1554048714432166,18.34148372058783,1.2885162794121676
2022-04-04,4582.64013671875,18.57,0.805838253213409,1.053617071113729,16.725652483555095,1.8443475164449055
2022-04-05,4525.1201171875,21.03,-1.2631159074006248,1.0044770097095168,15.945578192239163,5.0844218077608385
2022-04-06,4481.14990234375,22.1,-0.9764433912478054,1.068130364596214,16.956043875109994,5.143956124890007
2022-04-07,4500.2099609375,21.55,0.42443655520365553,1.0633644679529517,16.880387611356138,4.669612388643863
2022-04-08,4488.27978515625,21.16,-0.2654546675552538,0.9783292832823145,15.53049590338239,5.629504096617611
2022-04-11,4412.52978515625,24.37,-1.702133458469568,0.9053592692791584,14.37213284207888,9.997867157921121
2022-04-12,4397.4501953125,24.26,-0.3423300530453588,1.1043587010785767,17.531150887585397,6.728849112414604
2022-04-13,4446.58984375,21.82,1.1112603268902177,1.018345056826249,16.165726615285163,5.654273384714838
2022-04-14,4392.58984375,22.7,-1.2218480383507924,1.0201549164640815,16.19445724634299,6.505542753657011
2022-04-18,4391.68994140625,22.17,-0.020488927240691623,1.0713706033434083,17.007481070591304,5.162518929408698
2022-04-19,4462.2099609375,21.37,1.5930044749387307,0.9758973993468741,15.4918909427191,5.8781090572809
2022-04-20,4459.4501953125,20.32,-0.06186664061829106,1.0854358037035645,17.23075920435092,3.0892407956490793
2022-04-21,4393.66015625,22.68,-1.4862855551310616,0.988947218417687,15.699050398213652,6.980949601786348
2022-04-22,4271.77978515625,28.21,-2.813207637736781,1.1065703101096602,17.566259092546705,10.643740907453296
2022-04-25,4296.1201171875,27.02,0.568176514411256,1.5506909736989913,24.6164560603208,2.4035439396791993
2022-04-26,4175.2001953125,33.52,-2.8550008928597492,1.4086990908387576,22.36240479889284,11.157595201107164
2022-04-27,4183.9599609375,31.6,0.20958490249647355,1.7453097070390722,27.70593267367429,3.894067326325711
2022-04-28,4287.5,29.99,2.4445655340832317,1.5667172308004431,24.870865004746545,5.119134995253454
2022-04-29,4131.93017578125,33.4,-3.6959159784695217,1.707766357457641,27.109950475413324,6.290049524586674
2022-05-02,4155.3798828125,32.34,0.5659199293818418,2.1732179770666002,34.49876587231857,-2.1587658723185683
2022-05-03,4175.47998046875,29.25,0.4825465075359858,1.9537550287945362,31.014899573593087,-1.7648995735930875
2022-05-04,4300.169921875,25.42,2.9425221557326964,1.7574434084375725,27.898549211973183,-2.4785492119731813
2022-05-05,4146.8701171875,31.2,-3.6300677564099715,1.962553598366159,31.154572535470773,0.04542746452922586
2022-05-06,4123.33984375,30.19,-0.5690384413952643,2.3195330609537796,36.82144582245675,-6.631445822456751
2022-05-09,3991.239990234375,34.75,-3.2561519539603623,2.089813242843899,33.17475676280634,1.5752432371936607
2022-05-10,4001.050048828125,32.99,0.24548817604088669,2.312844282439483,36.715264755315026,-3.725264755315024
2022-05-11,3935.179931640625,32.56,-1.660023209569772,2.068222040314291,32.83200704840531,-0.27200704840530676
2022-05-12,3930.080078125,31.77,-0.12968049941122217,1.982208225360358,31.466580066301095,0.30341993369890474
2022-05-13,4023.889892578125,28.87,2.3589267956868554,1.7768612895558498,28.20679851853385,0.6632014814661495
2022-05-16,4008.010009765625,27.47,-0.3954208517722435,1.8454740082771648,29.295991661609605,-1.8259916616096064
2022-05-17,4088.85009765625,26.1,1.9968919581462075,1.6654152174898444,26.43764697084406,-0.3376469708440588
2022-05-18,3923.679931640625,30.96,-4.1233809291247425,1.687962715443685,26.795577404479655,4.164422595520346
2022-05-19,3900.7900390625,29.35,-0.5850864777348974,2.2886132375185584,36.33060884210702,-6.980608842107017
2022-05-20,3901.360107421875,29.43,0.014613109199146379,2.063531110681465,32.75754084904835,-3.327540849048347
2022-05-23,3973.75,28.48,1.8384995412059624,1.846846583194753,29.317780612936062,-0.8377806129360614
2022-05-24,3941.47998046875,29.45,-0.8153950903556861,1.8044524707173495,28.644794940925003,0.8052050590749964
2022-05-25,3978.72998046875,28.37,0.9406385648931703,1.6585987215385831,26.329438452244563,2.0405615477554377
2022-05-26,4057.840087890625,27.5,1.9688166007719943,1.530397406118039,24.294305662119903,3.2056943378800966
2022-05-27,4158.240234375,25.72,2.4441130195821614,1.5780411916815233,25.050627310831917,0.6693726891680818
2022-05-31,4132.14990234375,26.19,-0.6294135193666506,1.7158869379267887,27.238860693950443,-1.0488606939504415
2022-06-01,4101.22998046875,25.69,-0.7510905041154814,1.5667709297637964,24.871717449362713,0.8182825506372886
2022-06-02,4176.81982421875,24.72,1.8263225415545037,1.4487541034803975,22.998258412160805,1.721741587839194
2022-06-03,4108.5400390625,24.79,-1.6482405609817619,1.4871230506298279,23.607346565509445,1.182653434490554
2022-06-06,4121.43017578125,25.07,0.3132489407036587,1.5128437781419466,24.015650456729784,1.0543495432702166
2022-06-07,4160.68017578125,24.02,0.9478331531719064,1.3645537330220998,21.66161896896781,2.358381031032188
2022-06-08,4115.77001953125,23.96,-1.085262304015444,1.2811240420890606,20.337213683961,3.622786316039001
2022-06-09,4017.820068359375,26.09,-2.4086457665156047,1.2516534964677444,19.86938327566868,6.220616724331318
2022-06-10,3900.860107421875,27.75,-2.95424148114094,1.520732676756396,24.140882839841996,3.6091171601580037
2022-06-13,3749.6298828125,34.02,-3.9539931990040245,1.8450652211037972,29.289502366410304,4.7304976335896995
2022-06-14,3735.47998046875,32.69,-0.37808180394893753,2.333294653554865,37.0399043324567,-4.349904332456703
2022-06-15,3789.989990234375,29.62,1.4487058836534672,2.093516095884386,33.233537732525626,-3.613537732525625
2022-06-16,3666.77001953125,32.95,-3.305220711384038,1.9548344300185645,31.032034536814912,1.9179654631850909
2022-06-17,3674.840087890625,31.13,0.21984473410121552,2.229905981588116,35.398660046025185,-4.268660046025186
2022-06-21,3764.7900390625,30.19,2.418247496067316,1.9945692052998931,31.662804539587505,-1.4728045395875036
2022-06-22,3759.889892578125,28.95,-0.13024200953584142,2.0250113907131913,32.146059251400935,-3.1960592514009356
2022-06-23,3795.72998046875,29.05,0.9487072485557135,1.8146355304353523,28.806446002522335,0.24355399747766526
2022-06-24,3911.739990234375,27.23,3.01055397299006,1.6652270508115272,26.43465991742892,0.7953400825710801
2022-06-27,3900.110107421875,26.95,-0.29774998903402405,1.9151310430458823,30.401762807994842,-3.451762807994843
2022-06-28,3821.550048828125,28.36,-2.034867314949551,1.7224690339674904,27.34334822932588,1.0166517706741196
2022-06-29,3818.830078125,28.16,-0.07119988201722549,1.7701286178719584,28.099920668926114,0.06007933107388652
2022-06-30,3785.3798828125,28.71,-0.8797866246368358,1.588863653413884,25.222428564735957,3.4875714352640443
2022-07-01,3825.330078125,26.7,1.04985112966407,1.480661316363003,23.504769714060227,3.195230285939772
2022-07-05,3831.389892578125,27.54,0.1582875106192816,1.3906010941728884,22.07510800845464,5.4648919915453575
2022-07-06,3845.080078125,26.73,0.3566795705065573,1.2542929858448284,19.91128387054845,6.818716129451552
2022-07-07,3902.6201171875,26.08,1.48537231809307,1.1401717439689503,18.099665318667906,7.980334681332092
2022-07-08,3899.3798828125,24.64,-0.08306163961275814,1.1834978145152786,18.787445366375255,5.852554633624745
2022-07-11,3854.429931640625,26.17,-1.159441766052538,1.0747178538175328,17.060617024573563,9.109382975426438
2022-07-12,3818.800048828125,27.29,-0.9286868497493828,1.1008281799134907,17.47510560157779,9.814894398422208
2022-07-13,3801.780029296875,26.82,-0.4466864111815738,1.0818560355998204,17.173932147428193,9.646067852571807
2022-07-14,3790.3798828125,26.4,-0.30031388127653713,1.0072643866398114,15.989826429245712,10.410173570754287
2022-07-15,3863.159912109375,24.23,1.9019231658633728,0.9323656201586996,14.800845371558578,9.429154628441422
2022-07-18,3830.85009765625,25.3,-0.8398742485836053,1.1332436084084179,17.989684576212834,7.310315423787166
2022-07-19,3936.68994140625,24.5,2.725351764373052,1.09507011492356,17.383699153599967,7.1163008464000335
2022-07-20,3959.89990234375,23.88,0.5878493941057883,1.4690923179033717,23.321117557006584,0.5588824429934149
2022-07-21,3998.949951171875,23.11,0.9813066689504879,1.3389780161201679,21.255617049819595,1.8543829501804048
2022-07-22,3961.6298828125,23.03,-0.9376287293813235,1.263520297717465,20.057762905456233,2.972237094543768
2022-07-25,3966.840087890625,23.36,0.13143029733058142,1.215561364441541,19.29643844190402,4.06356155809598
2022-07-26,3921.050048828125,24.69,-1.1610342599263745,1.100883021284782,17.47597618135776,7.214023818642243
2022-07-27,4023.610107421875,23.24,2.5820048778628646,1.1213796202507533,17.80134960287726,5.438650397122739
2022-07-28,4072.429931640625,22.33,1.2060319791912022,1.442692303161873,22.902030315319916,-0.5720303153199175
2022-07-29,4130.2900390625,21.33,1.4107775781754484,1.3786225027581798,21.88495376481361,-0.5549537648136109
2022-08-01,4118.6298828125,22.84,-0.2827076544916096,1.3570379502721983,21.54230961658244,1.2976903834175602
2022-08-02,4091.18994140625,23.93,-0.6684688378872039,1.2333054880838397,19.578117672245842,4.351882327754158
2022-08-03,4155.169921875,21.95,1.5517456270091046,1.1570894147331356,18.36822501629492,3.5817749837050776
2022-08-04,4151.93994140625,21.44,-0.0777642449584448,1.2096441618230576,19.202505762389894,2.2374942376101075
2022-08-05,4145.18994140625,21.15,-0.16270690189177373,1.0973672650297195,17.420165281030467,3.7298347189695313
2022-08-08,4140.06005859375,21.29,-0.12383171221213018,1.0025113308028741,15.91437400697287,5.375625993027128
2022-08-09,4122.47021484375,21.77,-0.42577442359270634,0.9190491144487224,14.58945239691275,7.18054760308725
2022-08-10,4210.240234375,19.74,2.1067158460407853,0.8679889510834702,13.778897431912021,5.961102568087977
2022-08-11,4207.27001953125,20.2,-0.07057229222020567,1.150645137323153,18.26592528385697,1.93407471614303
2022-08-12,4280.14990234375,19.53,1.7174046951492272,1.0458182533819518,16.601850090123474,2.9281499098765273
2022-08-15,4297.14013671875,19.95,0.3961684056234205,1.1641691017154077,18.48061156298656,1.4693884370134391
2022-08-16,4305.2001953125,19.69,0.18739228259470053,1.0637481213188296,16.88647791973073,2.8035220802692713
2022-08-17,4274.0400390625,19.9,-0.7264114867647109,0.9694494476942831,15.389532883487957,4.510467116512041
2022-08-18,4283.740234375,19.56,0.22669896063849393,0.9456540459148441,15.011792590756402,4.548207409243597
2022-08-19,4228.47998046875,20.6,-1.2983928713039106,0.8682590809250907,13.783185610207772,6.8168143897922295
2022-08-22,4137.990234375,23.8,-2.16323664664948,0.9773263996479259,15.514575619239217,8.285424380760784
2022-08-23,4128.72998046875,24.11,-0.22403704344373665,1.278971547354213,20.303043889360303,3.806956110639696
2022-08-24,4140.77001953125,22.82,0.29119166987232603,1.1626826610933991,18.45701504963957,4.362984950360431
2022-08-25,4199.1201171875,21.78,1.3993241836107728,1.058092068536616,16.79669086534678,4.983309134653222
2022-08-26,4057.659912109375,25.56,-3.426857631703939,1.104037805049994,17.526056821055366,8.033943178944632
2022-08-29,4030.610107421875,26.21,-0.6688675197326077,1.7476376772495668,27.742888055093502,-1.5328880550935011
2022-08-30,3986.159912109375,26.21,-1.108941649211559,1.5972775635001877,25.35599524658806,0.8540047534119424
2022-08-31,3955.0,25.87,-0.7847738208154098,1.5150872557130013,24.051264559079556,1.8187354409204453
2022-09-01,3966.85009765625,25.56,0.2991752267195835,1.407992208252963,22.35118338572403,3.2088166142759675
2022-09-02,3924.260009765625,25.47,-1.0794552570724036,1.2723114613510293,20.19731830171195,5.27268169828805
2022-09-06,3908.18994140625,26.91,-0.41034646908961747,1.2436224035500587,19.74189362797119,7.168106372028809
2022-09-07,3979.8701171875,24.64,1.8174848666170362,1.1427593751329945,18.140742689936836,6.4992573100631645
2022-09-08,4006.179931640625,23.61,0.6588966880441305,1.2567271135201,19.94992444947734,3.6600755505226594
2022-09-09,4067.360107421875,22.79,1.5156014981211996,1.1610453123939597,18.431022944830296,4.358977055169703
2022-09-12,4110.41015625,23.87,1.0528651483996398,1.2053916439425914,19.13499913384448,4.73500086615552
2022-09-13,3932.68994140625,27.27,-4.419916303197446,1.1619348144183506,18.445143351713657,8.824856648286342
2022-09-14,3946.010009765625,26.16,0.3381289078845384,2.1171148561258657,33.60815643761599,-7.448156437615989
2022-09-15,3901.35009765625,26.27,-1.1382272168150465,1.8969711251474615,30.113483048463408,-3.8434830484634084
2022-09-16,3873.330078125,26.3,-0.7208049775663028,1.7706707061699498,28.108526053876858,-1.8085260538768573
2022-09-19,3899.889892578125,25.76,0.683369772470499,1.6213453954526331,25.73806023424405,0.02193976575595258
2022-09-20,3855.929931640625,27.16,-1.1336114736598901,1.477377722694525,23.452644280539953,3.707355719460047
2022-09-21,3789.929931640625,27.99,-1.7264674098507626,1.419102085791982,22.527547224111792,5.462452775888206
2022-09-22,3757.989990234375,27.35,-0.8463293830454077,1.4759450282353994,23.429900961078435,3.920099038921567
2022-09-23,3693.22998046875,29.92,-1.7382828767329883,1.381379274417007,21.928716158197496,7.991283841802506
2022-09-26,3655.0400390625,32.26,-1.0394360890281007,1.4498308691307362,23.015351536947364,9.244648463052634
2022-09-27,3647.2900390625,32.6,-0.21226109548244665,1.383302627483572,21.959248441582524,10.640751558417477
2022-09-28,3719.0400390625,30.18,1.9481144181153098,1.253114946785758,19.892583080238325,10.287416919761675
2022-09-29,3640.469970703125,31.84,-2.1352794823098264,1.366363512108626,21.690348321313294,10.149651678686705
2022-09-30,3585.6201171875,31.62,-1.5181351546209143,1.5283934080251063,24.262493178629416,7.357506821370585
2022-10-03,3678.429931640625,30.1,2.555457753092938,1.5215320150327054,24.153571941597175,5.946428058402827
2022-10-04,3790.929931640625,29.07,3.0125341416800566,1.7016419129410851,27.012727932758004,2.057272067241996
2022-10-05,3783.280029296875,28.55,-0.20199875589383964,1.9407751925203334,30.80885106055383,-2.2588510605538303
2022-10-06,3744.52001953125,30.52,-1.0297922911394863,1.742011411435831,27.65357385417497,2.866426145825031
2022-10-07,3639.659912109375,31.36,-2.840319653147816,1.6270762680159598,25.829035015831842,5.530964984168158
2022-10-10,3612.389892578125,32.45,-0.7520673133653233,1.8857358503808879,29.93512859080041,2.5148714091995927
2022-10-11,3588.840087890625,33.63,-0.6540518412323948,1.72334879575228,27.35731401469907,6.272685985300932
2022-10-12,3577.030029296875,33.57,-0.32961996501654767,1.5751121323500092,25.00412993543268,8.56587006456732
2022-10-13,3669.909912109375,31.94,2.5634259307631524,1.425717769592665,22.632567948647267,9.307432051352734
2022-10-14,3583.070068359375,32.02,-2.394712074452876,1.6367280177712156,25.982251793246053,6.03774820675395
2022-10-17,3677.949951171875,31.37,2.613552455756185,1.7834218739290004,28.310944566773532,3.059055433226469
2022-10-18,3719.97998046875,30.5,1.136276820708737,1.9048594129915262,30.238705735896342,0.2612942641036575
2022-10-19,3695.159912109375,30.76,-0.6694455239685482,1.7602752237169241,27.943502885901406,2.8164971140985955
2022-10-20,3665.780029296875,29.98,-0.7982686738765565,1.6082579840968554,25.530304019726106,4.449695980273894
2022-10-21,3752.75,29.69,2.344775986044745,1.4887781516544916,23.633620479745133,6.056379520254868
2022-10-24,3797.340087890625,29.85,1.1811940205111782,1.6282380750068381,25.847478130047765,4.002521869952236
2022-10-25,3859.110107421875,28.46,1.6135770015873518,1.5303363083298285,24.293335764800336,4.166664235199665
2022-10-26,3830.60009765625,27.28,-0.7415140398988385,1.5124086110551003,24.00874239338645,3.2712576066135526
2022-10-27,3807.300048828125,27.39,-0.6101185053184466,1.4013903376590462,22.246381939048025,5.143618060951976
2022-10-28,3901.06005859375,25.75,2.4328036770855377,1.2942456937690112,20.545513446774372,5.204486553225628
2022-10-31,3871.97998046875,25.88,-0.7482327030336577,1.5135456966781111,24.026793068053692,1.853206931946307
2022-11-01,3856.10009765625,25.81,-0.41096637203583697,1.403017935911745,22.27221926031381,3.5377807396861876
2022-11-02,3759.68994140625,25.86,-2.5319843737483083,1.280460358517109,20.32667803387726,5.533321966122738
2022-11-03,3719.889892578125,25.3,-1.0642422531956797,1.5732318438137805,24.97428128027324,0.3257187197267619
2022-11-04,3770.550048828125,24.55,1.3526823285562983,1.4892450460268307,23.641032198131605,0.9089678018683962
2022-11-07,3806.800048828125,24.35,0.9568061679360085,1.4377725892402327,22.82393227797046,1.5260677220295413
2022-11-08,3828.110107421875,25.54,0.5582282828759944,1.3439250608291915,21.33414894996836,4.20585105003164
2022-11-09,3748.570068359375,26.09,-2.0996784712302485,1.2286457248169909,19.504146223610746,6.5858537763892535
2022-11-10,3956.3701171875,23.53,5.395251566479686,1.4238489024049348,22.602900601774408,0.9270993982255931
2022-11-11,3992.929931640625,22.52,0.9198312304770084,2.520905623651783,40.01813615308083,-17.498136153080832
2022-11-14,3957.25,23.73,-0.8975940544917904,2.2772811620188764,36.150717720444824,-12.420717720444824
2022-11-15,3991.72998046875,24.54,0.8675376414668534,2.074280129959073,32.92817624012668,-8.388176240126683
2022-11-16,3958.7900390625,24.11,-0.8286283111873516,1.883873078839187,29.905558009308397,-5.795558009308397
2022-11-17,3946.56005859375,23.93,-0.30941046442301,1.7281633423941605,27.433742573238693,-3.503742573238693
2022-11-18,3965.340087890625,23.12,0.4747295648158456,1.5587681286176955,24.7446769196158,-1.6246769196157977
2022-11-21,3949.93994140625,22.36,-0.38912498002758866,1.4108540460094419,22.39661365170158,-0.03661365170157893
2022-11-22,4003.580078125,21.29,1.3488606269829617,1.2858965003328646,20.41297410989427,0.8770258901057275
2022-11-23,4027.260009765625,20.35,0.5897266041737126,1.2725351972513717,20.200869999021926,0.14913000097807583
2022-11-25,4026.1201171875,20.5,-0.02830842622021379,1.1692170444749184,18.56074517003149,1.9392548299685117
2022-11-28,3963.93994140625,22.21,-1.556469679406547,1.061130808008336,16.8449293589945,5.365070641005502
2022-11-29,3957.6298828125,21.89,-0.1593133701623728,1.1742782317117404,18.64108902663568,3.248910973364321
2022-11-30,4080.110107421875,20.58,3.0478643521295368,1.0690694572377457,16.970951508635256,3.6090484913647423
2022-12-01,4076.570068359375,19.84,-0.0868009829606109,1.5541754809017994,24.671770897322258,-4.831770897322258
2022-12-02,4071.699951171875,19.06,-0.11953746637622942,1.3991600423122394,22.210977098020773,-3.1509770980207747
2022-12-05,3998.840087890625,20.75,-1.8056249630971521,1.2639730220897423,20.06494968206525,0.6850503179347491
2022-12-06,3941.260009765625,22.17,-1.4503869422986426,1.3776609066806838,21.86968890031711,0.30031109968289016
2022-12-07,3933.919921875,22.68,-0.18641072533824854,1.3904711943454031,22.073045912621385,0.6069540873786146
2022-12-08,3963.510009765625,22.29,0.7493634413933137,1.2584215235338432,19.97682237456939,2.3131776254306082
2022-12-09,3934.3798828125,22.83,-0.737671946421159,1.1705752239644704,18.582305601022348,4.24769439897765
2022-12-12,3990.56005859375,25.0,1.4178307299649973,1.1124945305704925,17.660303176854402,7.339696823145598
2022-12-13,4019.64990234375,22.55,0.7263223255456808,1.149118213379017,18.241686117694407,4.308313882305594
2022-12-14,3995.320068359375,21.14,-0.6071116623836303,1.0756880570666179,17.07601852368316,4.06398147631684
2022-12-15,3895.75,22.83,-2.52374779018254,1.0180528874321686,16.161088569940514,6.6689114300594845
2022-12-16,3852.360107421875,22.62,-1.1200239946012047,1.4110208109589646,22.399260963204615,0.2207390367953863
2022-12-19,3817.659912109375,22.42,-0.9048328941103634,1.3626583802119454,21.631531175873437,0.7884688241265643
2022-12-20,3821.6201171875,21.48,0.10368006978893618,1.2932640851771853,20.529930893461717,0.9500691065382831
2022-12-21,3878.43994140625,20.07,1.4758548669055571,1.1686450352408895,18.55166480494625,1.5183351950537514
2022-12-22,3822.389892578125,21.97,-1.4557142498146547,1.2034134045806129,19.103595557531154,2.866404442468845
2022-12-23,3844.820068359375,20.87,0.5850952271915233,1.2571803584947412,19.95711949039268,0.9128805096073194
2022-12-27,3829.25,21.65,-0.40578440346585865,1.1556682189725278,18.345664233013476,3.3043357669865223
2022-12-28,3783.219970703125,22.14,-1.2093470442948728,1.0669083946779763,16.93664570403044,5.203354295969561
2022-12-29,3849.280029296875,21.44,1.7310634314993578,1.1043554926417494,17.53109995522974,3.9089000447702595
2022-12-30,3839.5,21.67,-0.2543975646110752,1.2092573330740997,19.196365046371618,2.473634953628384
2023-01-03,3824.139892578125,22.9,-0.4008572481273731,1.1035777537304292,17.518753732763994,5.381246267236005
2023-01-04,3852.969970703125,22.01,0.7510694562139264,1.0219809919488987,16.223445295991336,5.786554704008665
2023-01-05,3808.10009765625,22.46,-1.1713869136457333,0.971742543714419,15.425934654297988,7.034065345702013
2023-01-06,3895.080078125,21.13,2.2583835589031764,1.0247635819719514,16.26761754320122,4.86238245679878
2023-01-09,3892.090087890625,21.97,-0.07679273259917352,1.2903231075249588,20.48324432058658,1.4867556794134202
2023-01-10,3919.25,20.58,0.6953997970594372,1.1677542967818808,18.537524770271823,2.0424752297281756
2023-01-11,3969.610107421875,21.09,1.2767571192293659,1.0884547837373029,17.278684026644967,3.8113159733550326
2023-01-12,3983.169921875,18.83,0.34100849120424215,1.1040873320616629,17.526843037991704,1.3031569620082948
2023-01-13,3999.090087890625,18.35,0.3988892144656475,1.0091938346673295,16.020455467136333,2.329544532863668
2023-01-17,3990.969970703125,19.36,-0.20325554309970073,0.9303321872269996,14.768565624488534,4.591434375511465
2023-01-18,3928.860107421875,20.34,-1.5684966977744352,0.8606670972020942,13.662666604875579,6.677333395124421
2023-01-19,3898.85009765625,20.52,-0.7667671901812056,1.0396526256029544,16.503973783444565,4.016026216555435
2023-01-20,3972.610107421875,19.85,1.8741673552352012,1.0084084457159184,16.007987804048984,3.8420121959510176
2023-01-23,4019.81005859375,19.81,1.1811315951328893,1.176522932255239,18.676722543071133,1.133277456928866
2023-01-24,4016.949951171875,19.2,-0.07117563642928815,1.1576229566458034,18.376694731584614,0.8233052684153854
2023-01-25,4016.219970703125,19.08,-0.01817415734652883,1.0519039408233886,16.69845738328494,2.381542616715059
2023-01-26,4060.429931640625,18.73,1.0947708029114267,0.9589665622234849,15.22312223561933,3.50687776438067
2023-01-27,4070.56005859375,18.51,0.24917340217047723,0.9706953444726554,15.409310881696936,3.100689118303066
2023-01-30,4017.77001953125,19.94,-1.305356931529289,0.8905117594362522,14.136435930281397,5.803564069718604
2023-01-31,4076.60009765625,19.4,1.4536304416418844,0.9946443627035465,15.789489759995474,3.6105102400045244
2023-02-01,4119.2099609375,17.87,1.0398056296885727,1.067848194705359,16.95156456695796,0.9184354330420419
2023-02-02,4179.759765625,18.73,1.4592384626853416,1.0481631325413634,16.639073892785284,2.0909261072147167
2023-02-03,4136.47998046875,18.33,-1.0408592637284997,1.1087484560048695,17.600836086694343,0.7291639133056549
2023-02-06,4111.080078125,19.43,-0.6159393193939877,1.1063448996244722,17.56268081202642,1.8673191879735782
2023-02-07,4164.0,18.66,1.2790364037398305,1.0446803899139916,16.583787067550467,2.0762129324495326
2023-02-08,4117.85986328125,19.63,-1.1142573012412171,1.070553088811549,16.994503429724418,2.6354965702755813
2023-02-09,4081.5,20.71,-0.8869009831038,1.089246170426223,17.291246900863587,3.4187530991364135
2023-02-10,4090.4599609375,20.53,0.21928557092181222,1.066123893498103,16.92419213387935,3.6058078661206494
2023-02-13,4137.2900390625,20.34,1.1383569951155081,0.9721920068308121,15.43306966007482,4.9069303399251805
2023-02-14,4136.1298828125,18.91,-0.028045385549368973,0.9886942933615088,15.695035337419746,3.214964662580254
2023-02-15,4147.60009765625,18.23,0.2769337533075955,0.9044110944806083,14.357081033780585,3.872918966219416
2023-02-16,4090.409912109375,20.17,-1.388468920488073,0.834527560058323,13.247714316863052,6.92228568313695
2023-02-17,4079.090087890625,20.02,-0.2771242172283195,0.9759262337772681,15.492348675111211,4.527651324888788
2023-02-21,3997.340087890625,22.87,-2.024478397347096,0.9040591884156132,14.35149469818359,8.518505301816411
2023-02-22,3991.050048828125,22.29,-0.1574795485643321,1.194289123725978,18.958752089329128,3.3312479106708714
2023-02-23,4012.320068359375,21.14,0.5315278263237744,1.086389829550334,17.2459038951602,3.8940961048398
2023-02-24,3970.0400390625,21.67,-1.0593464619775617,1.0052429492692148,15.957737105804766,5.712262894195236
2023-02-27,3982.239990234375,20.95,0.3068292539552431,1.0285588890670945,16.327866175538425,4.622133824461574
2023-02-28,3970.14990234375,20.7,-0.3040619830947833,0.9425037607266852,14.961783363755607,5.738216636244392
2023-03-01,3951.389892578125,20.58,-0.47364642034928295,0.877460854973766,13.92925924472819,6.6507407552718085
2023-03-02,3981.35009765625,19.59,0.7553593731197239,0.8383052509323152,13.307683300359022,6.282316699640978
2023-03-03,4045.639892578125,18.49,1.6018749176483382,0.82162287437128,13.04285878241083,5.447141217589168
2023-03-06,4048.419921875,18.61,0.06869307788477386,0.9815198953568055,15.581145299857488,3.028854700142512
2023-03-07,3986.3701171875,19.59,-1.5445590479263416,0.8971617248353446,14.242000858320496,5.347999141679503
2023-03-08,3992.010009765625,19.11,0.14137941356029415,1.057620607501589,16.78920665343755,2.32079334656245
2023-03-09,3918.320068359375,22.61,-1.8631857945480945,0.9634526149112812,15.294336114300783,7.315663885699216
2023-03-10,3861.590087890625,24.8,-1.4583969436067434,1.1854695080569952,18.818745031013343,5.981254968986658
2023-03-13,3855.760009765625,26.52,-0.15109018407386543,1.2441784301074899,19.75072027593105,6.769279724068948
2023-03-14,3919.2900390625,23.73,1.6342388235363714,1.1295758363596389,17.931460499972378,5.798539500027623
2023-03-15,3891.929931640625,26.14,-0.7005363929353692,1.2062796535378315,19.149095849149546,6.990904150850454
2023-03-16,3960.280029296875,22.99,1.7409576249031389,1.137926501819973,18.06402320451202,4.92597679548798
2023-03-17,3916.639892578125,25.51,-1.1080621273952929,1.2358354310383213,19.618279271578274,5.891720728421728
2023-03-20,3951.570068359375,24.15,0.88788696359412,1.2187825147389608,19.347572617639226,4.802427382360772
2023-03-21,4002.8701171875,21.38,1.2898647518557738,1.151846270649735,18.284992684298373,3.0950073157016256
2023-03-22,3936.969970703125,22.26,-1.6600248639841553,1.1560992760796502,18.352507052451354,3.907492947548647
2023-03-23,3948.719970703125,22.61,0.29800838691826925,1.2663480157281304,20.102651537260463,2.507348462739536
2023-03-24,3970.989990234375,21.74,0.5623963084302019,1.1485466511767561,18.232612849018487,3.5073871509815113
2023-03-27,3977.530029296875,20.6,0.16455995637674192,1.0607422501817565,16.83876119471992,3.761238805280083
2023-03-28,3971.27001953125,19.97,-0.15750832883885124,0.9664590325768428,15.342061515182388,4.62793848481761
2023-03-29,4027.81005859375,19.12,1.4136870775047328,0.8893721162415554,14.118344655422309,5.001655344577692
2023-03-30,4050.830078125,19.02,0.5698999199482913,0.9825676176696648,15.597777375954763,3.4222226240452365
2023-03-31,4109.31005859375,18.7,1.4333327782036775,0.9201609001120884,14.60710144717159,4.092898552828409
2023-04-03,4124.509765625,18.55,0.36920225658025885,1.0091063139461887,16.01906611876011,2.530933881239889
2023-04-04,4100.60009765625,19.0,-0.5813839745162142,0.9286326277335765,14.741585953940795,4.258414046059205
2023-04-05,4090.3798828125,19.08,-0.24954816571209903,0.893083714889897,14.17726445736228,4.902735542637718
2023-04-06,4105.02001953125,18.4,0.3572773132802354,0.8317143335487921,13.203055730507574,5.196944269492425
2023-04-10,4109.10986328125,18.97,0.09958070170092981,0.7765426394428103,12.327232238420239,6.64276776157976
2023-04-11,4108.93994140625,19.1,-0.004135333298194155,0.7211141055848811,11.447331541670213,7.652668458329789
2023-04-12,4091.949951171875,19.09,-0.41434563234616917,0.6748608539691571,10.713083935050399,8.3769160649496
2023-04-13,4146.22021484375,17.8,1.3175510497831056,0.6661402650145668,10.574648877091224,7.225351122908776
2023-04-14,4137.64013671875,17.07,-0.2071517584578686,0.8060067725330194,12.794960850937054,4.2750391490629465
2023-04-17,4151.31982421875,16.95,0.3300703582615583,0.7552623085659672,11.989417458516463,4.960582541483536
2023-04-18,4154.8701171875,16.83,0.08548548034656989,0.7104082162319217,11.277380816919985,5.552619183080013
2023-04-19,4154.52001953125,16.46,-0.008426554794027652,0.6649674477851579,10.556030980757138,5.903969019242863
2023-04-20,4129.7900390625,17.17,-0.5970335188310472,0.6277111167275691,9.964605060310705,7.205394939689297
2023-04-21,4133.52001953125,16.77,0.09027812573005889,0.6563184629343909,10.41873260270737,6.351267397292629
2023-04-24,4137.0400390625,16.89,0.0851216778272601,0.619468312945068,9.833754606824304,7.056245393175697
2023-04-25,4071.6298828125,18.76,-1.5937183818577338,0.5886859677701761,9.345100026199626,9.414899973800376
2023-04-26,4055.989990234375,18.84,-0.3848583503344827,0.8849428341048111,14.048031981300111,4.7919680186998885
2023-04-27,4135.35009765625,17.03,1.9377193402696946,0.8355562189073896,13.26404376985439,3.765956230145612
2023-04-28,4169.47998046875,15.78,0.8219331313243927,1.0820650771676565,17.17725057944121,-1.3972505794412111
2023-05-01,4167.8701171875,16.08,-0.03861810485101813,1.030027998550162,16.351187565583963,-0.27118756558396484
2023-05-02,4119.580078125,17.78,-1.16539066805732,0.940390143871464,14.92823073636087,2.851769263639131
2023-05-03,4090.75,18.34,-0.7022908054892696,1.0001223283284935,15.876449768400496,2.4635502315995037
2023-05-04,4061.219970703125,20.09,-0.7244913455062729,0.9672938972424413,15.3553145808838,4.7346854191162
2023-05-05,4136.25,17.19,1.8306166381879763,0.9436344545328118,14.97973257147544,2.2102674285245616
2023-05-08,4138.1201171875,16.98,0.045202648488285035,1.1218239187039099,17.808402622166916,-0.8284026221669158
2023-05-09,4119.169921875,17.71,-0.4589938949060013,1.0190287977908237,16.176580666605872,1.5334193333941286
2023-05-10,4137.64013671875,16.94,0.44739422419137753,0.955191614990804,15.16319680607894,1.7768031939210616
2023-05-11,4130.6201171875,16.93,-0.1698064889705364,0.8872442487800776,14.084565806666449,2.845434193333551
2023-05-12,4124.080078125,17.03,-0.1584561589439204,0.8221100756832054,13.050592863469504,3.9794071365304973
2023-05-15,4136.27978515625,17.12,0.2953797680316228,0.7660997656900677,12.161456756884634,4.958543243115367
2023-05-16,4109.89990234375,17.99,-0.6398107681917509,0.7176438952866404,11.392243660992772,6.597756339007226
2023-05-17,4158.77001953125,16.87,1.182068862207153,0.7323673802154312,11.625971738315501,5.2440282616845
2023-05-18,4198.0498046875,16.05,0.9400723063727412,0.8185481281141369,12.994048698764665,3.0559513012353356
2023-05-19,4191.97998046875,16.81,-0.14469138806756376,0.8345686554056251,13.248366685277071,3.5616333147229273
2023-05-22,4192.6298828125,17.21,0.015502267980238571,0.7759980968534074,12.31858789280118,4.891412107198821
2023-05-23,4145.580078125,18.53,-1.1285468768283735,0.7210625735614381,11.446513496158696,7.083486503841305
2023-05-24,4115.240234375,20.03,-0.7345512678305965,0.8348980305508109,13.253595353610317,6.776404646389684
2023-05-25,4151.27978515625,19.14,0.8719456079012033,0.8393362015358297,13.324049133824369,5.815950866175632
2023-05-26,4205.4501953125,17.95,1.296468093164016,0.8396302085071187,13.32871634980287,4.62128365019713
2023-05-30,4205.52001953125,17.46,0.0016603130665870935,0.9206441485891796,14.614772778922596,2.8452272210774048
2023-05-31,4179.830078125,17.94,-0.6127358186214238,0.8451683281755599,13.416631274044535,4.523368725955466
2023-06-01,4221.02001953125,15.65,0.980621508585422,0.8292113686753405,13.163322394934674,2.486677605065326
2023-06-02,4282.3701171875,14.6,1.4429812390106989,0.849887646290489,13.491548126583963,1.108451873416037
2023-06-05,4273.7900390625,14.73,-0.2005591490657821,0.9614100679718269,15.26191168684295,-0.5319116868429496
2023-06-06,4283.85009765625,13.96,0.23511302338512508,0.8871210028868185,14.082609338764408,-0.12260933876440738
2023-06-07,4267.52001953125,13.94,-0.3819293926420997,0.8182131352725472,12.988730852265666,0.9512691477343331
2023-06-08,4293.93017578125,13.65,0.6169571607523849,0.7796384317635094,12.37637641796788,1.273623582032121
2023-06-09,4298.85986328125,13.83,0.11474010230507758,0.7563060346213539,12.005986095993054,1.8240139040069465
2023-06-12,4338.93017578125,15.01,0.9277974981754866,0.704003501400366,11.175709120944486,3.834290879055514
2023-06-13,4369.009765625,14.61,0.6908570725908447,0.7450531865655458,11.827352671011862,2.782647328988137
2023-06-14,4372.58984375,13.88,0.0819089980126364,0.7378780230464226,11.713450481284925,2.166549518715076
2023-06-15,4425.83984375,14.5,1.2104580493589978,0.688210908294275,10.925009477451185,3.5749905225488146
2023-06-16,4409.58984375,13.54,-0.36783764677519315,0.7943493328578444,12.609904733111549,0.9300952668884506
2023-06-20,4388.7099609375,13.88,-0.4746353835235695,0.7584704943553617,12.04034582906704,1.8396541709329615
2023-06-21,4365.68994140625,13.2,-0.5259086366924848,0.7409552567751556,11.76230005231841,1.4376999476815886
2023-06-22,4381.89013671875,12.91,0.3703930387334964,0.7335800743022695,11.645222660136536,1.264777339863464
2023-06-23,4348.330078125,13.44,-0.7688288056503012,0.694839057545885,11.03022808488546,2.40977191511454
2023-06-26,4328.81982421875,14.25,-0.44969343631322545,0.7379385939363082,11.714412014352888,2.535587985647112
2023-06-27,4378.41015625,13.74,1.1390733524182295,0.7212663079959392,11.449747680041838,2.290252319958162
2023-06-28,4376.85986328125,13.43,-0.0354139388390351,0.8011014603772326,12.717091434532929,0.712908565467071
2023-06-29,4396.43994140625,13.54,0.4463568114490002,0.7434658341412854,11.802154232466213,1.737845767533786
2023-06-30,4450.3798828125,13.59,1.21943502618862,0.7090064053304584,11.255127758737519,2.334872241262481
2023-07-03,4455.58984375,13.57,0.11699930926720725,0.8107801691557863,12.870736173174555,0.6992638268254456
2023-07-05,4446.81982421875,14.18,-0.19702580976126427,0.7504331425025356,11.912756823854426,2.2672431761455734
2023-07-06,4411.58984375,15.44,-0.7954061175894367,0.7078686498741662,11.237066450796581,4.2029335492034186
2023-07-07,4398.9501953125,14.83,-0.2869212795733489,0.7527472563500631,11.949492242330718,2.8805077576692817
2023-07-10,4409.52978515625,15.07,0.24021386106269915,0.716543739947203,11.374779236402626,3.6952207635973746
2023-07-11,4439.259765625,14.84,0.6719583998254564,0.6733796303051615,10.689570238344421,4.1504297616555785
2023-07-12,4472.16015625,13.54,0.7383905235389676,0.6784397617446866,10.769897334686119,2.77010266531388
2023-07-13,4510.0400390625,13.61,0.8434482989626346,0.6924989396952161,10.993079865656743,2.616920134343257
2023-07-14,4505.419921875,13.34,-0.10249321969073577,0.7209188783856066,11.444232405959598,1.895767594040402
2023-07-17,4522.7900390625,13.48,0.38479695744211284,0.6778956873398537,10.7612604212667,2.7187395787333006
2023-07-18,4554.97998046875,13.3,0.7092066941428499,0.6496818695401142,10.31337994866391,2.986620051336091
2023-07-19,4565.72021484375,13.76,0.2355134827233485,0.6656436946405145,10.566766066782117,3.1932339332178827
2023-07-20,4534.8701171875,13.99,-0.6779827396258042,0.6305240103283956,10.009258361904337,3.9807416380956635
2023-07-21,4536.33984375,13.6,0.03240420146131129,0.6729568160463953,10.68285827006762,2.9171417299323803
2023-07-24,4554.64013671875,13.91,0.4026038496874662,0.6336917335327052,10.059544408829689,3.850455591170311
2023-07-25,4567.4599609375,13.86,0.28107195758391157,0.6149071486916844,9.761348369004079,4.098651630995921
2023-07-26,4566.75,13.19,-0.015545097867608604,0.5906874602825536,9.376872734831878,3.813127265168122
2023-07-27,4537.41015625,14.41,-0.6445393055196647,0.566114141716372,8.98678339594978,5.42321660405022
2023-07-28,4582.22998046875,13.33,0.9829375810433305,0.6194185915643582,9.832965304375097,3.4970346956249028
2023-07-31,4588.9599609375,13.63,0.14676354365690258,0.6947618418002351,11.02900232292373,2.60099767707627
2023-08-01,4576.72998046875,13.93,-0.26686453076827377,0.6523495528649972,10.355728108589796,3.574271891410204
2023-08-02,4513.39013671875,16.09,-1.393620063833545,0.632069194751798,10.033787404188658,6.056212595811342
2023-08-03,4501.89013671875,15.92,-0.25512254502917386,0.8486270283767405,13.471536437595653,2.4484635624043474
2023-08-04,4478.02978515625,17.1,-0.5314169373939137,0.7944413380458377,12.611365270192097,4.488634729807904
2023-08-07,4518.43994140625,15.77,0.8983618964856888,0.7772972114989773,12.339210698461619,3.430789301538381
2023-08-08,4499.3798828125,15.99,-0.4227205100058029,0.7954690014761107,12.627678921399964,3.3623210786000364
2023-08-09,4467.7099609375,15.96,-0.7063619102046559,0.7650838269939652,12.145329230061586,3.814670769938415
2023-08-10,4468.830078125,15.85,0.02506825210808472,0.7801624023795005,12.384694193633186,3.465305806366814
2023-08-11,4464.0498046875,14.84,-0.10702648992282349,0.7244784776795705,11.500739292952815,3.3392607070471847
2023-08-14,4489.72021484375,14.82,0.5734004879418109,0.6810932881143547,10.81202075991508,4.00797924008492
2023-08-15,4437.85986328125,16.46,-1.1618139396096794,0.6713273758716145,10.656991709195252,5.803008290804749
2023-08-16,4404.330078125,16.78,-0.758408179262382,0.809853306666515,12.856022687297557,3.923977312702444
2023-08-17,4370.35986328125,17.89,-0.774281137752908,0.8236946660896101,13.075747456340977,4.814252543659023
2023-08-18,4369.7099609375,17.3,-0.014871788395787178,0.8371505811399395,13.289353485656873,4.010646514343128
2023-08-21,4399.77001953125,17.13,0.6855634859800119,0.773775688583753,12.283308255242225,4.8466917447577735
2023-08-22,4387.5498046875,16.97,-0.2781331046545432,0.7601869615735101,12.067593901423932,4.902406098576067
2023-08-23,4436.009765625,15.98,1.0984330710790857,0.7219953858447529,11.46132143208804,4.5186785679119605
2023-08-24,4376.31005859375,17.2,-1.3549353984007695,0.792788232040632,12.585123025908485,4.614876974091514
2023-08-25,4405.7099609375,15.68,0.6695501060296039,0.9394240609832821,14.912894645952845,0.7671053540471551
2023-08-28,4433.31005859375,15.08,0.6245078594195874,0.8939178256888324,14.190505555801419,0.889494444198581
2023-08-29,4497.6298828125,14.45,1.4404068712057239,0.8512293732275023,13.512847381400123,0.9371526185998764
2023-08-30,4514.8701171875,13.88,0.3825854181192412,0.9617406356026826,15.267159285299343,-1.387159285299342
2023-08-31,4507.66015625,13.57,-0.15982129743399298,0.8887455594235377,14.10839837428595,-0.5383983742859488
2023-09-01,4515.77001953125,13.09,0.17975127655187606,0.8228991310652739,13.063118729339166,0.026881270660833678
2023-09-05,4496.830078125,14.01,-0.4202997821382226,0.7617485283423322,12.092383005379487,1.9176169946205128
2023-09-06,4465.47998046875,14.45,-0.6996014491431168,0.7371760664339114,11.702307265517755,2.7476927344822446
2023-09-07,4451.14013671875,14.4,-0.3216433115733608,0.757457246833519,12.024261023310949,2.3757389766890515
2023-09-08,4457.490234375,13.84,0.14256060622575006,0.7235265706319499,11.485628237037291,2.3543717629627086
2023-09-11,4487.4599609375,13.8,0.6700951498135765,0.6765550417334208,10.739978332041343,3.060021667958658
2023-09-12,4461.89990234375,14.23,-0.5712169023004421,0.6806631726760449,10.805192889006179,3.4248071109938216
2023-09-13,4467.43994140625,13.48,0.12408621175339363,0.6927009136715379,10.996286103132666,2.483713896867334
2023-09-14,4505.10009765625,12.82,0.8394585533666898,0.6502850721848707,10.322955493793122,2.497044506206878
2023-09-15,4450.31982421875,13.79,-1.223414584249305,0.6883955498139307,10.927940570707422,2.862059429292577
2023-09-18,4453.52978515625,14.0,0.07210276941744809,0.8368438859655595,13.284484850698595,0.7155151493014049
2023-09-19,4443.9501953125,14.11,-0.2153327361533286,0.7725735982604252,12.26422566294845,1.8457743370515498
2023-09-20,4402.2001953125,15.14,-0.9439204206291407,0.7276533488263953,11.551138809947853,3.588861190052148
2023-09-21,4330.0,17.54,-1.6536918318488247,0.79750641641801,12.66002188092224,4.879978119077759
2023-09-22,4320.06005859375,17.2,-0.22982374027602503,1.0227566635004552,16.235758700138256,0.9642412998617438
2023-09-25,4337.43994140625,16.9,0.4014994203807021,0.9413281522140788,14.943121157174446,1.956878842825553
2023-09-26,4273.52978515625,18.94,-1.4844165482264415,0.8724253999804557,13.849323874826043,5.0906761251739585
2023-09-27,4274.509765625,18.22,0.022928777229402897,1.0256814359573876,16.28218802351322,1.9378119764867776
2023-09-28,4299.7001953125,17.34,0.5875877143001418,0.9356775392533485,14.853420457279421,2.4865795427205786
2023-09-29,4288.0498046875,17.52,-0.2713259648290389,0.8823374283724097,14.006672447505974,3.513327552494026
2023-10-02,4288.39013671875,17.61,0.007936440615274876,0.8240894722058091,13.082014809138276,4.527985190861724
2023-10-03,4229.4501953125,19.78,-1.3839395863447734,0.7621988367896906,12.09953143036938,7.680468569630621
2023-10-04,4263.75,18.58,0.8077047607828902,0.9267689521833876,14.712001021758928,3.8679989782410704
2023-10-05,4258.18994140625,18.49,-0.13048811469964505,0.9004384450771904,14.294017179575627,4.195982820424371
2023-10-06,4308.5,17.45,1.174564209396145,0.8315751655800041,13.2008465074923,4.2491534925077
2023-10-09,4335.66015625,17.7,0.6284068119388309,0.8887954086586007,14.10918970636009,3.59081029363991
2023-10-10,4358.240234375,17.03,0.5194476099985579,0.847397300607652,13.452015114451742,3.5779848855482594
2023-10-11,4376.9501953125,16.09,0.4283819500095376,0.8020423007691421,12.732026812735311,3.3579731872646885
2023-10-12,4349.60986328125,16.69,-0.6266024940655868,0.7563909514096266,12.007334108216478,4.6826658917835235
2023-10-13,4327.77978515625,19.32,-0.5031495660219321,0.7605201087273927,12.072882448538907,7.247117551461093
2023-10-16,4373.6298828125,17.21,1.0538642302590162,0.7462368382759657,11.846142559399986,5.363857440600015
2023-10-17,4373.2001953125,17.88,-0.009824987944462293,0.8011527903573474,12.717906272706044,5.162093727293955
2023-10-18,4314.60009765625,19.22,-1.349040825115111,0.742928125379926,11.793618370504188,7.426381629495811
2023-10-19,4278.0,21.4,-0.8519032328058174,0.9050750145726362,14.367620438504135,7.032379561495864
2023-10-20,4224.16015625,21.71,-1.2665149196156023,0.913855757374553,14.50701040918589,7.202989590814111
2023-10-23,4217.0400390625,20.37,-0.1686992065435433,1.0024781966186076,15.913848018104085,4.456151981895916
2023-10-24,4247.68017578125,18.97,0.7239523519629643,0.9208488343318274,14.618022064354395,4.351977935645603
2023-10-25,4186.77001953125,20.19,-1.4443434657238186,0.8848544323946141,14.046628647656188,6.143371352343813
2023-10-26,4137.22998046875,20.68,-1.1903081205584698,1.0240553542507722,16.256374776670167,4.423625223329832
2023-10-27,4117.3701171875,21.27,-0.48118385786217743,1.0680064899360329,16.954077425842502,4.315922574157497
2023-10-30,4166.81982421875,19.75,1.1938474300286828,0.9986368672301301,15.852868804509315,3.897131195490685
2023-10-31,4193.7998046875,18.14,0.6454084821687189,1.0192307974040262,16.179787311054664,1.9602126889453366
2023-11-01,4237.85986328125,16.87,1.0451194990192647,0.9581418260826702,15.210029955264273,1.6599700447357275
2023-11-02,4317.77978515625,15.66,1.8682938934086124,0.961562169954207,15.264326230958735,0.39567376904126483
2023-11-03,4358.33984375,14.91,0.9349883544551574,1.1435582386223224,18.153424254682342,-3.243424254682342
2023-11-06,4365.97998046875,14.89,0.17514577241009022,1.095126002646615,17.384586343699237,-2.494586343699236
2023-11-07,4378.3798828125,14.81,0.2836093401711537,0.9964830935856553,15.818678707847681,-1.0086787078476807
2023-11-08,4382.77978515625,14.45,0.10044110324205491,0.9139349082678453,14.508266890664089,-0.05826689066408974
2023-11-09,4347.35009765625,15.29,-0.811669069906884,0.8388474298932312,13.316290124539073,1.9737098754609264
2023-11-10,4415.240234375,14.17,1.549575927077207,0.8553364354883423,13.578044973567572,0.5919550264324283
2023-11-13,4411.5498046875,14.76,-0.08361884413705667,0.9909596055720347,15.730996053925562,-0.9709960539255622
2023-11-14,4495.7001953125,14.16,1.8895370474577788,0.9077430644389369,14.40997441709464,-0.24997441709463963
2023-11-15,4502.8798828125,14.18,0.1595738207846864,1.1139641720183469,17.683633011579136,-3.5036330115791365
2023-11-16,4508.240234375,14.32,0.11897193967129738,1.0126327800680306,16.07504703295184,-1.7550470329518397
2023-11-17,4514.02001953125,13.8,0.1281227937178997,0.9242356868485608,14.671786681273574,-0.8717866812735728
2023-11-20,4547.3798828125,13.41,0.7363103793794679,0.8479179329181519,13.460279896160268,-0.05027989616026751
2023-11-21,4538.18994140625,13.35,-0.20229759317569318,0.8268296571987794,13.125513897364542,0.2244861026354581
2023-11-22,4556.6201171875,12.85,0.40529050943138856,0.77255920256105,12.263997138305477,0.5860028616945225
2023-11-24,4559.33984375,12.46,0.059669560964437096,0.7299433353322888,11.58749121874958,0.8725087812504206
2023-11-27,4550.43017578125,12.69,-0.19560693168987342,0.6815305420252438,10.818961950563098,1.8710380494369012
2023-11-28,4554.89013671875,12.69,0.09796385280509412,0.6503306768350302,10.323679445170823,2.3663205548291764
2023-11-29,4550.580078125,12.98,-0.09466966151023826,0.6144865675585408,9.754671850497537,3.225328149502463
2023-11-30,4567.7998046875,12.92,0.3776931264994232,0.5888071785457861,9.347024187610538,3.572975812389462
2023-12-01,4594.6298828125,12.63,0.5856558953846402,0.5763141034313356,9.148702768430821,3.4812972315691795
2023-12-04,4569.77978515625,13.08,-0.5423188063826245,0.5903784834283716,9.371967879329635,3.7080321206703655
2023-12-05,4567.18017578125,12.85,-0.05690315939350654,0.6188497514361919,9.823935247285805,3.026064752714195
2023-12-06,4549.33984375,12.97,-0.3913851944943758,0.5907659618123889,9.378118907984772,3.591881092015228
2023-12-07,4585.58984375,13.06,0.7936610684822654,0.5965727680031466,9.470299098538543,3.589700901461457
2023-12-08,4604.3701171875,12.35,0.4087134146503857,0.6400576818544724,10.160600705540599,2.1893992944594007
2023-12-11,4622.43994140625,12.63,0.39168135477805066,0.6206351389263018,9.852277395042105,2.777722604957896
2023-12-12,4643.7001953125,12.07,0.4588812795692121,0.6033259197477706,9.577502059031485,2.4924979409685157
2023-12-13,4707.08984375,12.19,1.3558345175020747,0.5958261191728135,9.45844641580799,2.73155358419201
2023-12-14,4719.5498046875,12.48,0.2643565185154628,0.7717046410319341,12.250431394589215,0.22956860541078505
2023-12-15,4719.18994140625,12.28,-0.007625240044895065,0.7209364510584064,11.444511363492191,0.835488636507808
2023-12-18,4740.56005859375,12.56,0.4518122263400315,0.6747836744664539,10.711858748427614,1.848141251572386
2023-12-19,4768.3701171875,12.53,0.584926745082015,0.6529468831220535,10.365210432454267,2.164789567545732
2023-12-20,4698.35009765625,13.67,-1.479314796530673,0.6503165506152425,10.32345519838368,3.3465448016163197
2023-12-21,4746.75,13.65,1.024876930727281,0.8842702844136447,14.037355585937155,-0.38735558593715425
2023-12-22,4754.6298828125,13.03,0.16586821527599938,0.9002959681759704,14.291755428886432,-1.261755428886433
2023-12-26,4774.75,12.99,0.4222761046978718,0.8278194451165697,13.141226293451558,-0.15122629345155758
2023-12-27,4781.580078125,12.43,0.1429435616422836,0.77758806925026,12.343827922122355,0.08617207787764514
2023-12-28,4783.35009765625,12.47,0.03701061103278391,0.7224295535641619,11.468213630965131,1.0017863690348694
2023-12-29,4769.830078125,12.45,-0.2830477036734891,0.6753402178335716,10.720693600486909,1.7293063995130904
2024-01-02,4742.830078125,13.2,-0.5676660799721844,0.6523459350401563,10.355670677400898,2.8443293225991013
2024-01-03,4704.81005859375,14.04,-0.8048618327197943,0.6702387390263667,10.639710135031725,3.400289864968274
2024-01-04,4688.68017578125,14.13,-0.34342716633180004,0.7269055961781024,11.539268604650413,2.5907313953495876
2024-01-05,4697.240234375,13.35,0.18240216394342923,0.7004402464390097,11.11914420203049,2.230855797969509
2024-01-08,4763.5400390625,13.08,1.401594543635376,0.657908565940078,10.443974705379516,2.6360252946204845
2024-01-09,4756.5,12.76,-0.1478993852318311,0.8227358679356046,13.06052700750294,-0.30052700750293937
2024-01-10,4783.4501953125,12.69,0.5649980650495934,0.7660985516891836,12.16143748521805,0.5285625147819495
2024-01-11,4780.240234375,12.44,-0.06712808369613299,0.7393117928473386,11.736210871268156,0.7037891287318434
2024-01-12,4783.830078125,12.7,0.07506937530337154,0.691991744357143,10.985028389272705,1.7149716107272948
2024-01-16,4765.97998046875,13.84,-0.37383190523563314,0.6494259557152047,10.309317442637266,3.5306825573627343
2024-01-17,4739.2099609375,14.79,-0.5632731271107971,0.640879077636745,10.173639959347703,4.616360040652296
2024-01-18,4780.93994140625,14.13,0.8766720726242738,0.6607201777922437,10.488607659843948,3.6413923401560524
2024-01-19,4839.81005859375,13.3,1.223830823254879,0.7031135692749438,11.161581886418919,2.138418113581082
2024-01-22,4850.43017578125,13.19,0.2191921187231216,0.8077489755951329,12.822617467151417,0.36738253284858224
2024-01-23,4864.60009765625,12.55,0.29171153407645534,0.7498750662039272,11.903897637262123,0.6461023627378779
2024-01-24,4868.5498046875,13.14,0.0811598976216743,0.7037764583154011,11.1721049237062,1.9678950762938001
2024-01-25,4894.16015625,13.45,0.5246578134979529,0.6593627615805152,10.467059345512904,2.982940654487095
2024-01-26,4890.97021484375,13.26,-0.06519977554262368,0.6480817824960943,10.28797935429671,2.9720206457032905
2024-01-29,4927.93017578125,13.6,0.7528365505246271,0.6153661379287961,9.768634597259197,3.8313654027408024
2024-01-30,4924.97021484375,13.31,-0.06008303969800011,0.6467125621529862,10.266243655189223,3.0437563448107774
2024-01-31,4845.64990234375,14.35,-1.6236851740732305,0.6140297906478809,9.747420741836082,4.602579258163917
2024-02-01,4906.18994140625,13.88,1.2416286114049768,0.907785618168411,14.41064993660792,-0.5306499366079187
2024-02-02,4958.60986328125,13.85,1.062777072263188,0.959171150676251,15.22636997662214,-1.37636997662214
2024-02-05,4942.81005859375,13.67,-0.31914247092839076,0.9653495039794705,15.324448294735419,-1.6544482947354187
2024-02-06,4954.22998046875,13.06,0.23077459317484283,0.8979776502828426,14.254953273255188,-1.1949532732551873
2024-02-07,4995.06005859375,12.83,0.8207682594008503,0.8273900581562956,13.134409986772964,-0.3044099867729635
2024-02-08,4997.91015625,12.79,0.057042054009137644,0.8222808952919706,13.05330454069258,-0.26330454069258025
2024-02-09,5026.60986328125,12.93,0.5725917128794222,0.7601550421474464,12.067087196243794,0.8629128037562062
2024-02-12,5021.83984375,13.93,-0.09494041426520994,0.7352882757532603,11.672339517507664,2.2576604824923354
2024-02-13,4953.169921875,15.85,-1.3768609419845035,0.6896678969729175,10.948138455691534,4.901861544308465
2024-02-14,5000.6201171875,14.38,0.9534168304217161,0.8787442437002314,13.949632409162097,0.43036759083790344
2024-02-15,5029.72998046875,14.01,0.5804372674040437,0.883828676297379,14.030345274421634,-0.020345274421634585
2024-02-16,5005.56982421875,14.24,-0.48150435759612975,0.8382832642598348,13.307334272753776,0.9326657272462242
2024-02-20,4975.509765625,15.42,-0.6023426465818105,0.8068832077554636,12.808873828770123,2.611126171229877
2024-02-21,4981.7998046875,15.34,0.1263401495103622,0.7969957398257058,12.651915141340528,2.6880848586594723
2024-02-22,5087.02978515625,14.54,2.0902888666403996,0.7387551279208052,11.72737408951296,2.8126259104870392
2024-02-23,5088.7998046875,13.75,0.03478870265016809,1.0717921359783167,17.014172693720095,-3.264172693720095
2024-02-26,5069.52978515625,13.74,-0.37939392446677545,0.9755876908356991,15.486974472522164,-1.7469744725221634
2024-02-27,5078.18017578125,13.43,0.17048955387206632,0.9114106797461236,14.468196005139458,-1.0381960051394579
2024-02-28,5069.759765625,13.84,-0.16595313211116292,0.83746361327564,13.294322716757483,0.545677283242517
2024-02-29,5096.27001953125,13.4,0.521547045579851,0.7795246909109356,12.374570837908966,1.0254291620910347
2024-03-01,5137.080078125,13.11,0.7975936433387787,0.7458323766198802,11.839721929658806,1.2702780703411936
2024-03-04,5130.9501953125,13.49,-0.11939745749618424,0.7543532711981935,11.974986937670899,1.5150130623291016
2024-03-05,5078.64990234375,14.46,-1.0245406275918967,0.7068334417433249,11.220633031180192,3.239366968819809
2024-03-06,5104.759765625,14.5,0.5127932853001838,0.8005960289527543,12.709067959409127,1.7909320405908726
2024-03-07,5157.35986328125,14.44,1.0251402284984223,0.7624399827916616,12.103359504474616,2.3366404955253834
2024-03-08,5123.68994140625,14.74,-0.6549922992050483,0.8074531523409373,12.81792141857563,1.9220785814243708
2024-03-11,5117.93994140625,15.22,-0.11228682680286539,0.805195241384443,12.782078193335158,2.4379218066648427
2024-03-12,5175.27001953125,13.84,1.1139512586668232,0.7495663631043168,11.89899712747898,1.94100287252102
2024-03-13,5165.31005859375,13.75,-0.19263840021217504,0.8160313920034284,12.954096751577604,0.7959032484223965
2024-03-14,5150.47998046875,14.4,-0.28752210514948473,0.7628441555073435,12.109775547429088,2.2902244525709126
2024-03-15,5117.08984375,14.41,-0.6504022859738612,0.7249886396821033,11.508837863675152,2.9011621363248477
2024-03-18,5149.419921875,14.33,0.6298184238481497,0.7397937590512624,11.743861847563677,2.586138152436323
2024-03-19,5178.509765625,13.82,0.5633253044342368,0.7255763193718879,11.518166989533556,2.301833010466444
2024-03-20,5224.6201171875,13.04,0.8864765516360507,0.7060559752979775,11.208291133977673,1.8317088660223266
2024-03-21,5241.52978515625,12.92,0.3231309094529067,0.7389099197899989,11.729831334258126,1.190168665741874
2024-03-22,5234.18017578125,13.06,-0.14031718343261446,0.6962662497888553,11.052884059373339,2.0071159406266617
2024-03-25,5218.18994140625,13.19,-0.3059640382032214,0.6591199344606995,10.463204584489217,2.7267954155107823
2024-03-26,5203.580078125,13.24,-0.28037219828060955,0.641318661450473,10.180618136056664,3.0593818639433366
2024-03-27,5248.490234375,12.78,0.8593595582706115,0.6243503769461467,9.911254970213633,2.868745029786366
2024-03-28,5254.35009765625,13.01,0.11158627007610278,0.6729480899925512,10.682719748257227,2.3272802517427724
2024-04-01,5243.77001953125,13.65,-0.2015614526957421,0.6335437397786587,10.057195080816902,3.5928049191830986
2024-04-02,5205.81005859375,14.61,-0.7265388203672174,0.6112122046176758,9.702692950235367,4.907307049764633
2024-04-03,5211.490234375,14.33,0.10905275233383804,0.6682398213141528,10.607978300084927,3.7220216999150733
2024-04-04,5147.2099609375,16.35,-1.2411035619262378,0.629569562031366,9.99410696490508,6.355893035094921
2024-04-05,5204.33984375,16.03,1.103805013569925,0.8041944979738859,12.766191884192033,3.2638081158079686
2024-04-08,5202.39013671875,15.19,-0.037470119004190394,0.8541317588643172,13.558921325023034,1.6310786749769655
2024-04-09,5209.91015625,14.98,0.14444494736345348,0.788814624260929,12.522043957951652,2.457956042048348
2024-04-10,5160.64013671875,15.8,-0.9501981832212181,0.7320123923820375,11.62033648116182,4.179663518838181
2024-04-11,5199.06005859375,14.91,0.7417221983342159,0.80199335183274,12.731249772459345,2.1787502275406556
2024-04-12,5123.41015625,17.31,-1.4657587802247463,0.7905208336700105,12.549129192637821,4.760870807362178
2024-04-15,5061.81982421875,19.23,-1.2094195787460293,0.966779966956889,15.347156190523023,3.8828438094769773
2024-04-16,5051.41015625,18.4,-0.20586245275033832,1.028890763806201,16.333134523695026,2.0668654763049723
2024-04-17,5022.2099609375,18.21,-0.5797375076005196,0.9453476230036562,15.006928277842306,3.203071722157695
2024-04-18,5011.1201171875,18.0,-0.22106017004848155,0.9066450600378424,14.392544137592136,3.607455862407864
2024-04-19,4967.22998046875,18.71,-0.879712965405588,0.8414670967371667,13.357876046460442,5.352123953539559
2024-04-22,5010.60009765625,16.94,0.8693351156837892,0.8695052502869831,13.802967935545984,3.137032064454017
2024-04-23,5070.5498046875,15.69,1.1893566567723113,0.8631659239839046,13.702334250280167,1.9876657497198327
2024-04-24,5071.6298828125,15.97,0.021298737793173927,0.9152752123951786,14.529543559076794,1.4404564409232066
2024-04-25,5048.419921875,15.37,-0.4586934270118803,0.8402827908878375,13.339075773939056,2.030924226060943
2024-04-26,5099.9599609375,15.03,1.0157381332325244,0.8059423322777607,12.793937893598036,2.2360621064019632
2024-04-29,5116.169921875,14.67,0.3173408076639461,0.8384394249644115,13.309813247087,1.360186752913
2024-04-30,5035.68994140625,15.65,-1.5855551118928446,0.7800381054212961,12.382721040592402,3.267278959407598
2024-05-01,5018.39013671875,15.39,-0.34413534856305716,0.9928163138026742,15.760470383338436,-0.37047038333843574
2024-05-02,5064.2001953125,14.68,0.9087024725083381,0.9232065134345404,14.65544905981683,0.024550940183170056
2024-05-03,5127.7900390625,13.49,1.2478557659509448,0.9120348082841188,14.4781037385255,-0.9881037385254992
2024-05-06,5180.740234375,13.49,1.0273173691247806,0.9636093634811542,15.296824420706278,-1.8068244207062776
2024-05-07,5187.7001953125,13.23,0.13425282288253015,0.9629283716253116,15.286014010133758,-2.056014010133758
2024-05-08,5187.669921875,13.0,-0.0005835635194628708,0.8813685073531952,13.991291303164545,-0.9912913031645445
2024-05-09,5214.080078125,12.69,0.5078032639108443,0.811420997222825,12.880909003365762,-0.19090900336576233
2024-05-10,5222.68017578125,12.55,0.16480400801661688,0.7709704718175058,12.238776819619511,0.31122318038048924
2024-05-13,5221.419921875,13.6,-0.024133317386620945,0.7171808998764687,11.3848938367119,2.2151061632881
2024-05-14,5246.68017578125,13.42,0.48261485274547766,0.671999137724803,10.667655598018031,2.7523444019819685
2024-05-15,5308.14990234375,12.45,1.1647827787300002,0.6537285761078329,10.377619423906122,2.0723805760938774
2024-05-16,5297.10009765625,12.42,-0.2083837474089023,0.7599514387208544,12.063855092046735,0.35614490795326503
2024-05-17,5303.27001953125,11.99,0.11640956878942177,0.7165967331403899,11.375620477264734,0.6143795227352662
2024-05-20,5308.1298828125,12.15,0.09159703084904436,0.6703680732567676,10.64176325228962,1.5082367477103809
2024-05-21,5321.41015625,11.86,0.2498749766893127,0.6312567355258373,10.020890013815025,1.8391099861849742
2024-05-22,5307.009765625,12.29,-0.2709791209351664,0.6025622977193741,9.565379935134757,2.724620064865242
2024-05-23,5267.83984375,12.77,-0.7408162283471853,0.5921017665347449,9.399324150557769,3.3706758494422306
2024-05-24,5304.72021484375,11.93,0.6976649076673169,0.657438771721439,10.43651695336015,1.4934830466398505
2024-05-28,5306.0400390625,12.92,0.024877090688590897,0.6698482106142228,10.6335106886811,2.286489311318899
2024-05-29,5266.9501953125,14.28,-0.7394317215743129,0.6311815830706546,10.01969700557405,4.260302994425949
2024-05-30,5235.47998046875,14.47,-0.5992957535752907,0.6853096345631907,10.878953184784544,3.5910468152154564
2024-05-31,5277.509765625,12.92,0.7995824231928239,0.7007605667691273,11.124229129630706,1.795770870369294
2024-06-03,5283.39990234375,13.11,0.11154602235343702,0.719701276413941,11.424903573882263,1.6850964261177364
2024-06-04,5291.33984375,13.16,0.15016810037842276,0.6729503451156199,10.68275554722612,2.4772444527738795
2024-06-05,5354.02978515625,12.63,1.1778015849955636,0.6340742358855913,10.06561644543949,2.5643835545605107
2024-06-06,5352.9599609375,12.58,-0.01998366016362496,0.7498341342308931,11.903247862334206,0.6767521376657939
2024-06-07,5346.990234375,12.22,-0.11158420502788147,0.6995152175854782,11.104459824218468,1.1155401757815326
2024-06-10,5360.7900390625,12.74,0.2577529978241344,0.6603523429561639,10.482768462845069,2.257231537154931
2024-06-11,5375.31982421875,12.85,0.2706714855209569,0.6271016786260742,9.95493053037445,2.8950694696255503
2024-06-12,5421.02978515625,12.04,0.8467720241887022,0.6001705926218743,9.527412793750418,2.512587206249581
2024-06-13,5433.740234375,11.94,0.2341911437117261,0.6528393941499129,10.36350409792047,1.5764959020795288
2024-06-14,5431.60009765625,12.66,-0.039393828099854034,0.6197922873663377,9.838897541323258,2.8211024586767426
2024-06-17,5473.22998046875,12.75,0.7635164372320702,0.5909206796521094,9.380574977548484,3.369425022451516
2024-06-18,5487.02978515625,12.3,0.25181541815175734,0.6303472198102481,10.006451899433301,2.2935481005666993
2024-06-20,5473.169921875,13.28,-0.2529127395412445,0.6019013754773865,9.554888119805256,3.725111880194744
2024-06-21,5464.6201171875,13.2,-0.15633517188238244,0.5898340614115783,9.363325447741415,3.836674552258584
2024-06-24,5447.8701171875,13.33,-0.3069879155868094,0.572201168676214,9.083411953306705,4.2465880466932955
2024-06-25,5469.2998046875,12.84,0.3925873679182956,0.5716584963637449,9.074797297413543,3.765202702586457
2024-06-26,5477.89990234375,12.55,0.15711962247202393,0.5638462221885195,8.950781289564553,3.599218710435448
2024-06-27,5482.8701171875,12.24,0.09069098567984213,0.5436203249610111,8.629705124921724,3.610294875078276
2024-06-28,5460.47998046875,12.44,-0.4092013462368982,0.5261290293359884,8.35203941492899,4.087960585071009
2024-07-01,5475.08984375,12.22,0.2671990981429673,0.5492339673721779,8.718818935536877,3.5011810644631236
2024-07-02,5509.009765625,12.03,0.6176205771184939,0.5362416870943186,8.51257288006369,3.5174271199363094
2024-07-03,5537.02001953125,12.09,0.5071562269533203,0.5646793015243741,8.9640060140349,3.125993985965099
2024-07-05,5567.18994140625,12.48,0.5433974360968818,0.5708048453851918,9.061246008239353,3.4187539917606475
2024-07-08,5572.85009765625,12.37,0.10161824764054472,0.5802670603665878,9.211454014394974,3.1585459856050253
2024-07-09,5576.97998046875,12.51,0.07407974780644366,0.5562757223570665,8.830603330437665,3.679396669562335
2024-07-10,5633.91015625,12.85,1.0156314878106087,0.5364683417838357,8.516170911715381,4.333829088284618
2024-07-11,5584.5400390625,12.92,-0.8801649969266023,0.6456822925472975,10.249888632229217,2.670111367770783
2024-07-12,5615.35009765625,12.46,0.550186402496422,0.7252271230689008,11.512623670074873,0.9473763299251274
2024-07-15,5631.22021484375,13.12,0.2822216423354007,0.7042882148667337,11.180228807106005,1.9397711928939945
2024-07-16,5667.2001953125,13.19,0.6369049971452156,0.6650000069810553,10.556547841968534,2.6334521580314654
2024-07-17,5588.27001953125,14.48,-1.4025441523644488,0.6668499584284012,10.585914910771862,3.8940850892281382
2024-07-18,5544.58984375,15.93,-0.7847112145350721,0.8719415472378891,13.841642950657997,2.0883570493420027
2024-07-19,5505.0,16.52,-0.7165879226405991,0.876637006665675,13.916181058280689,2.603818941719311
2024-07-22,5564.41015625,14.91,1.0734217246220368,0.8695740931561281,13.80406078221377,1.1059392177862293
2024-07-23,5555.740234375,14.72,-0.15593176939461273,0.8976901338152395,14.250389090828508,0.46961090917149306
2024-07-24,5427.1298828125,18.04,-2.3421242222893213,0.8303561258793818,13.181494852175332,4.858505147824667
2024-07-25,5399.22021484375,18.46,-0.5155889019716753,1.2508600820483466,19.856788212226647,-1.396788212226646
2024-07-26,5459.10009765625,16.39,1.102942040957089,1.1572253680483464,18.370383208266695,-1.9803832082666943
2024-07-29,5463.5400390625,16.6,0.08129795718279098,1.1299467349304908,17.937348332253,-1.337348332252997
2024-07-30,5436.43994140625,17.69,-0.49725143613663647,1.0260098672938052,16.28740170934675,1.402598290653252
2024-07-31,5522.2998046875,16.36,1.5669980701916941,0.9647685232602107,15.315225511737308,1.044774488262691
2024-08-01,5446.68017578125,18.59,-1.3788123791989904,1.0714872447587527,17.009332695656735,1.5806673043432653
2024-08-02,5346.56005859375,23.39,-1.8552906608553243,1.14230389146701,18.133512110898156,5.2564878891018445
2024-08-05,5186.330078125,38.57,-3.042704139239305,1.3030893380506121,20.68590194749018,17.88409805250982
2024-08-06,5240.02978515625,27.71,1.0300849493599884,1.7346454562631128,27.536642940842196,0.17335705915780508
2024-08-07,5199.5,27.85,-0.7764715388770327,1.6041130869140046,25.464505816791572,2.3854941832084293
2024-08-08,5319.31005859375,23.79,2.2781139590899,1.4831189008359222,23.543782658107897,0.24621734189210187
2024-08-09,5344.16015625,20.37,0.46607984343811637,1.6088101852829984,25.53906994179936,-5.169069941799361
2024-08-12,5344.39013671875,20.71,0.0043033051721153015,1.454207829329573,23.084833626054664,-2.374833626054663
2024-08-13,5434.43017578125,18.12,1.6707233419049672,1.3100388798390956,20.79622250327925,-2.6762225032792486
2024-08-14,5455.2099609375,16.19,0.3816436561198344,1.34995083041468,21.429805076654233,-5.239805076654232
2024-08-15,5543.22021484375,15.23,1.6004489931304988,1.224495995717488,19.43827131637731,-4.20827131637731
2024-08-16,5554.25,14.8,0.19878023683954638,1.2706203180950868,20.1704722347923,-5.370472234792299
2024-08-19,5608.25,14.65,0.9675327436177383,1.1498353159538985,18.25306976816037,-3.6030697681603687
2024-08-20,5597.1201171875,15.88,-0.19865272376087262,1.1046017517645879,17.53500919761241,-1.6550091976124097
2024-08-21,5620.85009765625,16.27,0.42307147210056684,1.0103130594397716,16.038222609590722,0.23177739040927747
2024-08-22,5570.64013671875,17.55,-0.897294225665668,0.9327282955064987,14.80660266422016,2.743397335779841
2024-08-23,5634.60986328125,15.86,1.1417937401663636,0.9432583394331606,14.973761929367361,0.886238070632638
2024-08-26,5616.83984375,16.15,-0.3158710169605783,0.9669067972934209,15.349169559697996,0.8008304403020023
2024-08-27,5625.7998046875,15.43,0.15939251127239373,0.8990613492139262,14.27215646046147,1.1578435395385291
2024-08-28,5592.18017578125,17.11,-0.5993900794734941,0.8266483155518581,13.122635187963985,3.987364812036015
2024-08-29,5591.9599609375,15.65,-0.003937984343771461,0.812443113893466,12.897134602494218,2.752865397505783
2024-08-30,5648.39990234375,15.0,1.004245707914464,0.7524491564733642,11.944760053493091,3.0552399465069087
2024-09-03,5528.93017578125,20.72,-2.1377963372398057,0.7959253312834937,12.634922932516934,8.085077067483065
2024-09-04,5520.06982421875,21.32,-0.16038290273812095,1.167269822184161,18.529833974459255,2.7901660255407457
2024-09-05,5503.41015625,19.9,-0.30225810146742305,1.0630231721614969,16.874969708629923,3.0250302913700757
2024-09-06,5408.419921875,22.38,-1.741094450742331,0.9802198189814001,15.56050722720921,6.819492772790788
2024-09-09,5471.0498046875,19.45,1.1513534435817263,1.1638705901647504,18.475872839027442,0.9741271609725572
2024-09-10,5495.52001953125,19.08,0.4462699977795026,1.1427539486403777,18.140656547037104,0.9393434529628948
2024-09-11,5554.1298828125,17.69,1.0608555649842089,1.0479563404467966,16.635791170053377,1.0542088299466243
2024-09-12,5595.759765625,17.07,0.7467352156803386,1.0354615230595452,16.437442093150377,0.6325579068496232
2024-09-13,5626.02001953125,16.56,0.5393142234355608,0.9824698350830294,15.596225125514025,0.9637748744859742
2024-09-16,5633.08984375,17.14,0.12558408673104537,0.9174392839968724,14.563897130741307,2.576102869258694
2024-09-17,5634.580078125,17.61,0.02645150938960228,0.8420372768872723,13.36692737573855,4.243072624261449
2024-09-18,5618.259765625,18.23,-0.2900658708313131,0.7773112070566363,12.33943287105177,5.890567128948231
2024-09-19,5713.64013671875,16.33,1.6834356892726277,0.7372507402887115,11.703492676213191,4.626507323786807
2024-09-20,5702.5498046875,16.15,-0.19429136300157523,0.9496732607672148,15.075595648547061,1.0744043514529373
2024-09-23,5718.56982421875,15.89,0.28053344257124024,0.8767387740513157,13.917796565444583,1.9722034345554178
2024-09-24,5732.93017578125,15.39,0.25080311033462976,0.8109884445983678,12.87404244332619,2.5159575566738113
2024-09-25,5722.259765625,15.41,-0.18629832062124763,0.7537272095273899,11.965048516752884,3.4449514832471166
2024-09-26,5745.3701171875,15.37,0.4030542158199424,0.7099502819802471,11.270111336039488,4.099888663960511
2024-09-27,5738.169921875,16.96,-0.12540029000724928,0.6776287679295421,10.757023206988015,6.202976793011986
2024-09-30,5762.47998046875,16.73,0.42276036584407706,0.642759693180652,10.203493805593103,6.526506194406897
2024-10-01,5708.75,19.26,-0.9367848694454395,0.6241041255047562,9.907345849770172,9.35265415022983
2024-10-02,5709.5400390625,18.9,0.013838132698751338,0.7231270064078017,11.479285351617925,7.420714648382074
2024-10-03,5699.93994140625,20.49,-0.16828286544594562,0.6762346898652419,10.734892903789925,9.755107096210073
2024-10-04,5751.06982421875,19.21,0.8930255699185707,0.6441046954359867,10.224845054475724,8.985154945524277
2024-10-07,5695.93994140625,22.64,-0.9632263829388421,0.6939868123334785,11.01669911155702,11.62330088844298
2024-10-08,5751.1298828125,21.42,0.9642706804694257,0.7776961461521205,12.345543589751113,9.074456410248889
2024-10-09,5792.0400390625,20.86,0.7088231016995294,0.8074550493855966,12.817951533225997,8.042048466774002
2024-10-10,5780.0498046875,20.93,-0.20722685059819668,0.7904347520275806,12.547762688927916,8.382237311072084
2024-10-11,5815.02978515625,20.46,0.6033608707298299,0.7421394411101274,11.781098395859173,8.678901604140828
2024-10-14,5859.85009765625,19.7,0.7678114574593664,0.7242019672008765,11.496349825183648,8.203650174816351
2024-10-15,5815.259765625,20.64,-0.7638566037513783,0.7327485386548762,11.63202244096081,9.00797755903919
2024-10-16,5842.47021484375,19.58,0.46682327827802794,0.7654716364419422,12.151485514194157,7.428514485805842
2024-10-17,5841.47021484375,19.11,-0.017117512853737082,0.7290562666563289,11.573409440075029,7.536590559924971
2024-10-18,5864.669921875,18.03,0.3963686942773492,0.6818584726240238,10.82416768743306,7.20583231256694
2024-10-21,5853.97998046875,18.37,-0.18244327564183038,0.6538727536889551,10.379908172051804,7.990091827948197
2024-10-22,5851.2001953125,18.2,-0.047496666719659686,0.6265385412470735,9.945991001621646,8.254008998378353
2024-10-23,5797.419921875,19.24,-0.9233824267679935,0.5967961496354706,9.473845172018075,9.766154827981923
2024-10-24,5809.85986328125,19.08,0.2143473130557183,0.7014588969210619,11.135314777120927,7.944685222879071
2024-10-25,5808.1201171875,20.33,-0.02994920131857981,0.659731841571011,10.472918308725355,9.857081691274644
2024-10-28,5823.52001953125,19.8,0.2647934626732962,0.6238905345195362,9.903955197995108,9.896044802004893
2024-10-29,5832.919921875,19.34,0.16128259449015303,0.5972086569598907,9.480393522784524,9.859606477215475
2024-10-30,5813.669921875,20.35,-0.3305691672489175,0.5711952261291793,9.067443110430668,11.282556889569333
2024-10-31,5705.4501953125,23.16,-1.8790134928744706,0.5735915968227945,9.105484315857243,14.054515684142757
2024-11-01,5728.7998046875,21.88,0.4084158004525662,0.970458524343386,15.40555147869193,6.474448521308069
2024-11-04,5712.68994140625,21.98,-0.28160448131906435,0.8977272887170507,14.250978906609582,7.729021093390418
2024-11-05,5782.759765625,20.49,1.2191031029562538,0.8378555422673325,13.300544396619172,7.189455603380827
2024-11-06,5929.0400390625,16.27,2.498128095718677,0.9026847824718751,14.32967668021811,1.9403233197818892
2024-11-07,5973.10009765625,15.2,0.7403754173996191,1.2894022247454564,20.468625759659346,-5.268625759659347
2024-11-08,5995.5400390625,14.94,0.3749794035718068,1.196104668116271,18.98757296303461,-4.047572963034609
2024-11-11,6001.35009765625,14.97,0.09685941909562956,1.0904111155314595,17.309739831100572,-2.3397398311005713
2024-11-12,5983.990234375,14.71,-0.2896851476936746,0.9916335654081335,15.741694834645344,-1.031694834645343
2024-11-13,5985.3798828125,14.02,0.02322007641417656,0.9183007290739744,14.577572147394225,-0.5575721473942252
2024-11-14,5949.169921875,14.31,-0.6068108582244491,0.8428674747917271,13.380106358903477,0.9298936410965233
2024-11-15,5870.6201171875,16.14,-1.3291430866793519,0.82653562571202,13.120846292215013,3.0191537077849873
2024-11-18,5893.6201171875,15.58,0.3910159746206787,0.9557821346918511,15.17257101571847,0.4074289842815304
2024-11-19,5916.97998046875,16.35,0.39557505205962684,0.8841376861217597,14.035250653309555,2.314749346690446
2024-11-20,5917.10986328125,17.16,0.002195062133480974,0.8233732039374626,13.070644402877965,4.089355597122035
2024-11-21,5948.7099609375,16.87,0.532625184428781,0.7616790303302662,12.091279758640248,4.778720241359753
2024-11-22,5969.33984375,15.24,0.3461959591536612,0.7322381743418573,11.623920658659069,3.6160793413409316
2024-11-25,5987.3701171875,14.6,0.3015927820126052,0.6920926682264761,10.98663050603034,3.6133694939696603
2024-11-26,6021.6298828125,14.1,0.5705697155262257,0.6558467412884983,10.411244253728903,3.688755746271097
2024-11-27,5998.740234375,14.1,-0.3808481083577675,0.6507885224322936,10.330947518706171,3.769052481293828
2024-11-29,6032.3798828125,13.51,0.5592120396801903,0.6428009603624975,10.204148901795934,3.305851098204066
2024-12-02,6047.14990234375,13.34,0.24454638805817552,0.6389754535116817,10.14342086319974,3.19657913680026
2024-12-03,6049.8798828125,13.3,0.045134724202178234,0.6087158480659408,9.663064518517542,3.6369354814824586
2024-12-04,6086.490234375,13.45,0.603318162813693,0.5799054380284151,9.20571343774299,4.24428656225701
2024-12-05,6075.10986328125,13.54,-0.18715258393822154,0.5957055959759743,9.456533169371683,4.083466830628316
2024-12-06,6090.27001953125,12.77,0.24923453675373963,0.5792153809553969,9.194759121309106,3.5752408786908934
2024-12-09,6052.85009765625,14.19,-0.6163167285226478,0.5596724643925619,8.884524938600228,5.305475061399772
2024-12-10,6034.91015625,14.18,-0.29682843142797566,0.6093245379202632,9.672727170398174,4.507272829601826
2024-12-11,6084.18994140625,13.58,0.8132626411368804,0.6001566383908155,9.527191277199705,4.052808722800295
2024-12-12,6051.25,13.92,-0.5428731461464054,0.6463731615311873,10.26085583734862,3.65914416265138
2024-12-13,6051.08984375,13.81,-0.0026466989371698446,0.6617015135910712,10.504185882702005,3.305814117297995
2024-12-16,6074.080078125,14.69,0.37921550087851585,0.6248462599978654,9.91912686961895,4.77087313038105
2024-12-17,6050.60986328125,15.87,-0.3871479480656248,0.605702556248112,9.615229993851697,6.254770006148302
2024-12-18,5872.16015625,27.62,-2.9936505304517524,0.6077578105615549,9.647856144617874,17.97214385538213
2024-12-19,5867.080078125,24.09,-0.08654867505377695,1.3812169390390205,21.926139163962656,2.163860836037344
2024-12-20,5930.85009765625,18.36,1.0810479402397988,1.2474699628188137,19.802971737849436,-1.4429717378494367
2024-12-23,5974.06982421875,16.78,0.7260849585616569,1.2004102304539568,19.055921646233422,-2.275921646233421
2024-12-24,6040.0400390625,14.27,1.0982233165126587,1.1190825974629153,17.764885496562453,-3.4948854965624534
2024-12-26,6037.58984375,14.73,-0.04057410882580825,1.0984162978673813,17.43681816106403,-2.706818161064028
2024-12-27,5970.83984375,15.95,-1.1117304964912478,0.9997548093116537,15.870615584876626,0.07938441512337313
2024-12-30,5906.93994140625,17.4,-1.0759673941729275,1.0341922082207364,16.417292344756785,0.9827076552432139
2024-12-31,5881.6298828125,17.35,-0.429400645898248,1.0540240671161754,16.73211334479752,0.6178866552024829
2025-01-02,5868.5498046875,17.93,-0.22263631494485736,0.982140368588277,15.590995007051365,2.3390049929486345
2025-01-03,5942.47021484375,16.13,1.2517356707824945,0.9060784552650032,14.383549565668568,1.7464504343314307
2025-01-06,5975.3798828125,16.04,0.5522766496818932,0.959944684112078,15.238649439234088,0.8013505607659113
2025-01-07,5909.02978515625,17.82,-1.1166021516636704,0.8995082448113496,14.279250708138223,3.5407492918617773
2025-01-08,5918.25,17.7,0.15591440938305112,0.9596559108181915,15.234065305308684,2.465934694691315
2025-01-10,5827.0400390625,19.54,-1.5531637650232355,0.8788141176281725,13.950741623380853,5.589258376619146
2025-01-13,5836.22021484375,19.19,0.15742043780537784,1.0475981408252795,16.630104927343865,2.5598950726561363
2025-01-14,5842.91015625,18.71,0.11456233341640143,0.9549526552210869,15.159403437334817,3.5505965626651843
2025-01-15,5949.91015625,16.12,1.8147132504516605,0.874308620790671,13.87921907839195,2.240780921608051
2025-01-16,5937.33984375,16.6,-0.2114924340865798,1.0721905108676484,17.020496699034563,-0.42049669903456177
2025-01-17,5996.66015625,15.97,0.9941478308393314,0.9829337748340253,15.603589940740738,0.3664100592592625
2025-01-21,6049.240234375,15.06,0.8730009440595765,0.9729722628897225,15.44545584101979,-0.38545584101978925
2025-01-22,6086.3701171875,15.1,0.6119181086994274,0.9469763646462269,15.03278374985961,0.06721625014039034
2025-01-23,6118.7099609375,15.02,0.5299419459529275,0.8941828933812535,14.194713374969883,0.8252866250301167
2025-01-24,6101.240234375,14.85,-0.2859215984466701,0.842175948630245,13.369128721413217,1.4808712785867826
2025-01-27,6012.27978515625,17.9,-1.4688059032112122,0.791262504319003,12.560902849189521,5.339097150810478
2025-01-28,6067.7001953125,16.41,0.9175644177716435,0.9680706485827801,15.367645126146236,1.042354873853764
2025-01-29,6039.31005859375,16.56,-0.46898760569202835,0.9494023572445541,15.071295188445552,1.488704811554447
2025-01-30,6071.169921875,15.84,0.5261548152180495,0.8976776135385953,14.25019033759843,1.5898096624015707
2025-01-31,6040.52978515625,16.43,-0.5059603990266837,0.8447751048763782,13.410389047688428,3.019610952311572
2025-02-03,5994.56982421875,18.62,-0.7637690729495716,0.8150858582337023,12.939086868312149,5.680913131687852
2025-02-04,6037.8798828125,17.21,0.7198907403029864,0.8286713651275095,13.154750104366755,4.055249895633246
2025-02-05,6061.47998046875,15.77,0.3901053915614128,0.8090606592761745,12.843439800064326,2.9265601999356736
2025-02-06,6083.56982421875,15.5,0.3637674355266185,0.7595086835614899,12.05682657178652,3.4431734282134805
2025-02-07,6025.990234375,16.54,-0.9509845693660424,0.716084378904171,11.3674871059115,5.172512894088499
2025-02-10,6066.43994140625,15.81,0.6690112295453687,0.790711484820785,12.552155685830527,3.257844314169473
2025-02-11,6068.5,16.02,0.03395251436746349,0.7717086950189741,12.25049574963837,3.7695042503616296
2025-02-12,6051.97021484375,15.89,-0.2727583189647831,0.7171817701676904,11.384907652156745,4.505092347843256
2025-02-13,6115.06982421875,15.1,1.0372313214235263,0.6858604113217859,10.887696494771486,4.212303505228514
2025-02-14,6114.6298828125,14.77,-0.0071946395573618815,0.753735840472485,11.96518552875869,2.8048144712413094
2025-02-18,6129.580078125,15.35,0.24420036555508062,0.7025431379659064,11.15252657011637,4.19747342988363
2025-02-19,6144.14990234375,15.27,0.23741488668242994,0.6617756366821906,10.505362550295061,4.764637449704939
2025-02-20,6117.52001953125,15.66,-0.4343604884288865,0.6273758207705249,9.959282402003039,5.700717597996961
2025-02-21,6013.1298828125,18.21,-1.7211396672539792,0.6310323549192339,10.017328082110435,8.192671917889566
2025-02-24,5983.25,18.98,-0.4981493566251771,0.9474570946202852,15.040415101614405,3.9395848983855952
2025-02-25,5955.25,19.43,-0.4690715138396584,0.8990945784206642,14.272683957765226,5.157316042234774
2025-02-26,5956.06005859375,19.1,0.013601502958415779,0.8557497410957675,13.584605996683866,5.5153940033161355
2025-02-27,5861.56982421875,21.13,-1.5991742678524545,0.7892230100219247,12.5285268809271,8.6014731190729
2025-02-28,5954.5,19.63,1.572978042066353,1.0023295089926954,15.911487675216907,3.7185123247830916
2025-03-03,5849.72021484375,22.78,-1.7753402648310157,1.0997635955654792,17.45820584897085,5.321794151029152
2025-03-04,5778.14990234375,23.51,-1.2310288231505595,1.2538615492936944,19.904435027623627,3.6055649723763743
2025-03-05,5842.6298828125,21.93,1.1097472528735608,1.253818983779956,19.903759321040948,2.026240678959052
2025-03-06,5738.52001953125,24.87,-1.797967710745496,1.2096542640922923,19.20266613094233,5.667333869057671
2025-03-07,5770.2001953125,23.37,0.5505435045455087,1.3367520619451572,21.220281122758166,2.1497188772418347
2025-03-10,5614.56005859375,27.86,-2.734354178842935,1.2219443378763453,19.39776500390576,8.462234996094239
2025-03-11,5572.06982421875,26.92,-0.759664691853601,1.594405068718647,25.310395805582335,1.609604194417667
2025-03-12,5599.2998046875,24.23,0.48749679404913593,1.4732096031821018,23.38647743455195,0.8435225654480512
2025-03-13,5521.52001953125,24.66,-1.3988366806465535,1.336823371024672,21.22141311930187,3.4385868806981286
2025-03-14,5638.93994140625,21.77,2.1042905953198243,1.3490493622290212,21.415494712849696,0.35450528715030316
2025-03-17,5675.1201171875,20.51,0.6395634974605713,1.4716253782894742,23.361328644031804,-2.8513286440318026
2025-03-18,5614.66015625,21.7,-1.0710667074320668,1.344607659141929,21.344984862253494,0.3550151377465056
2025-03-19,5675.2900390625,19.9,1.074060817295397,1.3011424762871904,20.65499647511197,-0.7549964751119731
2025-03-20,5662.89013671875,19.8,-0.21872835137823898,1.2437136096628414,19.743341480126023,0.0566585198739773
2025-03-21,5667.56005859375,19.28,0.08243136078327495,1.1317990288511839,17.9667525866679,1.3132474133320997
2025-03-24,5767.56982421875,17.48,1.7492117128638185,1.0276235272857637,16.31301776758277,1.1669822324172294
2025-03-25,5776.64990234375,17.15,0.15730954906540973,1.158875888114493,18.39658440204037,-1.246584402040373
2025-03-26,5712.2001953125,18.33,-1.1219640357598593,1.0517035220509916,16.695275833905953,1.6347241660940455
2025-03-27,5693.31005859375,18.69,-0.3312461007132228,1.076056925767225,17.08187413277261,1.6081258672273897
2025-03-28,5580.93994140625,21.65,-1.9934601126852414,0.9933259873358473,15.768561199850083,5.881438800149915
2025-03-31,5611.85009765625,22.28,0.5523240357645065,1.240434848176894,19.691292755125346,2.588707244874655
2025-04-01,5633.06982421875,21.77,0.3774104555212432,1.138924030716583,18.079858484828208,3.690141515171792
2025-04-02,5670.97021484375,21.51,0.6705661429483811,1.0409901780743256,16.52520677067305,4.98479322932695
2025-04-03,5396.52001953125,30.02,-4.9605911828995986,0.9789477346761808,15.540313514899298,14.479686485100702
2025-04-04,5074.080078125,45.31,-6.160906189823123,2.243104532039461,35.60818053898998,9.701819461010025
2025-04-07,5062.25,46.98,-0.2334194605962736,3.2415565654688074,51.458115197874776,-4.478115197874779
2025-04-08,4982.77001953125,52.33,-1.5825083277055896,2.892761550209486,45.92116598438391,6.408834015616087
2025-04-09,5456.89990234375,33.62,9.089487983303712,2.668283725410124,42.35769098877688,-8.737690988776883
2025-04-10,5268.0498046875,40.72,-3.522060702411167,4.381680544120229,69.55702226563383,-28.837022265633834
2025-04-11,5363.35986328125,37.56,1.7930380835776916,4.169462295853645,66.18816201413496,-28.628162014134958
2025-04-14,5405.97021484375,30.89,0.7913319326343426,3.77876109960449,59.98597280087072,-29.09597280087072
2025-04-15,5396.6298828125,30.12,-0.17292752253013077,3.379132342370855,53.64206295053071,-23.522062950530707
2025-04-16,5275.7001953125,32.64,-2.2663253964902097,3.0137383830825075,47.84161366947735,-15.201613669477346
2025-04-17,5282.7001953125,29.65,0.13259586237737153,2.8532701880295073,45.29426004480348,-15.644260044803481
2025-04-21,5158.2001953125,33.82,-2.384964833401959,2.5457866036948977,40.41310946649868,-6.593109466498682
2025-04-22,5287.759765625,30.57,2.4806952125450366,2.485768302656065,39.46034847453051,-8.890348474530512
2025-04-23,5375.85986328125,28.45,1.6523864366879693,2.426969957618472,38.526953683700675,-10.076953683700676
2025-04-24,5484.77001953125,26.47,2.005662808258357,2.2612344740130634,35.89598444546708,-9.42598444546708
2025-04-25,5525.2099609375,24.84,0.7346084795701202,2.1690557672551796,34.43269283992562,-9.592692839925622
2025-04-28,5528.75,25.15,0.06405015390011926,1.958312835325274,31.087252509218757,-5.937252509218759
2025-04-29,5560.830078125,24.17,0.5785641545557496,1.753732987376741,27.839648103655403,-3.669648103655401
2025-04-30,5569.06005859375,24.7,0.14788972519319543,1.5864027480546996,25.183362903253148,-0.48336290325314835
2025-05-01,5604.14013671875,24.6,0.6279345716452056,1.4261523701360235,22.639467018391546,1.9605329816084556
2025-05-02,5686.669921875,22.68,1.4619191109114027,1.3044633356603115,20.70771348335375,1.9722865166462498
2025-05-05,5650.3798828125,23.64,-0.640204702931868,1.3066558421969132,20.74251844561614,2.897481554383859
2025-05-06,5606.91015625,24.76,-0.7722985278391548,1.2162526459323517,19.30741219536778,5.45258780463222
2025-05-07,5631.27978515625,23.55,0.43369381067090984,1.154760335590586,18.33125203112508,5.218747968874922
2025-05-08,5663.93994140625,22.48,0.5783021147466982,1.0575967927391359,16.78882860580365,5.691171394196349
2025-05-09,5659.91015625,21.9,-0.07117341348763517,0.9844394476871373,15.62749175629167,6.272508243708328
2025-05-12,5844.18994140625,18.39,3.203997667701941,0.9017568804196043,14.314946691790102,4.075053308209899
2025-05-13,5886.5498046875,18.22,0.7222059020246974,1.5209346062673816,24.144088371452593,-5.924088371452594
2025-05-14,5892.580078125,18.62,0.10238912422764201,1.3932803526653663,22.11763991846957,-3.49763991846957
2025-05-15,5916.93017578125,17.83,0.41238174387565607,1.256259509126663,19.942501459855368,-2.1125014598553697
2025-05-16,5958.3798828125,17.24,0.698084936809984,1.144364661648223,18.166225823350636,-0.926225823350638
2025-05-19,5963.60009765625,18.14,0.08757295660490882,1.0688893424492594,16.968092275008576,1.1719077249914243
2025-05-20,5940.4599609375,18.09,-0.3887777069571996,0.9729073804595068,15.44442586437094,2.64557413562906
2025-05-21,5844.60986328125,20.87,-1.626671926775991,0.9099378412508942,14.44481541886102,6.42518458113898
2025-05-22,5842.009765625,20.28,-0.044497002242138706,1.087360392132462,17.26131109850501,3.01868890149499
2025-05-23,5802.81982421875,22.29,-0.673089959147255,0.9902321327935311,15.719447781580625,6.570552218419374
2025-05-27,5921.5400390625,18.96,2.0252580802184283,0.9553193458510838,15.165224470625233,3.7947755293747676
2025-05-28,5888.5498046875,19.31,-0.5586802576445393,1.1815063953559624,18.755832567265415,0.5541674327345838
2025-05-29,5912.169921875,19.18,0.4003170870632289,1.1020990601560825,17.495280199986052,1.6847198000139478
2025-05-30,5911.68994140625,18.57,-0.008118845699556232,1.0103326461041067,16.038533538247783,2.531466461752217
2025-06-02,5935.93994140625,18.36,0.4093651490626016,0.9227784037642387,14.64865302948795,3.71134697051205
2025-06-03,5970.3701171875,17.69,0.5783533535369756,0.8571113517884369,13.606220896335603,4.083779103664398
2025-06-04,5970.81005859375,17.61,0.007368474471824982,0.8158381437551615,12.951029030740324,4.658970969259675
2025-06-05,5939.2998046875,18.48,-0.5291357978697064,0.7551560895805285,11.987731284396556,6.492268715603444
2025-06-06,6000.35986328125,16.77,1.0228196215376073,0.7453800702944247,11.832541789337345,4.937458210662655
2025-06-09,6005.8798828125,17.16,0.0919525186391823,0.794298199615998,12.609093018061625,4.550906981938375
2025-06-10,6038.81005859375,16.95,0.5468012541646416,0.7362177886629391,11.687095077504269,5.26290492249573
2025-06-11,6022.240234375,17.26,-0.2747660318286549,0.7128765321268303,11.316564117010442,5.94343588298956
2025-06-12,6045.259765625,18.02,0.38151330716758025,0.6824749127386257,10.833953370881467,7.1860466291185325
2025-06-13,5976.97021484375,20.82,-1.1360668590102208,0.6532069279418238,10.369338515991323,10.450661484008677
2025-06-16,6033.10986328125,19.11,0.9348823148188856,0.7914241319496117,12.563468608283046,6.546531391716954
2025-06-17,5982.72021484375,21.6,-0.8387259723644291,0.8127051698699881,12.90129461215495,8.69870538784505
2025-06-18,5980.8701171875,20.14,-0.030928803471930166,0.8400056916207509,13.33467695944392,6.805323040556081
2025-06-20,5967.83984375,20.62,-0.2181035215588878,0.7765687525055782,12.327646770440563,8.292353229559438
2025-06-23,6025.169921875,19.83,0.9560655071259916,0.7311949369322737,11.607359778194123,8.222640221805875
2025-06-24,6092.18017578125,17.48,1.106032861695816,0.7707738679831226,12.235655830504035,5.244344169495966
2025-06-25,6092.16015625,16.76,-0.0003286108348987682,0.8298684612993432,13.17375341696335,3.586246583036651
2025-06-26,6141.02001953125,16.59,0.7988131032517387,0.7672753089386233,12.180117927431109,4.409882072568891
2025-06-27,6173.06982421875,16.32,0.5205399256150045,0.7713603034876092,12.244965205533136,4.075034794466864
2025-06-30,6204.9501953125,16.73,0.5151137506128833,0.7389893771533359,11.731092680797463,4.998907319202537
2025-07-01,6198.009765625,16.83,-0.11191571098798647,0.7117946796894676,11.299390241983257,5.530609758016741
2025-07-02,6227.419921875,16.64,0.47338743064901934,0.6706636091325417,10.646454738874395,5.993545261125606
2025-07-03,6279.35009765625,16.38,0.830437821066532,0.6517021370207697,10.345450700677782,6.034549299322217
2025-07-07,6229.97998046875,17.79,-0.7893368104245013,0.6878041278445259,10.918552038001751,6.871447961998248
2025-07-08,6225.52001953125,16.81,-0.07161432504698695,0.7366978211720858,11.69471535734684,5.115284642653158
2025-07-09,6263.259765625,15.94,0.6043802776780183,0.6899443143304944,10.952526445208795,4.987473554791205
2025-07-10,6280.4599609375,15.78,0.2742441072925317,0.6823061372718584,10.831274143406615,4.948725856593384
2025-07-11,6259.75,16.4,-0.33029717732251385,0.6462145292843475,10.2583376284983,6.141662371501699
2025-07-14,6268.56005859375,17.2,0.14064243309359625,0.6333931083787437,10.054803881474026,7.145196118525973
2025-07-15,6243.759765625,17.38,-0.3964145065671332,0.6008139884854936,9.537626386448643,7.842373613551356
2025-07-16,6263.7001953125,17.16,0.3188568525382962,0.6051103180760599,9.605828504330681,7.554171495669319
2025-07-17,6297.35986328125,16.52,0.5359380240012257,0.5850175921918396,9.286866369224457,7.2331336307755425
2025-07-18,6296.7900390625,16.41,-0.009049030280827708,0.5903845621382321,9.372064375857132,7.037935624142868
2025-07-21,6305.60009765625,16.65,0.13981570056724735,0.5656900889025703,8.980051766221322,7.669948233778676
2025-07-22,6309.6201171875,16.5,0.0637328496667422,0.5447641487609607,8.647862764831785,7.852137235168215
2025-07-23,6358.91015625,15.37,0.7781532145703096,0.527076826394717,8.367085226793517,7.0029147732064825
2025-07-24,6363.35009765625,15.39,0.06979799969322187,0.5867475869348928,9.314329184381865,6.075670815618135
2025-07-25,6388.64013671875,14.93,0.3966451001680582,0.5615595270353059,8.914481129366832,6.0155188706331675
2025-07-28,6389.77001953125,15.03,0.01768424712675909,0.5561476848880144,8.828570798628006,6.201429201371994
2025-07-29,6370.85986328125,15.98,-0.29638301974674874,0.5369388121304608,8.523639396933783,7.4563606030662175
2025-07-30,6362.89990234375,15.48,-0.1250213938510214,0.5426998422968777,8.615092915629065,6.864907084370936
2025-07-31,6339.39013671875,16.72,-0.37016620463745653,0.5318974126945148,8.443609661930259,8.27639033806974
2025-08-01,6238.009765625,20.38,-1.6121387185568992,0.5480797318600423,8.700496014819818,11.679503985180181
2025-08-04,6329.93994140625,17.52,1.4629564491414726,0.8700259322469689,13.811233505415665,3.708766494584335
2025-08-05,6299.18994140625,17.85,-0.48697037804625865,0.980226048814318,15.560606122740872,2.28939387725913
2025-08-06,6345.06005859375,16.77,0.7255522219853816,0.9253064087889467,14.688783865138943,2.081216134861057
2025-08-07,6340.0,16.57,-0.07977981718276794,0.8887175689620923,14.107954039485548,2.462045960514452
2025-08-08,6389.4501953125,15.15,0.7769454816388688,0.8196514547255653,13.01156346573698,2.13843653426302
2025-08-11,6373.4501953125,16.25,-0.25072683938844875,0.8096623143374782,12.852990778067841,3.3970092219321586
2025-08-12,6445.759765625,14.73,1.1281559075170478,0.7612874325314319,12.085063336302193,2.6449366636978073
2025-08-13,6466.580078125,14.49,0.32248733840454236,0.8275524687251993,13.136988174626609,1.3530118253733914
2025-08-14,6468.5400390625,14.83,0.030304487855481455,0.7710584178922324,12.240172920274578,2.5898270797254224
2025-08-15,6449.7998046875,15.09,-0.29013399163648756,0.7166680414786681,11.376752462041672,3.7132475379583276
2025-08-18,6449.14990234375,14.99,-0.01007682577363056,0.6869551295974821,10.905074608650503,4.084925391349497
2025-08-19,6411.3701171875,15.57,-0.5875329112207339,0.6462000748215257,10.25810817101453,5.31189182898547
2025-08-20,6395.77978515625,15.69,-0.243463063226379,0.6687705392882274,10.616403186739205,5.073596813260794
2025-08-21,6370.169921875,16.6,-0.40122197289509387,0.6434765304256758,10.214873244078154,6.385126755921847
2025-08-22,6466.91015625,14.22,1.5072285158778342,0.6394520640100894,10.150986820305915,4.069013179694085
2025-08-25,6439.31982421875,14.79,-0.4275512539646087,0.8404629003864161,13.341934923591054,1.4480650764089447
2025-08-26,6465.93994140625,14.62,0.4125473710116623,0.8027249692299278,12.742863838586187,1.8771361614138122
2025-08-27,6481.39990234375,14.85,0.23881304533031056,0.7557715960411374,11.997502146547305,2.852497853452695
2025-08-28,6501.85986328125,14.43,0.31517474414659574,0.706423533441672,11.214125938621105,3.2158740613788943
2025-08-29,6460.259765625,15.36,-0.6418740402791556,0.6685969161168959,10.613647004340116,4.746352995659883
2025-09-02,6415.5400390625,17.17,-0.6946350061031836,0.6950498767752523,11.033574736400436,6.136425263599566
2025-09-03,6448.259765625,16.35,0.5087112302941676,0.7243960556311582,11.49943088349693,4.850569116503072
2025-09-04,6502.080078125,15.3,0.8311847102874026,0.6991717379462946,11.099007253984304,4.200992746015697
2025-09-05,6481.5,15.18,-0.3170172669936022,0.7238559676738712,11.490857252970436,3.689142747029564
2025-09-08,6495.14990234375,15.11,0.21037644508883346,0.695355596215159,11.038427882054142,4.071572117945857
2025-09-09,6512.60986328125,15.04,0.2684547030073148,0.6544679008074316,10.389355839665715,4.650644160334284
2025-09-10,6532.0400390625,15.35,0.2979028229397329,0.6227326878351888,9.885574951696363,5.464425048303637
2025-09-11,6587.47021484375,14.71,0.8450087623094404,0.5981235646199784,9.494917231631606,5.215082768368395
2025-09-12,6584.2900390625,14.76,-0.04828778814278678,0.6510061255202291,10.334401860637353,4.425598139362647
2025-09-15,6615.27978515625,15.69,0.46955777265598186,0.6171838845717978,9.797490430642627,5.892509569357372
2025-09-16,6606.759765625,16.36,-0.12887604333311486,0.6080741519342392,9.652877908227016,6.707122091772984
2025-09-17,6600.35009765625,15.72,-0.0970639078245128,0.585377103104045,9.292573428028316,6.427426571971685
2025-09-18,6631.9599609375,15.7,0.47776878367074005,0.564991259535885,8.968958193942614,6.731041806057386
2025-09-19,6664.35986328125,15.45,0.48735239374817496,0.5674909631191221,9.008639758138347,6.441360241861652
2025-09-22,6693.75,16.1,0.4400350714762524,0.5705907923864237,9.057848022226585,7.0421519777734165
2025-09-23,6656.919921875,16.64,-0.5517351828739692,0.5677100005720604,9.01211686990805,7.62788313009195
2025-09-24,6637.97021484375,16.18,-0.2850677165294968,0.6034733254765153,9.579842052431994,6.600157947568006
2025-09-25,6604.72021484375,16.74,-0.5021648742527418,0.5942457792942346,9.433359297973924,7.306640702026074
2025-09-26,6643.7001953125,15.29,0.5884489130414394,0.6152698961575893,9.7671068065051,5.5228931934949
2025-09-29,6661.2099609375,16.12,0.26320772599124354,0.6210673571230173,9.85913864620586,6.260861353794141
2025-09-30,6688.4599609375,16.28,0.40825036135085924,0.5947950095387826,9.44207805781146,6.837921942188542
2025-10-01,6711.2001953125,16.29,0.33941541712234624,0.5839016600315619,9.269151495367774,7.020848504632225
2025-10-02,6715.35009765625,16.63,0.06181636213824504,0.5692280773835982,9.036215592194587,7.593784407805412
2025-10-03,6715.7900390625,16.65,0.006551065686721813,0.5471467820409317,8.685685895577402,7.964314104422597
2025-10-06,6740.27978515625,16.37,0.3639959282761396,0.5298094194144131,8.410463796180318,7.959536203819683
2025-10-07,6714.58984375,17.24,-0.38186877068522307,0.5278447943953242,8.37927634086029,8.860723659139708
2025-10-08,6753.72021484375,16.3,0.5810748494187834,0.5465973220781298,8.676963489075638,7.623036510924363
2025-10-09,6735.10986328125,16.43,-0.2759373980278923,0.5669131219975005,8.999466814707644,7.430533185292356
2025-10-10,6552.509765625,21.66,-2.7485975439899946,0.5640924103663189,8.95468940572964,12.70531059427036
2025-10-13,6654.72021484375,19.03,1.5478263036934337,1.275322407191449,20.245115585140958,-1.215115585140957
2025-10-14,6644.31005859375,20.81,-0.15655514969434847,1.2995093611950086,20.629071576734418,0.18092842326558056
2025-10-15,6671.06005859375,20.64,0.401791850342903,1.1779880207446336,18.69998010182098,1.9400198981790204
2025-10-16,6629.06982421875,25.31,-0.6314280275143247,1.0759892337371575,17.08079955510881,8.229200444891188
2025-10-17,6664.009765625,20.78,0.5256873944526674,1.0210775585442204,16.209103735302016,4.570896264697986
2025-10-20,6735.1298828125,18.23,1.0615724136144422,0.9491045357699799,15.066567419104643,3.163432580895357
2025-10-21,6735.35009765625,17.87,0.003269591641696934,0.9572435185754526,15.195769765674514,2.6742302343254867
2025-10-22,6699.39990234375,18.6,-0.535183477474277,0.8767068788273853,13.9172902444614,4.6827097555386015
2025-10-23,6738.43994140625,17.3,0.5810479862013551,0.8447879645536823,13.410593188736952,3.889406811263049
2025-10-24,6791.68994140625,16.37,0.7871361975244184,0.8058893004160557,12.79309603889223,3.576903961107771
2025-10-27,6875.16015625,15.79,1.2215141327379442,0.8001572834913264,12.702103091130349,3.0878969088696504
2025-10-28,6890.89013671875,16.42,0.22853305022305648,0.8757449449048123,13.902020016840568,2.5179799831594334
2025-10-29,6890.58984375,16.92,-0.004357920473374577,0.8082570872427309,12.830683489498217,4.089316510501785
2025-10-30,6822.33984375,16.91,-0.9954191424535352,0.7488837025426702,11.888160227023048,5.021839772976952
2025-10-31,6840.2001953125,17.44,0.2614500917884399,0.823889100735969,13.0788340106641,4.361165989335902
2025-11-03,6851.97021484375,17.17,0.17192339969174242,0.7651216705617022,12.145929978075321,5.024070021924681
2025-11-04,6771.5498046875,19.0,-1.18062503923273,0.7123600724173261,11.308365573289244,7.691634426710756
2025-11-05,6796.2900390625,18.01,0.36468976756882654,0.841778715125975,13.36282283502489,4.647177164975112
2025-11-06,6720.31982421875,19.5,-1.1241134514722972,0.7855147866939965,12.469660660537581,7.030339339462419
2025-11-07,6728.7998046875,19.08,0.12610463474942435,0.878667232174689,13.948409889094071,5.131590110905927
2025-11-10,6832.43017578125,17.6,1.5283626703501696,0.808683892177217,12.837458807788128,4.762541192211874
2025-11-11,6846.60986328125,17.28,0.20731999523917466,0.9540939927179867,15.14577259267478,2.1342274073252216
2025-11-12,6850.919921875,17.51,0.06293191259452158,0.8750197056333465,13.890507200320673,3.6194927996793282
2025-11-13,6737.490234375,20.0,-1.669545163092856,0.8053445197844726,12.78444791447071,7.215552085529289
2025-11-14,6734.10986328125,19.83,-0.0501851471272019,1.0320650051362286,16.38352404265836,3.4464759573416366
2025-11-17,6672.41015625,22.38,-0.9204497894303998,0.9424063371274102,14.960236812062545,7.419763187937454
2025-11-18,6617.31982421875,24.69,-0.8290709844169797,0.9548328434317376,15.157501484142305,9.532498515857696
2025-11-19,6642.16015625,23.66,0.3746807737265101,0.9493773010753974,15.070897434091172,8.589102565908828
2025-11-20,6538.759765625,26.42,-1.5689726116315583,0.8777218861710102,13.933402986522214,12.486597013477787
2025-11-21,6602.990234375,23.43,0.9775103041592459,1.0509910630140533,16.683965897319595,6.7460341026804045
2025-11-24,6705.1201171875,20.52,1.5348818899081351,1.0252326690977818,16.275064070470236,4.244935929529763
2025-11-25,6765.8798828125,18.56,0.9020886000833173,1.1079146580879708,17.58759995510356,0.9724000448964389
2025-11-26,6812.60986328125,17.19,0.6882969436150077,1.0614325586047972,16.849719501211712,0.3402804987882888
2025-11-28,6849.08984375,16.35,0.5340487341136679,0.9979336659380446,15.841705830066449,0.5082941699335528
2025-12-01,6812.6298828125,17.24,-0.5337548746055631,0.9301113946163878,14.765060650454538,2.47493934954546
2025-12-02,6829.3701171875,16.59,0.24542211959364124,0.8886360093798562,14.106659321255764,2.483340678744236
2025-12-03,6849.72021484375,16.08,0.29753605210860457,0.819850473382128,13.014722788966143,3.0652772110338553
2025-12-04,6857.1201171875,15.78,0.10797387119740876,0.7632663609469905,12.116477851001996,3.6635221489980037
2025-12-05,6870.39990234375,15.41,0.19347688846789168,0.709866701830469,11.26878454229436,4.1412154577056395
2025-12-08,6846.509765625,16.66,-0.3483315331648029,0.6661521382506572,10.57483735887094,6.08516264112906
2025-12-09,6840.509765625,16.93,-0.08767431610134935,0.6514511971251611,10.341467153330953,6.588532846669047
2025-12-10,6886.68017578125,15.77,0.6726880659140733,0.6191121893304404,9.82810131970249,5.941898680297509
2025-12-11,6901.0,14.85,0.20771919837176966,0.6363670081127426,10.102013076195238,4.747986923804762
2025-12-12,6827.41015625,15.74,-1.072091345855597,0.6050587506777408,9.605009897260416,6.134990102739584
2025-12-15,6816.509765625,16.5,-0.15978388918362896,0.7437972905852324,11.807415940393014,4.692584059606986
2025-12-16,6800.259765625,16.48,-0.23867640084400676,0.7000333158751045,11.112684379592704,5.367315620407297
2025-12-17,6721.43017578125,17.62,-1.1659856611370145,0.6688716601056786,10.61800842995129,7.001991570048711
2025-12-18,6774.759765625,16.87,0.7902951520478041,0.8093128005865456,12.847442419279252,4.022557580720749
2025-12-19,6834.5,14.91,0.8779407421830143,0.8033500943267544,12.75278739185324,2.157212608146761
2025-12-22,6878.490234375,14.08,0.6415870575560589,0.8122969055574993,12.894813617114783,1.1851863828852167
2025-12-23,6909.7900390625,14.0,0.4540067046789886,0.7858922735061143,12.475653077906003,1.5243469220939971
2025-12-24,6932.0498046875,13.47,0.321630434470066,0.7449452085311419,11.825638572855322,1.6443614271446787
2025-12-26,6929.93994140625,13.6,-0.03044098771098902,0.7012462139718546,11.131938539970688,2.468061460029311
2025-12-29,6905.740234375,14.2,-0.3498162923936121,0.6587362961815282,10.457114515608664,3.7428854843913353
2025-12-30,6896.240234375,14.33,-0.13766142506543844,0.6456247168300118,10.248974646052252,4.081025353947748
2025-12-31,6845.5,14.95,-0.7384867434248932,0.6168566765110434,9.792296163708235,5.157703836291764
2026-01-02,6858.47021484375,14.51,0.18929140261167987,0.6747259992068128,10.710943182064746,3.799056817935254
2026-01-05,6902.0498046875,14.9,0.6334024511051695,0.6364968820672356,10.104074761307478,4.795925238692522
2026-01-06,6944.81982421875,14.75,0.6177592003892229,0.6439768013169836,10.222814798277545,4.527185201722455
2026-01-07,6920.93017578125,15.38,-0.34458535710086835,0.6476337359216537,10.280866835426245,5.099133164573756
2026-01-08,6921.4599609375,15.45,0.007654532942247272,0.6360975802589375,10.097736041610585,5.352263958389415
2026-01-09,6966.27978515625,14.49,0.6454611138320132,0.6032381225115153,9.576108321113903,4.913891678886097
2026-01-12,6977.27001953125,15.12,0.15763900591814206,0.6199640846311194,9.841624738354458,5.278375261645541
2026-01-13,6963.740234375,15.98,-0.1941005588207645,0.5899720582123124,9.365516079040203,6.614483920959797
2026-01-14,6926.60009765625,16.75,-0.5347633584134925,0.5750987645497893,9.129409861795388,7.620590138204612
2026-01-15,6944.47021484375,15.84,0.25766039204437874,0.6060855094489316,9.621309187450567,6.218690812549433
2026-01-16,6940.009765625,15.86,-0.06425086684505033,0.5821578405812138,9.241469219785664,6.618530780214336
2026-01-20,6796.85986328125,20.09,-2.0842460953261366,0.5608032592082292,8.902475749796807,11.187524250203193
2026-01-21,6875.6201171875,16.9,1.1521117633559896,1.0349921465712093,16.42999097239399,0.4700090276060074
2026-01-22,6913.35009765625,15.64,0.5472500707902839,1.040229014916274,16.51312368013296,-0.8731236801329594
2026-01-23,6915.60986328125,16.09,0.03268164274814467,0.9671108635641641,15.352409011318175,0.7375909886818253
2026-01-26,6950.22998046875,16.15,0.4993594260159995,0.8848920394203873,14.047225640682655,2.102774359317344
2026-01-27,6978.60009765625,16.35,0.4073587840441206,0.831714267771345,13.203054686322973,3.146945313677028
2026-01-28,6978.02978515625,16.35,-0.008172639170034302,0.7797972949325412,12.378898292594354,3.971101707405648
2026-01-29,6969.009765625,16.88,-0.12934674424620596,0.7247050078630713,11.504335348132773,5.3756646518672255
2026-01-30,6939.02978515625,17.44,-0.4311179414457911,0.6823578540275551,10.832095121451747,6.607904878548254
2026-02-02,6976.43994140625,16.34,0.5376785277363183,0.6742336422690455,10.703127257983088,5.636872742016912
2026-02-03,6917.81005859375,18.0,-0.8439495590662816,0.661554417103741,10.501850798356763,7.498149201643237
2026-02-04,6882.72021484375,18.64,-0.5085300155014849,0.7287034070900238,11.567807968113987,7.072192031886013
2026-02-05,6798.39990234375,21.77,-1.232667785383157,0.7214228910726798,11.4522333593253,10.3177666406747
2026-02-06,6932.2998046875,17.76,1.9504344282200492,0.860903536852437,13.66641996796487,4.093580032035131
2026-02-09,6964.81982421875,17.36,0.4680117860122124,1.1012579725226597,17.48192834773296,-0.12192834773296113
2026-02-10,6941.81005859375,17.79,-0.3309182284509049,1.013569417539992,16.089915691868445,1.7000843081315544
2026-02-11,6941.47021484375,17.65,-0.004895726995002292,0.9398946707485849,14.920365344374142,2.7296346556258566
2026-02-12,6832.759765625,20.82,-1.5784941386117524,0.8618619673578155,13.681634580561887,7.138365419438113
2026-02-13,6836.169921875,20.6,0.04989646444464313,1.0430765560606656,16.558326994429464,4.041673005570537
2026-02-17,6843.22021484375,20.29,0.10307906306561421,0.9505616249996468,15.08969799354302,5.20030200645698
2026-02-18,6881.31005859375,19.62,0.5550636821135768,0.8704506660440228,13.817975945418116,5.802024054581885
2026-02-19,6861.89013671875,20.23,-0.2826115391535211,0.8246377176342706,13.090717935505099,7.1392820644949015
2026-02-20,6909.509765625,19.09,0.6915755702173954,0.7762606936856292,12.322756488279973,6.767243511720027
2026-02-23,6837.75,21.01,-1.043995947145504,0.7629885530338717,12.112067787099846,8.897932212900155
2026-02-24,6890.06982421875,19.55,0.7622488962383045,0.8446502190307384,13.40840654634942,6.1415934536505805
2026-02-25,6946.1298828125,17.93,0.8103433970129359,0.827688850196033,13.139153163358188,4.790846836641812
2026-02-26,6908.85986328125,18.63,-0.5380026995567277,0.8209614354600833,13.032358765211901,5.597641234788098
2026-02-27,6878.8798828125,19.86,-0.4348795128036542,0.799632641303466,12.69377465459212,7.166225345407879
2026-03-02,6881.6201171875,21.44,0.03982754131346411,0.7698448054975086,12.220907420767789,9.219092579232212
2026-03-03,6816.6298828125,23.57,-0.9488908731311696,0.7155387902302246,11.358826154215127,12.211173845784874
2026-03-04,6869.5,21.15,0.7726125740148859,0.7898667159482291,12.538745395717859,8.61125460428214
2026-03-05,6830.7099609375,23.75,-0.5662707772703612,0.7852652146021858,12.465698826402901,11.284301173597099
2026-03-06,6740.02001953125,29.49,-1.3365720432496175,0.7746076664486182,12.296515494402689,17.19348450559731
2026-03-09,6795.990234375,25.5,0.8269871665389061,0.9226424855525119,14.646495394766706,10.853504605233294
2026-03-10,6781.47998046875,24.93,-0.21374025058875645,0.899722242309885,14.282647813112108,10.647352186887892
2026-03-11,6775.7998046875,24.23,-0.08379521856358707,0.8351385613059158,13.257413660974336,10.972586339025664
2026-03-12,6672.6201171875,27.29,-1.534480818949291,0.7739571450054644,12.28618878663609,15.003811213363909
2026-03-13,6632.18994140625,27.19,-0.6077546398502776,0.9748459889184257,15.475200319601893,11.714799680398109
2026-03-16,6699.3798828125,23.51,1.0079909746819382,0.9343831381643877,14.832872477010453,8.677127522989549
2026-03-17,6716.08984375,22.37,0.24911493849533173,0.9366550010236414,14.868937181841028,7.501062818158973
2026-03-18,6624.7001953125,25.09,-1.3700999383731371,0.8612017069353406,13.671153271291445,11.418846728708555
2026-03-19,6606.490234375,24.06,-0.27525826238985474,0.9895831122268749,15.709144899489793,8.350855100510206
2026-03-20,6506.47998046875,26.78,-1.5253934307770223,0.9156023371839253,14.534736504109043,12.245263495890958
2026-03-23,6581.0,26.15,1.1388109095072707,1.0652179993364306,16.90981150988377,9.240188490116228
2026-03-24,6556.3701171875,26.95,-0.37495954593200764,1.061859239186692,16.856492845465432,10.093507154534567
2026-03-25,6591.89990234375,25.33,0.5404493759948892,0.9843703640729208,15.626395087914352,9.703604912085646
2026-03-26,6477.16015625,27.44,-1.7559440961209205,0.919143632778131,14.590952828876466,12.849047171123535
2026-03-27,6368.85009765625,31.05,-1.686323194605066,1.1277882848218683,17.903083999024464,13.146916000975537
2026-03-30,6343.72021484375,30.61,-0.39535538333570486,1.2521422802132351,19.87714247708144,10.732857522918561
2026-03-31,6528.52001953125,25.25,2.871489330980026,1.149046214846685,18.24054317642653,7.009456823573469
2026-04-01,6575.31982421875,24.54,0.7142945003758783,1.5448091614282196,24.523085185159818,0.01691481484018098
2026-04-02,6582.68994140625,23.87,0.1120248136237123,1.4133012490643644,22.435461795847594,1.4345382041524068
2026-04-06,6611.830078125,24.17,0.44170131316043637,1.2738565628046894,20.22184602689244,3.948153973107562
2026-04-07,6616.85009765625,25.78,0.075896003312792,1.1611107334951405,18.43206147261562,7.3479385273843825
2026-04-08,6782.81005859375,21.04,2.4772038357184556,1.0531634903581566,16.71845211228272,4.32154788771728
2026-04-09,6824.66015625,19.49,0.61510668695135,1.3705786841375631,21.757262102844834,-2.2672621028448354
2026-04-10,6816.89013671875,19.23,-0.11391696991402966,1.2555501261274968,19.93124035385482,-0.7012403538548213
2026-04-13,6886.240234375,19.12,1.0121875493741328,1.1383331700032753,18.070478861786864,1.0495211382131373
2026-04-14,6967.3798828125,18.36,1.1713988916143947,1.1013127446302688,17.482797827986058,0.8772021720139414
2026-04-15,7022.9501953125,18.17,0.7944144911565587,1.095932097295309,17.397382699540984,0.772617300459018
2026-04-16,7041.27978515625,17.94,0.26065558152854607,1.0383407782107128,16.483148851696924,1.4568511483030768
2026-04-17,7126.06005859375,17.48,1.196855392873708,0.9492875046339281,15.069471959774694,2.410528040225307
2026-04-20,7109.14013671875,18.87,-0.23771959102507623,0.9818038094417422,15.585652296232194,3.284347703767807
2026-04-21,7064.009765625,19.5,-0.6368453580853028,0.9066465938483296,14.392568486078781,5.1074315139212185
2026-04-22,7137.89990234375,18.92,1.0405756011536482,0.8822716623185576,14.005628443766758,4.9143715562332435
2026-04-23,7108.39990234375,19.31,-0.4141432170939652,0.9015158788118797,14.311120909872464,4.998879090127534
2026-04-24,7165.080078125,18.71,0.7942067917632301,0.852192340608689,13.528134014667847,5.181865985332154
2026-04-27,7173.91015625,18.02,0.1231618000550938,0.8382340777605618,13.306553461284146,4.7134465387158535
2026-04-28,7138.7998046875,17.83,-0.49061878687961524,0.7739719072625557,12.286423130202412,5.543576869797587
2026-04-29,7135.9501953125,18.81,-0.03992517435129628,0.7555051610586972,11.993272622322678,6.816727377677321
2026-04-30,7209.009765625,16.89,1.0186184168105683,0.704836230963886,11.188928292951157,5.701071707048843
2026-05-01,7230.1201171875,16.99,0.29240496865217125,0.7636087833967535,12.121913638874386,4.868086361125613
2026-05-04,7200.75,18.29,-0.40704624878422635,0.7153925288777145,11.356504327224158,6.933495672775841
2026-05-05,7259.22021484375,17.38,0.8087227380576323,0.697932278375013,11.079331443269925,6.3006685567300735
2026-05-06,7365.1201171875,17.39,1.4482944327745884,0.7190626068350021,11.414765008627375,5.975234991372625
2026-05-07,7337.10986328125,17.08,-0.38103454826785566,0.8743144943748451,13.879312318650127,3.200687681349871
2026-05-08,7398.93017578125,17.19,0.839040542903291,0.8263056046377655,13.117194820862323,4.072805179137678
2026-05-11,7412.83984375,18.38,0.18781917406744952,0.8241971118392561,13.083723535346166,5.2962764646538325
2026-05-12,7400.9599609375,17.99,-0.1603894411408291,0.7630423700751873,12.112922106145556,5.877077893854443
2026-05-13,7444.25,17.87,0.5832206062995837,0.7162578818892331,11.370241380412711,6.49975861958729
2026-05-14,7501.240234375,17.26,0.7626449143739222,0.7008346434387683,11.125405060305638,6.134594939694363
2026-05-15,7408.5,18.43,-1.2440381787730104,0.7137282545364109,11.330084791101307,7.099915208898693
2026-05-18,7403.0498046875,17.82,-0.07359385925660433,0.858727375964856,13.631874484836441,4.188125515163559
2026-05-19,7353.60986328125,18.06,-0.6700720556670703,0.7937689033081171,12.60069069965852,5.459309300341479
2026-05-20,7432.97021484375,17.44,1.073420806632619,0.7967043360561927,12.647289249909097,4.7927107500909045
2026-05-21,7445.72021484375,16.76,0.17138609316660336,0.8425176748735865,13.374553457351293,3.385446542648708
2026-05-22,7473.47021484375,16.7,0.37200452843411114,0.7783485581053972,12.35590030843553,4.34409969156447
2026-05-26,7519.1201171875,17.01,0.6089680623146521,0.7324480572457461,11.627252446467871,5.3827475535321305
2026-05-27,7520.35986328125,16.29,0.016486555361971966,0.7170451091125809,11.382738225162381,4.907261774837618
2026-05-28,7563.6298828125,15.74,0.5737227212216922,0.6710523618840033,10.65262599748555,5.08737400251445
2026-05-29,7580.06005859375,15.32,0.21699047314864828,0.6633234631510267,10.529933533750402,4.790066466249598
2026-06-01,7599.9599609375,16.05,0.26218560604913677,0.62786303944991,9.967016758761588,6.082983241238413
2026-06-02,7609.77978515625,15.77,0.12912549125889683,0.6003579213521818,9.530386545153284,6.239613454846715
2026-06-03,7553.68017578125,16.06,-0.7399348892068502,0.5731790237383206,9.098934921182304,6.961065078817695
2026-06-04,7584.31005859375,15.4,0.4046762369187107,0.6438551102107763,10.220883011854788,5.179116988145212
2026-06-05,7383.740234375,21.51,-2.6801330315359806,0.6233795773869256,9.895844004974094,11.614155995025907
2026-06-08,7405.72998046875,18.92,0.297370520766016,1.272163921946745,20.194976186278033,-1.2749761862780318
2026-06-09,7386.64990234375,19.87,-0.257971859262085,1.153597412342829,18.312791196880553,1.5572088031194475
2026-06-10,7266.990234375,22.22,-1.6332095868206054,1.0555989263002339,16.75711345930331,5.46288654069669
2026-06-11,7394.2998046875,19.44,1.736719891346361,1.1884703639292857,18.866382141163914,0.5736178588360872
2026-06-12,7431.4599609375,17.68,0.5012928127161587,1.2719760531041084,20.19199386085775,-2.51199386085775
2026-06-15,7554.2900390625,16.2,1.6393284138581876,1.1628372738157493,18.45946945051676,-2.259469450516761
2026-06-16,7511.35009765625,16.41,-0.5700396039273414,1.2320896368738419,19.558816632648377,-3.1488166326483764
2026-06-17,7420.10009765625,18.44,-1.2222675603359434,1.146121458853312,18.19411411440247,0.24588588559753077
2026-06-18,7500.580078125,16.4,1.0787813962926052,1.1678139302344228,18.5384714219833,-2.1384714219833008
2026-06-22,7472.7900390625,17.28,-0.37119326849772705,1.1349444709463972,18.01668493195163,-0.7366849319516291
2026-06-23,7365.4599609375,19.49,-1.4466928386097422,1.046600457553324,16.614267196395048,2.8757328036049508
2026-06-24,7358.22021484375,18.63,-0.09834153677328317,1.1388195953377165,18.07820062458486,0.5517993754151398
2026-06-25,7357.490234375,18.89,-0.009921104004639858,1.0362613464421282,16.450138895728912,2.4398611042710883
2026-06-26,7354.02001953125,18.41,-0.04717686829192047,0.9452687919194521,15.005676873175993,3.404323126824007
2026-06-29,7440.43017578125,17.65,1.1681561359345949,0.8673483699965191,13.768728522408157,3.8812714775918415
2026-06-30,7499.35986328125,16.45,0.7888998838147643,0.9141562871326891,14.511781171195505,1.9382188288044944
2026-07-01,7483.22998046875,16.59,-0.21531509855510222,0.8876492224665068,14.090994564637349,2.499005435362651
2026-07-02,7483.240234375,16.15,0.00013702504482182576,0.8249528508117099,13.09572051960932,3.0542794803906794
2026-07-06,7537.43017578125,15.57,0.7215413830444106,0.7630642326434883,12.11326916365803,3.45673083634197
2026-07-07,7503.85009765625,16.13,-0.44650632531855194,0.7565428609575385,12.009745597529784,4.120254402470215
2026-07-08,7482.7099609375,16.9,-0.28212145626138607,0.7359693036075422,11.68315049953769,5.216849500462308
2026-07-09,7543.64013671875,15.84,0.8109821657157568,0.7022132648411699,11.147289996602831,4.692710003397169
2026-07-10,7575.39013671875,15.03,0.4200010992571279,0.7227316510124907,11.47300927928504,3.5569907207149587
2026-07-13,7515.33984375,17.16,-0.7958609028042574,0.6895935602417687,10.94695839666815,6.213041603331851
2026-07-14,7543.58984375,16.5,0.3751931076882542,0.7393015083789348,11.736047610393578,4.7639523896064215
2026-07-15,7572.39990234375,15.67,0.38118699420550683,0.6999535999698014,11.111418928826893,4.558581071173107
2026-07-16,7533.77001953125,16.73,-0.5114462132766562,0.6676471995404294,10.598570721076161,6.131429278923839
2026-07-17,7457.68994140625,18.77,-1.0149876192112828,0.6735048722006292,10.691558391799225,8.078441608200775
2026-07-20,7443.27978515625,18.65,-0.19341238867802701,0.7752936828222313,12.307405666722081,6.342594333277917
2026-07-21,7509.2001953125,17.05,0.8817378432212308,0.7285196011159362,11.564890138732444,5.485109861267556
2026-07-22,7498.9599609375,16.64,-0.13646224263990092,0.7551146533167831,11.987073504101776,4.652926495898225
2026-07-23,7408.2998046875,18.7,-1.2163372131276162,0.7083060237638293,11.244009546048591,7.455990453951408
2026-07-24,7411.97998046875,18.58,0.04966405371877869,0.8480771029390118,13.462806641908502,5.117193358091496
2026-07-27,7413.18017578125,18.67,0.016191330177584007,0.7822849422696617,12.418388469816271,6.25161153018373
2026-07-28,7428.77978515625,18.21,0.2102096375459439,0.7264043686907401,11.53131186495943,6.67868813504057
2026-07-29,7316.14990234375,20.66,-1.527739715707277,0.6806076305324835,10.804311184811297,9.855688815188703
2026-07-30,7437.6298828125,17.09,1.6468013977055662,0.9161558372895343,14.543523045889579,2.546476954110421
2026-07-31,7489.72021484375,15.99,0.6979208383379287,1.0566057509658897,16.773096305378335,-0.7830963053783346
2026-08-03,7600.5,15.86,1.4682592263996597,0.9948656512222173,15.793002606325855,0.06699739367414459
2026-08-04,7736.52001953125,16.5,1.7737942015186192,1.0711605111175202,17.00414595989878,-0.5041459598987785
2026-08-05,7723.5498046875,15.81,-0.16778990048802456,1.195419810315663,18.9767011824915,-3.166701182491499
2026-08-06,7709.9599609375,15.15,-0.17610831844070418,1.0877539450302616,17.26755855707697,-2.11755855707697
2026-08-07,7757.64013671875,14.9,0.6165187424711505,0.9947496130782507,15.791160557896657,-0.8911605578966562
2026-08-10,7753.10986328125,15.46,-0.05841462941909015,0.9347372934613165,14.838494518057471,0.6215054819425294
2026-08-11,7728.2001953125,15.28,-0.32180337931322356,0.8585626916058173,13.62926020168341,1.6507397983165895
2026-08-12,7748.5,14.55,0.26232744800278596,0.8079033794097584,12.82506855172129,1.72493144827871
2026-08-13,7798.990234375,14.63,0.6494991938586381,0.7515572250151747,11.930601080543784,2.6993989194562165
2026-08-14,7785.759765625,14.25,-0.16978741305937461,0.7375711248762091,11.708578623867691,2.541421376132309
2026-08-17,7745.06005859375,15.19,-0.5241165715608176,0.6953885837359534,11.038951542712486,4.151048457287514
2026-08-18,7691.759765625,15.84,-0.69056328168422,0.6971560329680683,11.067008929451134,4.772991070548866
2026-08-19,7707.97998046875,14.89,0.21065577872612096,0.7252735860629309,11.5133612472391,3.3766387527609005
2026-08-20,7641.16015625,16.01,-0.8706708745808811,0.6796677976320176,10.78939180003976,5.220608199960241
2026-08-21,7674.3701171875,15.13,0.4336776121309782,0.7473637478463018,11.864031694238994,3.2659683057610067
